customer_id,customer_name,centre_id,centre_name,booking_date,arrival_time,hour_of_day,day_of_week,peak_hour,token_number,tokens_ahead,queue_length,active_counters,crop,quantity_kg,quality_grade,staff_experience_years,estimated_time_min,actual_wait_time_min,processing_time_min,service_start_time,service_end_time,total_time_at_centre_min
FARM101861,Farmer_1861,PC004,Tumakuru Main,2026-01-03,14:04:00,14,5,0,5,2,4,2,Groundnut,451.1,A,7,12.1,13.1,13.7,14:17:06,14:30:48,26.8
FARM100354,Farmer_0354,PC003,Hassan Market,2026-02-10,10:17:00,10,1,1,36,33,34,3,Maize,311.2,C,10,137.1,130.2,12.5,12:27:12,12:39:42,142.7
FARM101334,Farmer_1334,PC002,Mandya North,2026-03-01,16:57:00,16,6,0,32,28,32,3,Maize,406.8,A,8,131.8,121.5,12.1,18:58:30,19:10:36,133.6
FARM100906,Farmer_0906,PC004,Tumakuru Main,2026-02-02,11:53:00,11,0,1,8,3,8,3,Ragi,309.3,C,2,23.4,24.6,13.6,12:17:36,12:31:12,38.2
FARM101290,Farmer_1290,PC002,Mandya North,2026-01-01,14:24:00,14,3,0,25,21,28,2,Groundnut,433.0,B,5,163.0,180.0,15.7,17:24:00,17:39:42,195.7
FARM101274,Farmer_1274,PC003,Hassan Market,2026-03-09,15:25:00,15,0,0,31,28,35,3,Cotton,242.8,A,6,101.9,94.4,11.2,16:59:24,17:10:36,105.6
FARM100939,Farmer_0939,PC002,Mandya North,2026-02-02,10:37:00,10,0,1,6,4,9,2,Groundnut,433.8,C,6,39.2,43.2,16.0,11:20:12,11:36:12,59.2
FARM101732,Farmer_1732,PC001,Mysuru Central,2026-04-11,13:43:00,13,5,1,40,38,44,4,Wheat,322.2,C,7,98.3,108.3,10.8,15:31:18,15:42:06,119.1
FARM100066,Farmer_0066,PC003,Hassan Market,2026-02-10,10:44:00,10,1,1,16,15,22,4,Tur Dal,154.6,B,5,37.6,41.7,11.4,11:25:42,11:37:06,53.1
FARM101324,Farmer_1324,PC004,Tumakuru Main,2026-02-07,08:58:00,8,5,0,45,42,43,4,Maize,240.7,C,2,164.1,162.0,14.7,11:40:00,11:54:42,176.7
FARM100057,Farmer_0057,PC002,Mandya North,2026-03-23,12:01:00,12,0,1,36,34,39,2,Sugarcane,429.9,C,3,176.3,180.0,16.2,15:01:00,15:17:12,196.2
FARM101293,Farmer_1293,PC004,Tumakuru Main,2026-02-04,08:14:00,8,2,0,22,19,22,2,Tur Dal,207.1,A,4,126.7,120.9,12.2,10:14:54,10:27:06,133.1
FARM101119,Farmer_1119,PC001,Mysuru Central,2026-02-23,09:36:00,9,0,0,5,3,6,4,Maize,210.1,B,5,12.0,12.7,11.9,09:48:42,10:00:36,24.6
FARM100585,Farmer_0585,PC005,Bengaluru Rural,2026-01-30,16:02:00,16,4,0,14,12,14,5,Cotton,222.3,C,7,31.6,32.6,14.2,16:34:36,16:48:48,46.8
FARM100375,Farmer_0375,PC005,Bengaluru Rural,2026-01-25,16:33:00,16,6,0,19,14,15,4,Rice,206.5,C,3,42.1,46.1,13.6,17:19:06,17:32:42,59.7
FARM100276,Farmer_0276,PC003,Hassan Market,2026-04-02,10:48:00,10,3,1,24,22,24,5,Wheat,305.9,C,1,62.7,69.3,14.8,11:57:18,12:12:06,84.1
FARM100747,Farmer_0747,PC002,Mandya North,2026-01-01,16:38:00,16,3,0,23,21,23,1,Rice,288.7,B,8,173.5,180.0,9.8,19:38:00,19:47:48,189.8
FARM100129,Farmer_0129,PC004,Tumakuru Main,2026-03-18,13:03:00,13,2,1,30,27,34,4,Rice,246.3,B,3,84.6,82.3,10.8,14:25:18,14:36:06,93.1
FARM101647,Farmer_1647,PC001,Mysuru Central,2026-02-26,16:59:00,16,3,0,14,10,11,3,Cotton,362.0,C,9,56.4,51.3,16.0,17:50:18,18:06:18,67.3
FARM101853,Farmer_1853,PC004,Tumakuru Main,2026-01-16,11:05:00,11,4,1,43,38,44,3,Groundnut,224.2,B,7,175.0,164.6,11.5,13:49:36,14:01:06,176.1
FARM100675,Farmer_0675,PC001,Mysuru Central,2026-02-15,08:16:00,8,6,0,47,44,47,2,Sugarcane,110.1,C,7,163.1,180.0,16.9,11:16:00,11:32:54,196.9
FARM101665,Farmer_1665,PC004,Tumakuru Main,2026-01-10,10:44:00,10,5,1,35,34,37,3,Cotton,268.0,A,9,158.6,151.0,12.2,13:15:00,13:27:12,163.2
FARM101982,Farmer_1982,PC002,Mandya North,2026-04-19,14:14:00,14,6,0,4,2,7,3,Rice,232.8,C,3,7.3,7.2,11.6,14:21:12,14:32:48,18.8
FARM101084,Farmer_1084,PC003,Hassan Market,2026-03-06,16:14:00,16,4,0,15,13,17,3,Cotton,211.2,A,7,56.5,53.7,13.2,17:07:42,17:20:54,66.9
FARM101923,Farmer_1923,PC002,Mandya North,2026-03-16,11:15:00,11,0,1,42,37,44,1,Wheat,270.9,A,10,171.3,180.0,8.3,14:15:00,14:23:18,188.3
FARM100100,Farmer_0100,PC005,Bengaluru Rural,2026-01-27,16:16:00,16,1,0,7,6,10,5,Tur Dal,404.7,A,2,15.6,14.8,14.0,16:30:48,16:44:48,28.8
FARM101180,Farmer_1180,PC002,Mandya North,2026-04-21,13:45:00,13,1,1,38,35,37,3,Rice,354.0,B,8,159.4,146.1,11.1,16:11:06,16:22:12,157.2
FARM100965,Farmer_0965,PC005,Bengaluru Rural,2026-04-19,09:52:00,9,6,0,28,24,30,4,Maize,377.7,A,2,78.6,73.0,13.2,11:05:00,11:18:12,86.2
FARM100793,Farmer_0793,PC002,Mandya North,2026-02-17,16:36:00,16,1,0,20,19,26,1,Tur Dal,394.2,A,3,179.6,180.0,11.4,19:36:00,19:47:24,191.4
FARM100030,Farmer_0030,PC001,Mysuru Central,2026-03-11,08:31:00,8,2,0,44,43,45,3,Wheat,151.1,A,9,132.6,130.3,9.3,10:41:18,10:50:36,139.6
FARM100629,Farmer_0629,PC002,Mandya North,2026-03-17,11:54:00,11,1,1,32,31,34,2,Maize,219.9,C,4,184.0,180.0,14.7,14:54:00,15:08:42,194.7
FARM100945,Farmer_0945,PC004,Tumakuru Main,2026-02-05,13:10:00,13,3,1,19,17,24,3,Cotton,252.5,C,9,86.4,93.4,14.6,14:43:24,14:58:00,108.0
FARM100573,Farmer_0573,PC002,Mandya North,2026-02-02,10:00:00,10,0,1,4,0,5,2,Cotton,309.2,A,10,5.6,5.2,14.2,10:05:12,10:19:24,19.4
FARM100908,Farmer_0908,PC005,Bengaluru Rural,2026-01-28,14:48:00,14,2,0,32,30,35,5,Groundnut,499.9,C,1,81.2,88.5,16.8,16:16:30,16:33:18,105.3
FARM101081,Farmer_1081,PC005,Bengaluru Rural,2026-03-30,11:04:00,11,0,1,8,7,14,5,Ragi,193.4,C,4,17.7,18.8,11.0,11:22:48,11:33:48,29.8
FARM100451,Farmer_0451,PC004,Tumakuru Main,2026-01-09,16:27:00,16,4,0,42,39,40,3,Wheat,313.5,C,4,127.5,138.5,10.2,18:45:30,18:55:42,148.7
FARM101610,Farmer_1610,PC004,Tumakuru Main,2026-01-14,15:40:00,15,2,0,40,36,39,3,Groundnut,176.9,A,6,132.1,129.3,10.1,17:49:18,17:59:24,139.4
FARM101291,Farmer_1291,PC001,Mysuru Central,2026-03-04,15:03:00,15,2,0,39,34,36,3,Rice,310.7,A,2,132.8,133.2,11.9,17:16:12,17:28:06,145.1
FARM101079,Farmer_1079,PC002,Mandya North,2026-03-10,14:57:00,14,1,0,17,16,21,2,Ragi,326.4,C,9,126.3,117.4,13.4,16:54:24,17:07:48,130.8
FARM100255,Farmer_0255,PC004,Tumakuru Main,2026-01-11,16:14:00,16,6,0,35,30,34,2,Wheat,134.6,C,2,159.4,146.0,9.1,18:40:00,18:49:06,155.1
FARM100125,Farmer_0125,PC004,Tumakuru Main,2026-04-23,15:58:00,15,3,0,2,1,6,3,Cotton,257.6,A,10,5.6,6.0,11.5,16:04:00,16:15:30,17.5
FARM101928,Farmer_1928,PC004,Tumakuru Main,2026-01-07,12:27:00,12,2,1,15,10,11,4,Groundnut,393.8,C,3,41.5,40.5,12.9,13:07:30,13:20:24,53.4
FARM100252,Farmer_0252,PC005,Bengaluru Rural,2026-02-21,16:28:00,16,5,0,20,17,21,5,Sugarcane,400.6,B,1,61.6,59.5,19.5,17:27:30,17:47:00,79.0
FARM100586,Farmer_0586,PC002,Mandya North,2026-01-11,13:53:00,13,6,1,23,21,24,3,Tur Dal,264.0,B,4,98.8,101.1,13.1,15:34:06,15:47:12,114.2
FARM101569,Farmer_1569,PC001,Mysuru Central,2026-03-30,12:59:00,12,0,1,34,29,32,3,Maize,291.7,A,6,113.5,104.5,9.9,14:43:30,14:53:24,114.4
FARM100825,Farmer_0825,PC003,Hassan Market,2026-04-13,10:14:00,10,0,1,16,11,14,4,Wheat,518.7,A,9,41.5,39.9,12.6,10:53:54,11:06:30,52.5
FARM100508,Farmer_0508,PC005,Bengaluru Rural,2026-01-15,09:12:00,9,3,0,11,8,10,5,Sugarcane,243.0,B,2,28.5,27.3,17.0,09:39:18,09:56:18,44.3
FARM100890,Farmer_0890,PC005,Bengaluru Rural,2026-03-05,09:11:00,9,3,0,16,14,19,4,Groundnut,188.7,C,4,43.6,39.7,12.4,09:50:42,10:03:06,52.1
FARM100071,Farmer_0071,PC003,Hassan Market,2026-04-30,13:35:00,13,3,1,20,17,18,3,Cotton,284.9,C,5,75.3,72.9,14.0,14:47:54,15:01:54,86.9
FARM101609,Farmer_1609,PC002,Mandya North,2026-01-02,14:35:00,14,4,0,33,31,32,2,Rice,244.7,A,9,129.3,142.6,8.4,16:57:36,17:06:00,151.0
FARM101533,Farmer_1533,PC001,Mysuru Central,2026-03-18,12:55:00,12,2,1,28,25,28,3,Cotton,312.0,B,3,109.2,112.2,12.8,14:47:12,15:00:00,125.0
FARM100248,Farmer_0248,PC002,Mandya North,2026-02-02,16:27:00,16,0,0,35,30,31,3,Ragi,354.3,C,5,137.5,140.0,13.0,18:47:00,19:00:00,153.0
FARM101451,Farmer_1451,PC001,Mysuru Central,2026-01-04,14:44:00,14,6,0,14,11,13,3,Ragi,356.4,B,1,45.3,45.9,14.0,15:29:54,15:43:54,59.9
FARM100213,Farmer_0213,PC002,Mandya North,2026-03-20,13:43:00,13,4,1,9,8,11,2,Maize,184.7,C,8,57.3,56.3,12.2,14:39:18,14:51:30,68.5
FARM100910,Farmer_0910,PC003,Hassan Market,2026-02-04,16:37:00,16,2,0,38,34,38,3,Rice,394.9,A,9,111.3,107.1,9.9,18:24:06,18:34:00,117.0
FARM101742,Farmer_1742,PC005,Bengaluru Rural,2026-02-17,08:02:00,8,1,0,22,19,24,4,Groundnut,281.6,B,8,59.7,54.6,13.2,08:56:36,09:09:48,67.8
FARM101245,Farmer_1245,PC002,Mandya North,2026-04-16,15:18:00,15,3,0,39,37,44,2,Sugarcane,422.6,B,1,192.9,180.0,18.7,18:18:00,18:36:42,198.7
FARM101697,Farmer_1697,PC004,Tumakuru Main,2026-03-24,10:15:00,10,1,1,20,19,26,3,Rice,250.4,A,4,64.9,66.1,9.3,11:21:06,11:30:24,75.4
FARM101183,Farmer_1183,PC001,Mysuru Central,2026-01-22,09:08:00,9,3,0,6,5,12,2,Maize,92.5,C,10,29.9,28.8,10.6,09:36:48,09:47:24,39.4
FARM100362,Farmer_0362,PC004,Tumakuru Main,2026-01-31,10:42:00,10,5,1,41,36,41,2,Cotton,401.8,B,10,179.4,180.0,14.9,13:42:00,13:56:54,194.9
FARM101474,Farmer_1474,PC004,Tumakuru Main,2026-03-16,12:14:00,12,0,1,14,9,13,3,Groundnut,175.0,C,5,62.3,57.9,14.7,13:11:54,13:26:36,72.6
FARM100679,Farmer_0679,PC004,Tumakuru Main,2026-01-13,08:16:00,8,1,0,9,5,6,3,Tur Dal,193.2,A,1,22.4,21.2,10.3,08:37:12,08:47:30,31.5
FARM101622,Farmer_1622,PC003,Hassan Market,2026-01-29,10:55:00,10,3,1,29,25,32,4,Cotton,215.5,C,2,75.7,80.9,14.7,12:15:54,12:30:36,95.6
FARM101090,Farmer_1090,PC005,Bengaluru Rural,2026-01-01,09:55:00,9,3,0,38,34,39,5,Sugarcane,259.6,A,4,95.4,102.4,17.1,11:37:24,11:54:30,119.5
FARM101988,Farmer_1988,PC005,Bengaluru Rural,2026-01-30,11:36:00,11,4,1,34,31,33,5,Tur Dal,332.0,A,1,74.3,72.8,11.4,12:48:48,13:00:12,84.2
FARM101848,Farmer_1848,PC004,Tumakuru Main,2026-02-26,09:21:00,9,3,0,22,17,21,3,Wheat,402.3,C,4,81.7,81.6,13.1,10:42:36,10:55:42,94.7
FARM100988,Farmer_0988,PC004,Tumakuru Main,2026-04-07,08:21:00,8,1,0,32,31,37,3,Groundnut,253.2,A,1,146.9,146.5,13.2,10:47:30,11:00:42,159.7
FARM101513,Farmer_1513,PC005,Bengaluru Rural,2026-04-09,11:12:00,11,3,1,21,19,26,5,Sugarcane,475.7,B,8,61.8,61.8,17.5,12:13:48,12:31:18,79.3
FARM100112,Farmer_0112,PC002,Mandya North,2026-04-27,13:23:00,13,0,1,24,21,27,2,Sugarcane,200.2,B,4,176.0,180.0,16.6,16:23:00,16:39:36,196.6
FARM101488,Farmer_1488,PC002,Mandya North,2026-04-24,08:19:00,8,4,0,20,19,23,2,Groundnut,242.3,B,3,145.6,133.8,12.9,10:32:48,10:45:42,146.7
FARM101454,Farmer_1454,PC002,Mandya North,2026-04-23,14:21:00,14,3,0,43,41,46,3,Rice,189.6,B,8,137.0,147.9,10.0,16:48:54,16:58:54,157.9
FARM100384,Farmer_0384,PC001,Mysuru Central,2026-04-07,16:48:00,16,1,0,41,38,39,2,Maize,482.1,A,6,173.3,180.0,15.8,19:48:00,20:03:48,195.8
FARM101396,Farmer_1396,PC001,Mysuru Central,2026-03-14,12:35:00,12,5,1,23,20,25,2,Groundnut,287.7,A,9,110.7,119.3,11.5,14:34:18,14:45:48,130.8
FARM101055,Farmer_1055,PC004,Tumakuru Main,2026-04-01,13:51:00,13,2,1,14,11,17,3,Maize,181.0,B,3,45.1,49.5,11.8,14:40:30,14:52:18,61.3
FARM100756,Farmer_0756,PC004,Tumakuru Main,2026-04-01,12:45:00,12,2,1,19,15,18,2,Groundnut,301.3,B,1,116.6,112.2,13.4,14:37:12,14:50:36,125.6
FARM100325,Farmer_0325,PC002,Mandya North,2026-01-31,15:52:00,15,5,0,38,35,39,2,Cotton,314.6,A,8,172.0,180.0,11.1,18:52:00,19:03:06,191.1
FARM101624,Farmer_1624,PC005,Bengaluru Rural,2026-03-28,16:51:00,16,5,0,10,8,11,6,Maize,140.2,C,4,18.5,18.3,13.6,17:09:18,17:22:54,31.9
FARM100788,Farmer_0788,PC002,Mandya North,2026-02-07,15:54:00,15,5,0,18,17,21,2,Tur Dal,512.1,C,5,137.5,134.3,14.2,18:08:18,18:22:30,148.5
FARM100369,Farmer_0369,PC003,Hassan Market,2026-03-05,08:50:00,8,3,0,36,31,35,3,Groundnut,133.5,A,6,112.3,108.3,11.3,10:38:18,10:49:36,119.6
FARM101820,Farmer_1820,PC001,Mysuru Central,2026-04-10,13:23:00,13,4,1,42,40,46,3,Rice,96.5,B,9,92.3,92.2,6.8,14:55:12,15:02:00,99.0
FARM100070,Farmer_0070,PC004,Tumakuru Main,2026-04-10,10:07:00,10,4,1,42,40,41,2,Cotton,281.3,C,2,162.6,180.0,14.5,13:07:00,13:21:30,194.5
FARM100858,Farmer_0858,PC003,Hassan Market,2026-02-12,08:47:00,8,3,0,44,40,41,4,Wheat,343.7,B,6,115.2,108.8,11.7,10:35:48,10:47:30,120.5
FARM101484,Farmer_1484,PC004,Tumakuru Main,2026-03-07,14:29:00,14,5,0,38,33,34,3,Maize,277.6,C,4,146.1,139.8,12.3,16:48:48,17:01:06,152.1
FARM101556,Farmer_1556,PC001,Mysuru Central,2026-01-28,14:14:00,14,2,0,44,39,43,2,Ragi,241.3,C,1,194.0,180.0,14.5,17:14:00,17:28:30,194.5
FARM101692,Farmer_1692,PC002,Mandya North,2026-04-18,09:36:00,9,5,0,15,12,19,2,Maize,112.9,B,2,58.1,60.5,9.2,10:36:30,10:45:42,69.7
FARM101475,Farmer_1475,PC003,Hassan Market,2026-02-05,11:17:00,11,3,1,17,12,17,4,Sugarcane,176.9,A,7,41.8,45.8,16.2,12:02:48,12:19:00,62.0
FARM101799,Farmer_1799,PC005,Bengaluru Rural,2026-02-02,15:47:00,15,0,0,47,45,50,6,Cotton,368.4,B,3,127.8,120.7,18.2,17:47:42,18:05:54,138.9
FARM100479,Farmer_0479,PC005,Bengaluru Rural,2026-03-04,15:20:00,15,2,0,23,19,20,6,Ragi,306.0,C,3,32.5,31.9,10.9,15:51:54,16:02:48,42.8
FARM100282,Farmer_0282,PC005,Bengaluru Rural,2026-01-15,16:30:00,16,3,0,26,25,26,5,Maize,349.0,C,1,56.3,61.5,13.6,17:31:30,17:45:06,75.1
FARM101648,Farmer_1648,PC005,Bengaluru Rural,2026-04-03,09:18:00,9,4,0,2,0,2,5,Ragi,418.7,C,1,3.0,2.8,16.8,09:20:48,09:37:36,19.6
FARM101557,Farmer_1557,PC003,Hassan Market,2026-04-10,11:11:00,11,4,1,46,43,48,4,Maize,313.4,C,6,142.3,150.4,14.6,13:41:24,13:56:00,165.0
FARM101730,Farmer_1730,PC005,Bengaluru Rural,2026-01-29,10:20:00,10,3,1,5,0,4,5,Groundnut,159.4,A,4,9.0,8.6,10.6,10:28:36,10:39:12,19.2
FARM100211,Farmer_0211,PC001,Mysuru Central,2026-03-25,15:37:00,15,2,0,15,12,14,3,Rice,366.9,C,9,43.1,43.6,12.1,16:20:36,16:32:42,55.7
FARM100298,Farmer_0298,PC005,Bengaluru Rural,2026-03-31,08:09:00,8,1,0,30,25,28,6,Maize,298.2,B,1,41.0,38.1,10.0,08:47:06,08:57:06,48.1
FARM101885,Farmer_1885,PC001,Mysuru Central,2026-04-29,09:01:00,9,2,0,19,18,20,3,Maize,243.1,A,10,66.3,72.9,11.3,10:13:54,10:25:12,84.2
FARM101834,Farmer_1834,PC001,Mysuru Central,2026-02-15,09:52:00,9,6,0,14,10,17,4,Maize,209.9,B,5,27.0,29.6,11.6,10:21:36,10:33:12,41.2
FARM100652,Farmer_0652,PC002,Mandya North,2026-01-31,11:43:00,11,5,1,46,44,51,2,Cotton,46.4,A,2,181.8,180.0,11.5,14:43:00,14:54:30,191.5
FARM101234,Farmer_1234,PC004,Tumakuru Main,2026-04-30,13:40:00,13,3,1,22,19,22,4,Ragi,432.7,C,8,65.6,67.3,13.6,14:47:18,15:00:54,80.9
FARM101503,Farmer_1503,PC005,Bengaluru Rural,2026-01-04,09:34:00,9,6,0,31,26,33,6,Sugarcane,410.5,A,9,74.9,78.2,19.1,10:52:12,11:11:18,97.3
FARM101932,Farmer_1932,PC004,Tumakuru Main,2026-03-30,12:01:00,12,0,1,42,40,47,3,Wheat,188.1,B,7,131.9,142.8,9.6,14:23:48,14:33:24,152.4
FARM100917,Farmer_0917,PC002,Mandya North,2026-03-29,11:45:00,11,6,1,16,15,20,3,Maize,393.1,C,7,67.4,71.8,11.8,12:56:48,13:08:36,83.6
FARM100994,Farmer_0994,PC001,Mysuru Central,2026-04-12,11:58:00,11,6,1,5,0,7,3,Tur Dal,246.7,B,4,1.0,1.0,11.6,11:59:00,12:10:36,12.6
FARM100430,Farmer_0430,PC001,Mysuru Central,2026-01-03,10:34:00,10,5,1,2,1,5,3,Cotton,282.7,C,1,13.4,14.2,15.9,10:48:12,11:04:06,30.1
FARM101371,Farmer_1371,PC001,Mysuru Central,2026-01-12,11:28:00,11,0,1,25,23,29,2,Sugarcane,361.2,B,4,185.3,171.6,14.6,14:19:36,14:34:12,186.2
FARM100240,Farmer_0240,PC005,Bengaluru Rural,2026-03-12,10:01:00,10,3,1,5,3,10,5,Tur Dal,303.2,A,7,12.6,13.9,11.9,10:14:54,10:26:48,25.8
FARM100880,Farmer_0880,PC003,Hassan Market,2026-04-10,15:57:00,15,4,0,10,8,13,4,Wheat,191.0,B,1,8.7,9.2,8.5,16:06:12,16:14:42,17.7
FARM100621,Farmer_0621,PC001,Mysuru Central,2026-01-01,11:06:00,11,3,1,42,40,41,4,Tur Dal,200.9,C,5,109.9,115.4,11.4,13:01:24,13:12:48,126.8
FARM100257,Farmer_0257,PC001,Mysuru Central,2026-04-06,13:58:00,13,0,1,44,41,43,2,Sugarcane,288.6,B,10,185.4,180.0,16.6,16:58:00,17:14:36,196.6
FARM100612,Farmer_0612,PC004,Tumakuru Main,2026-03-15,10:23:00,10,6,1,26,24,30,3,Groundnut,166.3,C,3,111.1,104.9,12.0,12:07:54,12:19:54,116.9
FARM100545,Farmer_0545,PC002,Mandya North,2026-04-07,16:38:00,16,1,0,38,35,36,2,Ragi,421.6,C,10,192.6,180.0,12.8,19:38:00,19:50:48,192.8
FARM100772,Farmer_0772,PC004,Tumakuru Main,2026-01-09,11:40:00,11,4,1,21,20,21,3,Ragi,436.2,C,10,109.0,99.8,13.5,13:19:48,13:33:18,113.3
FARM101420,Farmer_1420,PC001,Mysuru Central,2026-01-12,08:17:00,8,0,0,39,34,38,4,Wheat,377.7,C,10,109.4,112.1,13.2,10:09:06,10:22:18,125.3
FARM101042,Farmer_1042,PC002,Mandya North,2026-03-11,14:22:00,14,2,0,28,23,26,2,Wheat,396.1,A,5,126.0,125.8,10.0,16:27:48,16:37:48,135.8
FARM101790,Farmer_1790,PC005,Bengaluru Rural,2026-03-10,10:52:00,10,1,1,22,21,25,4,Wheat,330.6,A,6,60.4,57.0,10.7,11:49:00,11:59:42,67.7
FARM100760,Farmer_0760,PC003,Hassan Market,2026-03-10,16:08:00,16,1,0,13,11,17,4,Sugarcane,464.1,A,7,42.9,44.4,17.7,16:52:24,17:10:06,62.1
FARM100383,Farmer_0383,PC004,Tumakuru Main,2026-03-03,10:18:00,10,1,1,32,29,32,2,Cotton,612.6,B,4,173.1,180.0,18.6,13:18:00,13:36:36,198.6
FARM101104,Farmer_1104,PC004,Tumakuru Main,2026-03-09,09:06:00,9,0,0,8,4,5,3,Maize,260.5,B,6,17.1,17.7,11.6,09:23:42,09:35:18,29.3
FARM100974,Farmer_0974,PC003,Hassan Market,2026-02-26,12:03:00,12,3,1,17,13,16,4,Rice,303.9,C,6,42.4,38.8,11.9,12:41:48,12:53:42,50.7
FARM100353,Farmer_0353,PC005,Bengaluru Rural,2026-01-22,14:23:00,14,3,0,19,18,25,5,Cotton,365.3,B,1,45.8,47.0,15.6,15:10:00,15:25:36,62.6
FARM101606,Farmer_1606,PC001,Mysuru Central,2026-03-16,08:09:00,8,0,0,1,0,3,3,Maize,183.5,C,5,1.2,1.3,9.1,08:10:18,08:19:24,10.4
FARM101826,Farmer_1826,PC001,Mysuru Central,2026-03-14,09:24:00,9,5,0,48,44,47,2,Ragi,210.9,B,10,184.0,180.0,10.2,12:24:00,12:34:12,190.2
FARM101037,Farmer_1037,PC004,Tumakuru Main,2026-01-31,12:51:00,12,5,1,31,30,35,3,Wheat,334.9,A,6,95.8,104.7,9.0,14:35:42,14:44:42,113.7
FARM101108,Farmer_1108,PC004,Tumakuru Main,2026-02-25,08:52:00,8,2,0,16,12,13,4,Wheat,104.3,C,10,22.0,21.4,6.9,09:13:24,09:20:18,28.3
FARM100495,Farmer_0495,PC001,Mysuru Central,2026-01-12,16:06:00,16,0,0,38,33,36,3,Maize,366.1,A,7,118.1,123.1,10.7,18:09:06,18:19:48,133.8
FARM100394,Farmer_0394,PC002,Mandya North,2026-03-26,16:12:00,16,3,0,12,11,17,1,Sugarcane,291.1,A,1,189.7,180.0,16.9,19:12:00,19:28:54,196.9
FARM101547,Farmer_1547,PC001,Mysuru Central,2026-03-17,14:39:00,14,1,0,21,17,23,3,Cotton,276.8,C,2,89.9,91.8,16.0,16:10:48,16:26:48,107.8
FARM100465,Farmer_0465,PC003,Hassan Market,2026-01-18,12:59:00,12,6,1,41,37,39,3,Cotton,315.7,B,6,181.1,174.2,14.4,15:53:12,16:07:36,188.6
FARM100887,Farmer_0887,PC003,Hassan Market,2026-03-24,09:18:00,9,1,0,9,4,10,5,Wheat,279.0,B,8,3.6,3.7,11.5,09:21:42,09:33:12,15.2
FARM101194,Farmer_1194,PC002,Mandya North,2026-02-14,16:25:00,16,5,0,9,4,6,2,Sugarcane,414.7,B,7,43.5,41.0,17.3,17:06:00,17:23:18,58.3
FARM100367,Farmer_0367,PC004,Tumakuru Main,2026-04-28,14:01:00,14,1,0,22,21,26,3,Ragi,169.0,C,6,84.7,79.5,10.7,15:20:30,15:31:12,90.2
FARM101894,Farmer_1894,PC002,Mandya North,2026-03-21,16:10:00,16,5,0,29,24,30,2,Rice,215.0,A,3,122.6,129.2,9.9,18:19:12,18:29:06,139.1
FARM101874,Farmer_1874,PC003,Hassan Market,2026-02-01,15:16:00,15,6,0,26,22,26,4,Sugarcane,40.0,A,3,61.3,61.1,12.1,16:17:06,16:29:12,73.2
FARM100745,Farmer_0745,PC005,Bengaluru Rural,2026-01-20,10:09:00,10,1,1,9,8,15,5,Sugarcane,97.0,B,7,24.2,22.3,13.6,10:31:18,10:44:54,35.9
FARM100530,Farmer_0530,PC001,Mysuru Central,2026-01-16,14:10:00,14,4,0,17,15,20,4,Rice,444.8,B,3,54.7,52.3,13.5,15:02:18,15:15:48,65.8
FARM100803,Farmer_0803,PC003,Hassan Market,2026-04-24,10:59:00,10,4,1,21,20,27,4,Rice,40.0,A,2,49.7,46.3,9.6,11:45:18,11:54:54,55.9
FARM101224,Farmer_1224,PC004,Tumakuru Main,2026-02-20,14:58:00,14,4,0,45,43,47,2,Ragi,40.0,B,8,157.1,148.8,6.6,17:26:48,17:33:24,155.4
FARM101979,Farmer_1979,PC003,Hassan Market,2026-04-07,08:26:00,8,1,0,23,21,24,4,Tur Dal,332.0,B,7,64.5,61.6,12.6,09:27:36,09:40:12,74.2
FARM101906,Farmer_1906,PC004,Tumakuru Main,2026-03-18,10:37:00,10,2,1,21,17,20,3,Wheat,489.6,A,5,74.8,81.0,11.9,11:58:00,12:09:54,92.9
FARM101700,Farmer_1700,PC005,Bengaluru Rural,2026-04-14,14:36:00,14,1,0,9,7,9,5,Cotton,412.9,A,7,15.0,15.3,15.1,14:51:18,15:06:24,30.4
FARM101545,Farmer_1545,PC002,Mandya North,2026-01-01,14:22:00,14,3,0,16,11,12,2,Ragi,347.1,C,7,70.2,75.1,12.9,15:37:06,15:50:00,88.0
FARM101314,Farmer_1314,PC004,Tumakuru Main,2026-02-17,15:30:00,15,1,0,19,14,18,3,Groundnut,282.3,A,3,81.2,77.0,16.1,16:47:00,17:03:06,93.1
FARM100307,Farmer_0307,PC002,Mandya North,2026-02-06,11:53:00,11,4,1,35,33,35,2,Cotton,124.6,C,2,193.1,180.0,12.2,14:53:00,15:05:12,192.2
FARM101667,Farmer_1667,PC003,Hassan Market,2026-01-20,15:16:00,15,1,0,38,33,38,4,Wheat,300.7,B,3,64.2,66.7,9.0,16:22:42,16:31:42,75.7
FARM100863,Farmer_0863,PC005,Bengaluru Rural,2026-01-14,12:42:00,12,2,1,18,16,22,6,Rice,279.6,A,5,35.8,33.6,10.1,13:15:36,13:25:42,43.7
FARM101567,Farmer_1567,PC004,Tumakuru Main,2026-02-27,11:19:00,11,4,1,20,19,21,3,Tur Dal,324.8,B,4,86.3,80.4,12.0,12:39:24,12:51:24,92.4
FARM100531,Farmer_0531,PC002,Mandya North,2026-02-01,10:19:00,10,6,1,39,38,42,2,Maize,306.7,C,9,184.0,180.0,11.7,13:19:00,13:30:42,191.7
FARM100655,Farmer_0655,PC001,Mysuru Central,2026-04-19,11:58:00,11,6,1,7,5,11,3,Wheat,302.4,C,3,25.0,25.7,12.0,12:23:42,12:35:42,37.7
FARM101260,Farmer_1260,PC004,Tumakuru Main,2026-03-17,08:59:00,8,1,0,13,12,15,4,Groundnut,187.9,A,5,32.2,31.3,10.8,09:30:18,09:41:06,42.1
FARM100234,Farmer_0234,PC005,Bengaluru Rural,2026-03-01,15:10:00,15,6,0,11,7,13,6,Groundnut,243.8,C,4,15.8,15.2,15.1,15:25:12,15:40:18,30.3
FARM100121,Farmer_0121,PC005,Bengaluru Rural,2026-01-15,10:03:00,10,3,1,5,0,2,6,Tur Dal,238.6,A,1,6.8,7.1,11.1,10:10:06,10:21:12,18.2
FARM101698,Farmer_1698,PC001,Mysuru Central,2026-04-21,10:44:00,10,1,1,27,26,30,2,Tur Dal,273.7,B,7,144.7,134.3,10.3,12:58:18,13:08:36,144.6
FARM100950,Farmer_0950,PC002,Mandya North,2026-02-10,09:43:00,9,1,0,9,6,10,2,Sugarcane,155.7,A,2,35.7,38.1,10.1,10:21:06,10:31:12,48.2
FARM100618,Farmer_0618,PC001,Mysuru Central,2026-02-10,14:14:00,14,1,0,37,35,39,3,Rice,143.4,B,8,125.8,120.2,10.6,16:14:12,16:24:48,130.8
FARM101179,Farmer_1179,PC003,Hassan Market,2026-04-01,12:12:00,12,2,1,3,2,3,3,Wheat,73.6,A,6,10.2,9.6,6.7,12:21:36,12:28:18,16.3
FARM100308,Farmer_0308,PC005,Bengaluru Rural,2026-03-19,12:16:00,12,3,1,18,15,20,4,Cotton,400.5,A,8,48.1,48.1,12.5,13:04:06,13:16:36,60.6
FARM100136,Farmer_0136,PC005,Bengaluru Rural,2026-02-13,12:45:00,12,4,1,8,3,4,5,Rice,45.2,B,5,6.4,6.8,9.2,12:51:48,13:01:00,16.0
FARM100555,Farmer_0555,PC003,Hassan Market,2026-04-24,12:32:00,12,4,1,47,42,45,3,Rice,152.4,B,2,107.6,117.5,8.7,14:29:30,14:38:12,126.2
FARM101674,Farmer_1674,PC004,Tumakuru Main,2026-04-01,12:03:00,12,2,1,18,17,18,4,Tur Dal,306.7,A,8,54.6,50.6,10.6,12:53:36,13:04:12,61.2
FARM100584,Farmer_0584,PC004,Tumakuru Main,2026-04-03,12:06:00,12,4,1,33,31,38,2,Rice,325.7,A,8,162.5,165.4,10.0,14:51:24,15:01:24,175.4
FARM101641,Farmer_1641,PC004,Tumakuru Main,2026-04-08,16:24:00,16,2,0,39,35,41,4,Rice,141.2,B,2,108.3,107.0,11.2,18:11:00,18:22:12,118.2
FARM100671,Farmer_0671,PC001,Mysuru Central,2026-04-19,13:50:00,13,6,1,43,42,48,3,Rice,419.3,C,6,144.4,151.0,10.3,16:21:00,16:31:18,161.3
FARM100835,Farmer_0835,PC005,Bengaluru Rural,2026-04-07,10:09:00,10,1,1,26,23,26,5,Rice,172.3,C,1,51.7,54.3,10.8,11:03:18,11:14:06,65.1
FARM100110,Farmer_0110,PC002,Mandya North,2026-01-11,13:54:00,13,6,1,41,37,40,3,Wheat,156.5,A,5,105.5,112.4,8.1,15:46:24,15:54:30,120.5
FARM101165,Farmer_1165,PC005,Bengaluru Rural,2026-01-16,10:26:00,10,4,1,17,13,20,5,Rice,226.4,B,6,30.7,31.4,12.2,10:57:24,11:09:36,43.6
FARM101960,Farmer_1960,PC001,Mysuru Central,2026-03-08,15:27:00,15,6,0,22,21,27,3,Tur Dal,217.0,A,8,81.6,81.6,11.8,16:48:36,17:00:24,93.4
FARM101465,Farmer_1465,PC001,Mysuru Central,2026-01-28,09:10:00,9,2,0,19,14,16,4,Ragi,469.7,C,6,53.0,56.7,14.6,10:06:42,10:21:18,71.3
FARM101729,Farmer_1729,PC003,Hassan Market,2026-02-22,12:51:00,12,6,1,34,32,39,4,Sugarcane,266.9,B,1,126.1,117.7,15.1,14:48:42,15:03:48,132.8
FARM101243,Farmer_1243,PC004,Tumakuru Main,2026-03-26,12:06:00,12,3,1,47,44,49,2,Maize,203.5,B,5,194.2,180.0,9.3,15:06:00,15:15:18,189.3
FARM100212,Farmer_0212,PC004,Tumakuru Main,2026-03-22,14:22:00,14,6,0,50,45,50,3,Wheat,97.4,C,6,124.4,122.3,7.8,16:24:18,16:32:06,130.1
FARM101768,Farmer_1768,PC004,Tumakuru Main,2026-02-02,10:55:00,10,0,1,48,43,50,4,Rice,555.6,A,10,151.2,146.7,12.3,13:21:42,13:34:00,159.0
FARM101121,Farmer_1121,PC005,Bengaluru Rural,2026-02-28,13:43:00,13,5,1,42,40,46,5,Maize,223.8,A,7,79.8,87.3,10.2,15:10:18,15:20:30,97.5
FARM100680,Farmer_0680,PC002,Mandya North,2026-02-07,09:17:00,9,5,0,15,11,15,2,Groundnut,415.7,C,7,90.5,100.2,14.9,10:57:12,11:12:06,115.1
FARM101951,Farmer_1951,PC003,Hassan Market,2026-04-15,15:56:00,15,2,0,36,31,33,5,Groundnut,246.1,A,5,67.6,74.6,12.6,17:10:36,17:23:12,87.2
FARM101839,Farmer_1839,PC002,Mandya North,2026-02-01,11:32:00,11,6,1,22,21,25,3,Wheat,271.7,B,5,80.0,83.3,10.4,12:55:18,13:05:42,93.7
FARM100412,Farmer_0412,PC001,Mysuru Central,2026-02-08,12:51:00,12,6,1,26,23,28,3,Tur Dal,273.5,A,5,100.7,97.9,11.6,14:28:54,14:40:30,109.5
FARM101325,Farmer_1325,PC001,Mysuru Central,2026-01-28,16:00:00,16,2,0,14,11,18,3,Cotton,266.0,A,6,43.1,39.5,11.1,16:39:30,16:50:36,50.6
FARM100783,Farmer_0783,PC003,Hassan Market,2026-01-11,11:34:00,11,6,1,5,0,7,5,Cotton,422.5,C,4,13.4,12.4,17.1,11:46:24,12:03:30,29.5
FARM101346,Farmer_1346,PC003,Hassan Market,2026-03-10,16:13:00,16,1,0,3,2,7,3,Cotton,430.8,C,1,14.2,15.4,20.3,16:28:24,16:48:42,35.7
FARM100875,Farmer_0875,PC003,Hassan Market,2026-01-02,08:26:00,8,4,0,31,29,32,5,Wheat,108.1,B,5,52.3,54.5,10.2,09:20:30,09:30:42,64.7
FARM101653,Farmer_1653,PC004,Tumakuru Main,2026-04-11,15:44:00,15,5,0,23,18,22,3,Tur Dal,326.2,A,5,82.9,87.0,13.7,17:11:00,17:24:42,100.7
FARM101279,Farmer_1279,PC001,Mysuru Central,2026-04-09,16:36:00,16,3,0,16,15,21,2,Rice,197.8,C,2,99.8,110.7,14.7,18:26:42,18:41:24,125.4
FARM100786,Farmer_0786,PC002,Mandya North,2026-01-02,08:32:00,8,4,0,13,12,14,2,Groundnut,228.7,C,5,83.4,81.8,13.1,09:53:48,10:06:54,94.9
FARM101819,Farmer_1819,PC004,Tumakuru Main,2026-02-03,12:43:00,12,1,1,5,2,8,2,Cotton,203.5,C,8,15.8,16.8,12.3,12:59:48,13:12:06,29.1
FARM101199,Farmer_1199,PC002,Mandya North,2026-04-10,14:08:00,14,4,0,42,37,44,3,Wheat,352.2,B,5,152.8,144.7,11.0,16:32:42,16:43:42,155.7
FARM100808,Farmer_0808,PC003,Hassan Market,2026-03-19,10:10:00,10,3,1,7,2,7,5,Rice,345.5,B,3,10.9,12.0,12.5,10:22:00,10:34:30,24.5
FARM100713,Farmer_0713,PC002,Mandya North,2026-03-04,13:40:00,13,2,1,39,34,40,2,Tur Dal,320.1,A,2,176.1,180.0,11.1,16:40:00,16:51:06,191.1
FARM101991,Farmer_1991,PC003,Hassan Market,2026-02-28,14:14:00,14,5,0,32,31,38,5,Cotton,240.1,C,4,92.2,87.5,15.1,15:41:30,15:56:36,102.6
FARM101660,Farmer_1660,PC005,Bengaluru Rural,2026-03-08,12:03:00,12,6,1,42,41,46,5,Tur Dal,325.9,C,10,90.6,94.3,12.1,13:37:18,13:49:24,106.4
FARM101191,Farmer_1191,PC004,Tumakuru Main,2026-04-16,14:22:00,14,3,0,14,11,13,3,Cotton,266.2,C,4,61.2,58.8,15.2,15:20:48,15:36:00,74.0
FARM101226,Farmer_1226,PC003,Hassan Market,2026-02-19,13:48:00,13,3,1,15,14,20,3,Tur Dal,247.0,A,4,57.8,55.4,12.2,14:43:24,14:55:36,67.6
FARM100603,Farmer_0603,PC005,Bengaluru Rural,2026-01-21,12:35:00,12,2,1,39,37,44,5,Sugarcane,107.8,C,8,105.4,99.7,14.2,14:14:42,14:28:54,113.9
FARM100271,Farmer_0271,PC004,Tumakuru Main,2026-02-24,08:11:00,8,1,0,35,31,36,2,Maize,271.7,B,7,171.3,164.0,10.2,10:55:00,11:05:12,174.2
FARM101385,Farmer_1385,PC002,Mandya North,2026-04-07,10:59:00,10,1,1,40,35,40,2,Rice,224.4,B,4,171.3,178.3,8.9,13:57:18,14:06:12,187.2
FARM100232,Farmer_0232,PC003,Hassan Market,2026-03-10,12:17:00,12,1,1,22,18,24,4,Ragi,205.3,A,6,52.7,49.2,10.7,13:06:12,13:16:54,59.9
FARM100050,Farmer_0050,PC004,Tumakuru Main,2026-03-28,11:44:00,11,5,1,26,24,29,4,Maize,322.4,A,5,92.3,86.3,12.4,13:10:18,13:22:42,98.7
FARM100463,Farmer_0463,PC004,Tumakuru Main,2026-03-31,09:39:00,9,1,0,39,35,38,3,Ragi,285.4,C,6,149.1,153.3,12.9,12:12:18,12:25:12,166.2
FARM101106,Farmer_1106,PC004,Tumakuru Main,2026-01-04,10:14:00,10,6,1,33,30,34,3,Wheat,97.3,C,1,129.5,126.1,11.2,12:20:06,12:31:18,137.3
FARM100856,Farmer_0856,PC005,Bengaluru Rural,2026-04-23,15:32:00,15,3,0,34,30,35,6,Groundnut,384.9,A,10,65.9,63.3,14.4,16:35:18,16:49:42,77.7
FARM100694,Farmer_0694,PC002,Mandya North,2026-01-22,14:17:00,14,3,0,19,15,18,2,Sugarcane,354.0,B,3,168.5,161.1,19.1,16:58:06,17:17:12,180.2
FARM101552,Farmer_1552,PC002,Mandya North,2026-04-22,11:59:00,11,2,1,37,34,41,3,Tur Dal,335.8,A,4,181.1,167.1,13.1,14:46:06,14:59:12,180.2
FARM101873,Farmer_1873,PC002,Mandya North,2026-04-09,10:29:00,10,3,1,17,13,19,3,Cotton,178.1,A,10,69.0,64.9,12.1,11:33:54,11:46:00,77.0
FARM100527,Farmer_0527,PC001,Mysuru Central,2026-01-29,15:20:00,15,3,0,5,1,2,3,Sugarcane,395.4,A,1,3.1,3.0,14.4,15:23:00,15:37:24,17.4
FARM100174,Farmer_0174,PC005,Bengaluru Rural,2026-04-07,16:15:00,16,1,0,32,29,32,4,Rice,298.1,C,5,74.1,79.9,12.3,17:34:54,17:47:12,92.2
FARM100721,Farmer_0721,PC004,Tumakuru Main,2026-03-12,09:12:00,9,3,0,16,13,20,3,Maize,354.4,C,1,85.0,79.7,17.2,10:31:42,10:48:54,96.9
FARM100415,Farmer_0415,PC003,Hassan Market,2026-02-07,10:10:00,10,5,1,49,45,49,3,Ragi,457.6,B,6,178.9,171.0,12.3,13:01:00,13:13:18,183.3
FARM100238,Farmer_0238,PC004,Tumakuru Main,2026-04-29,08:18:00,8,2,0,43,38,39,3,Wheat,255.6,C,4,125.8,133.1,10.4,10:31:06,10:41:30,143.5
FARM101473,Farmer_1473,PC004,Tumakuru Main,2026-01-17,13:02:00,13,5,1,16,11,17,3,Ragi,120.6,C,9,40.2,42.0,9.5,13:44:00,13:53:30,51.5
FARM101336,Farmer_1336,PC003,Hassan Market,2026-01-23,13:45:00,13,4,1,39,35,37,4,Rice,229.9,A,1,84.6,86.3,10.7,15:11:18,15:22:00,97.0
FARM101064,Farmer_1064,PC003,Hassan Market,2026-01-17,11:59:00,11,5,1,17,14,19,3,Groundnut,330.5,B,4,58.9,60.5,13.6,12:59:30,13:13:06,74.1
FARM100024,Farmer_0024,PC001,Mysuru Central,2026-03-11,09:27:00,9,2,0,10,5,8,3,Rice,250.7,A,2,17.0,17.0,9.9,09:44:00,09:53:54,26.9
FARM101767,Farmer_1767,PC001,Mysuru Central,2026-03-25,15:54:00,15,2,0,15,11,17,3,Rice,116.6,C,1,37.4,35.8,9.4,16:29:48,16:39:12,45.2
FARM100064,Farmer_0064,PC002,Mandya North,2026-04-13,09:38:00,9,0,0,19,17,18,2,Rice,172.6,B,3,111.0,103.5,11.1,11:21:30,11:32:36,114.6
FARM100290,Farmer_0290,PC002,Mandya North,2026-02-14,09:11:00,9,5,0,7,4,5,2,Cotton,245.6,C,8,31.8,35.0,16.0,09:46:00,10:02:00,51.0
FARM100189,Farmer_0189,PC004,Tumakuru Main,2026-02-12,13:33:00,13,3,1,30,25,32,3,Ragi,290.8,C,7,101.9,109.1,11.7,15:22:06,15:33:48,120.8
FARM100702,Farmer_0702,PC005,Bengaluru Rural,2026-02-13,13:33:00,13,4,1,15,13,16,5,Maize,344.2,A,8,30.7,29.4,11.7,14:02:24,14:14:06,41.1
FARM101815,Farmer_1815,PC005,Bengaluru Rural,2026-04-01,13:35:00,13,2,1,19,14,16,6,Rice,288.6,C,6,35.9,34.7,13.3,14:09:42,14:23:00,48.0
FARM101138,Farmer_1138,PC001,Mysuru Central,2026-03-24,09:23:00,9,1,0,42,38,45,2,Wheat,209.5,A,7,123.3,132.2,7.2,11:35:12,11:42:24,139.4
FARM100355,Farmer_0355,PC003,Hassan Market,2026-04-11,11:11:00,11,5,1,10,6,10,4,Wheat,310.1,A,2,26.0,27.1,12.4,11:38:06,11:50:30,39.5
FARM100417,Farmer_0417,PC004,Tumakuru Main,2026-03-02,16:32:00,16,0,0,45,41,48,3,Maize,309.5,C,5,190.3,180.0,14.6,19:32:00,19:46:36,194.6
FARM101246,Farmer_1246,PC003,Hassan Market,2026-02-01,14:38:00,14,6,0,23,19,20,4,Wheat,318.4,C,6,39.9,43.1,11.3,15:21:06,15:32:24,54.4
FARM100931,Farmer_0931,PC005,Bengaluru Rural,2026-03-24,11:12:00,11,1,1,44,42,46,6,Rice,312.8,B,6,86.1,87.4,12.9,12:39:24,12:52:18,100.3
FARM100197,Farmer_0197,PC004,Tumakuru Main,2026-04-01,08:30:00,8,2,0,7,3,4,3,Groundnut,290.2,C,10,14.3,15.2,13.8,08:45:12,08:59:00,29.0
FARM100580,Farmer_0580,PC002,Mandya North,2026-02-27,16:03:00,16,4,0,9,5,11,2,Ragi,154.5,B,2,27.4,28.5,9.8,16:31:30,16:41:18,38.3
FARM101135,Farmer_1135,PC005,Bengaluru Rural,2026-03-16,15:38:00,15,0,0,9,5,6,5,Groundnut,310.0,A,5,10.5,11.1,10.2,15:49:06,15:59:18,21.3
FARM101814,Farmer_1814,PC005,Bengaluru Rural,2026-04-25,15:28:00,15,5,0,17,12,19,5,Maize,462.9,C,8,32.0,31.7,14.2,15:59:42,16:13:54,45.9
FARM101935,Farmer_1935,PC003,Hassan Market,2026-03-28,16:48:00,16,5,0,13,10,17,4,Sugarcane,397.1,A,8,39.4,37.9,15.7,17:25:54,17:41:36,53.6
FARM100434,Farmer_0434,PC003,Hassan Market,2026-04-27,14:45:00,14,0,0,12,9,16,3,Maize,270.1,C,5,40.1,39.1,15.1,15:24:06,15:39:12,54.2
FARM100101,Farmer_0101,PC001,Mysuru Central,2026-01-05,11:39:00,11,0,1,39,34,37,4,Maize,253.2,A,1,107.7,102.8,10.6,13:21:48,13:32:24,113.4
FARM101655,Farmer_1655,PC005,Bengaluru Rural,2026-04-29,16:53:00,16,2,0,39,36,37,5,Cotton,75.2,C,2,92.5,92.8,14.1,18:25:48,18:39:54,106.9
FARM100395,Farmer_0395,PC003,Hassan Market,2026-03-28,11:01:00,11,5,1,18,16,18,4,Sugarcane,211.6,C,1,67.2,66.5,16.6,12:07:30,12:24:06,83.1
FARM101939,Farmer_1939,PC002,Mandya North,2026-03-19,10:50:00,10,3,1,37,32,35,2,Tur Dal,219.6,A,9,149.6,150.2,8.6,13:20:12,13:28:48,158.8
FARM100221,Farmer_0221,PC001,Mysuru Central,2026-03-05,15:22:00,15,3,0,4,2,5,4,Ragi,364.3,A,10,1.0,1.0,12.1,15:23:00,15:35:06,13.1
FARM101676,Farmer_1676,PC003,Hassan Market,2026-01-10,15:18:00,15,5,0,24,19,21,4,Sugarcane,384.1,A,8,73.3,71.5,16.7,16:29:30,16:46:12,88.2
FARM101498,Farmer_1498,PC002,Mandya North,2026-03-09,08:19:00,8,0,0,39,38,43,1,Tur Dal,277.7,B,7,162.0,180.0,11.5,11:19:00,11:30:30,191.5
FARM101785,Farmer_1785,PC001,Mysuru Central,2026-02-24,16:14:00,16,1,0,12,7,12,4,Tur Dal,565.1,C,10,22.1,24.5,14.4,16:38:30,16:52:54,38.9
FARM100345,Farmer_0345,PC004,Tumakuru Main,2026-01-17,14:29:00,14,5,0,47,44,45,3,Maize,200.2,A,1,157.9,143.8,9.2,16:52:48,17:02:00,153.0
FARM101028,Farmer_1028,PC002,Mandya North,2026-04-01,16:48:00,16,2,0,8,4,6,2,Groundnut,291.6,A,5,26.0,26.8,13.0,17:14:48,17:27:48,39.8
FARM100889,Farmer_0889,PC001,Mysuru Central,2026-02-26,11:02:00,11,3,1,41,38,40,4,Sugarcane,100.4,C,8,118.8,118.8,12.2,13:00:48,13:13:00,131.0
FARM101351,Farmer_1351,PC004,Tumakuru Main,2026-04-21,10:43:00,10,1,1,4,3,4,3,Rice,261.0,B,2,16.9,16.9,10.8,10:59:54,11:10:42,27.7
FARM100553,Farmer_0553,PC003,Hassan Market,2026-01-17,12:37:00,12,5,1,49,45,52,4,Wheat,478.9,A,1,120.8,128.3,12.2,14:45:18,14:57:30,140.5
FARM100744,Farmer_0744,PC004,Tumakuru Main,2026-03-21,11:03:00,11,5,1,19,18,24,4,Cotton,206.1,A,3,61.4,64.5,11.3,12:07:30,12:18:48,75.8
FARM101542,Farmer_1542,PC001,Mysuru Central,2026-04-28,12:47:00,12,1,1,24,21,22,2,Sugarcane,439.9,C,3,187.6,180.0,17.5,15:47:00,16:04:30,197.5
FARM100539,Farmer_0539,PC001,Mysuru Central,2026-02-07,10:27:00,10,5,1,26,21,27,3,Ragi,40.0,C,10,60.2,56.4,7.1,11:23:24,11:30:30,63.5
FARM100907,Farmer_0907,PC005,Bengaluru Rural,2026-03-18,09:07:00,9,2,0,14,12,18,4,Maize,283.4,C,10,26.4,27.2,10.7,09:34:12,09:44:54,37.9
FARM101395,Farmer_1395,PC002,Mandya North,2026-02-13,16:11:00,16,4,0,35,34,38,3,Groundnut,142.6,C,10,129.4,132.6,10.7,18:23:36,18:34:18,143.3
FARM100116,Farmer_0116,PC005,Bengaluru Rural,2026-04-06,15:51:00,15,0,0,12,8,15,6,Cotton,285.9,B,4,14.3,14.0,10.9,16:05:00,16:15:54,24.9
FARM100830,Farmer_0830,PC005,Bengaluru Rural,2026-04-24,12:12:00,12,4,1,27,22,25,5,Wheat,375.6,C,8,51.8,55.3,12.4,13:07:18,13:19:42,67.7
FARM101938,Farmer_1938,PC005,Bengaluru Rural,2026-02-15,15:17:00,15,6,0,42,41,42,5,Sugarcane,329.9,A,3,149.6,139.0,19.0,17:36:00,17:55:00,158.0
FARM100809,Farmer_0809,PC001,Mysuru Central,2026-04-04,11:30:00,11,5,1,33,31,37,3,Sugarcane,337.3,C,2,175.6,177.5,16.2,14:27:30,14:43:42,193.7
FARM101311,Farmer_1311,PC002,Mandya North,2026-02-18,14:40:00,14,2,0,37,32,35,2,Ragi,362.5,C,9,190.9,180.0,13.1,17:40:00,17:53:06,193.1
FARM101005,Farmer_1005,PC003,Hassan Market,2026-02-11,13:29:00,13,2,1,45,43,44,4,Rice,223.9,C,5,84.8,89.7,9.0,14:58:42,15:07:42,98.7
FARM100306,Farmer_0306,PC001,Mysuru Central,2026-02-15,15:58:00,15,6,0,26,22,27,3,Rice,275.8,A,5,81.9,88.0,11.4,17:26:00,17:37:24,99.4
FARM101101,Farmer_1101,PC002,Mandya North,2026-04-23,13:05:00,13,3,1,23,18,24,2,Sugarcane,333.4,C,10,168.1,180.0,18.2,16:05:00,16:23:12,198.2
FARM100480,Farmer_0480,PC003,Hassan Market,2026-01-05,12:34:00,12,0,1,17,13,15,3,Tur Dal,99.2,C,7,57.6,55.8,12.3,13:29:48,13:42:06,68.1
FARM101424,Farmer_1424,PC005,Bengaluru Rural,2026-04-16,15:23:00,15,3,0,40,38,45,5,Ragi,204.5,B,4,76.1,69.9,9.9,16:32:54,16:42:48,79.8
FARM101076,Farmer_1076,PC004,Tumakuru Main,2026-04-06,10:07:00,10,0,1,25,22,27,4,Wheat,199.5,B,7,64.4,61.8,10.0,11:08:48,11:18:48,71.8
FARM100571,Farmer_0571,PC003,Hassan Market,2026-01-12,08:23:00,8,0,0,26,25,29,3,Groundnut,317.5,A,4,106.5,118.1,14.4,10:21:06,10:35:30,132.5
FARM100619,Farmer_0619,PC001,Mysuru Central,2026-04-30,15:34:00,15,3,0,46,41,43,4,Wheat,105.9,C,9,82.3,77.7,7.9,16:51:42,16:59:36,85.6
FARM101898,Farmer_1898,PC002,Mandya North,2026-03-07,09:48:00,9,5,0,24,19,20,1,Wheat,183.0,B,2,170.2,180.0,9.1,12:48:00,12:57:06,189.1
FARM101266,Farmer_1266,PC005,Bengaluru Rural,2026-02-11,15:21:00,15,2,0,46,41,48,6,Sugarcane,181.4,C,2,101.2,104.7,17.9,17:05:42,17:23:36,122.6
FARM100079,Farmer_0079,PC004,Tumakuru Main,2026-03-01,15:06:00,15,6,0,15,10,15,3,Wheat,268.6,A,4,28.6,30.8,9.8,15:36:48,15:46:36,40.6
FARM101912,Farmer_1912,PC004,Tumakuru Main,2026-02-28,16:33:00,16,5,0,20,19,22,3,Ragi,223.8,C,2,95.2,94.5,14.1,18:07:30,18:21:36,108.6
FARM100033,Farmer_0033,PC004,Tumakuru Main,2026-02-13,12:18:00,12,4,1,17,14,17,2,Tur Dal,390.0,A,6,94.7,95.1,12.4,13:53:06,14:05:30,107.5
FARM101538,Farmer_1538,PC005,Bengaluru Rural,2026-03-07,14:22:00,14,5,0,10,7,11,5,Tur Dal,225.5,C,9,16.0,16.2,10.3,14:38:12,14:48:30,26.5
FARM101034,Farmer_1034,PC004,Tumakuru Main,2026-01-12,09:11:00,9,0,0,40,35,41,3,Wheat,383.0,B,2,136.5,142.3,12.0,11:33:18,11:45:18,154.3
FARM101563,Farmer_1563,PC003,Hassan Market,2026-02-11,16:23:00,16,2,0,8,5,9,4,Cotton,124.7,A,1,11.9,12.2,11.7,16:35:12,16:46:54,23.9
FARM100352,Farmer_0352,PC002,Mandya North,2026-01-15,11:25:00,11,3,1,40,36,41,2,Tur Dal,165.1,C,2,194.8,180.0,11.2,14:25:00,14:36:12,191.2
FARM100164,Farmer_0164,PC002,Mandya North,2026-02-21,09:31:00,9,5,0,41,39,44,3,Ragi,55.8,A,8,75.8,79.4,5.7,10:50:24,10:56:06,85.1
FARM100204,Farmer_0204,PC001,Mysuru Central,2026-03-26,15:04:00,15,3,0,9,4,8,3,Rice,226.1,B,9,6.5,6.5,6.0,15:10:30,15:16:30,12.5
FARM101054,Farmer_1054,PC001,Mysuru Central,2026-01-17,09:16:00,9,5,0,9,5,7,3,Sugarcane,251.8,B,1,29.0,28.8,16.5,09:44:48,10:01:18,45.3
FARM101365,Farmer_1365,PC003,Hassan Market,2026-01-06,08:43:00,8,1,0,7,4,9,3,Wheat,440.9,C,7,11.3,12.5,12.6,08:55:30,09:08:06,25.1
FARM101967,Farmer_1967,PC003,Hassan Market,2026-03-21,16:49:00,16,5,0,12,10,17,5,Ragi,186.4,B,9,22.4,21.6,11.9,17:10:36,17:22:30,33.5
FARM100496,Farmer_0496,PC005,Bengaluru Rural,2026-01-19,10:35:00,10,0,1,41,40,43,4,Sugarcane,311.8,C,2,187.9,180.0,20.7,13:35:00,13:55:42,200.7
FARM101625,Farmer_1625,PC005,Bengaluru Rural,2026-04-08,10:00:00,10,2,1,39,35,42,6,Tur Dal,268.5,B,7,58.7,63.8,12.4,11:03:48,11:16:12,76.2
FARM101966,Farmer_1966,PC002,Mandya North,2026-02-05,10:15:00,10,3,1,26,25,29,2,Maize,279.6,C,6,174.2,179.3,12.6,13:14:18,13:26:54,191.9
FARM101963,Farmer_1963,PC005,Bengaluru Rural,2026-02-27,10:22:00,10,4,1,33,28,29,5,Maize,144.3,A,10,52.5,57.0,9.6,11:19:00,11:28:36,66.6
FARM100611,Farmer_0611,PC003,Hassan Market,2026-01-21,15:00:00,15,2,0,8,3,4,4,Wheat,276.0,A,2,8.2,8.7,8.5,15:08:42,15:17:12,17.2
FARM100433,Farmer_0433,PC003,Hassan Market,2026-03-21,10:46:00,10,5,1,33,29,34,3,Tur Dal,328.5,A,7,111.1,118.1,12.0,12:44:06,12:56:06,130.1
FARM101492,Farmer_1492,PC001,Mysuru Central,2026-02-18,14:48:00,14,2,0,29,25,26,2,Rice,328.6,A,8,131.1,128.0,10.2,16:56:00,17:06:12,138.2
FARM100219,Farmer_0219,PC002,Mandya North,2026-03-09,15:22:00,15,0,0,40,35,40,2,Maize,232.3,C,10,186.9,180.0,12.8,18:22:00,18:34:48,192.8
FARM101931,Farmer_1931,PC005,Bengaluru Rural,2026-04-15,11:42:00,11,2,1,36,31,33,4,Cotton,227.8,B,7,88.8,86.8,11.5,13:08:48,13:20:18,98.3
FARM101466,Farmer_1466,PC004,Tumakuru Main,2026-02-26,16:44:00,16,3,0,32,31,35,3,Maize,292.0,C,6,112.3,106.7,9.9,18:30:42,18:40:36,116.6
FARM100631,Farmer_0631,PC001,Mysuru Central,2026-02-14,09:16:00,9,5,0,10,5,7,4,Groundnut,301.4,A,7,19.6,19.0,11.9,09:35:00,09:46:54,30.9
FARM101382,Farmer_1382,PC002,Mandya North,2026-02-11,08:23:00,8,2,0,32,27,30,2,Ragi,423.2,B,10,170.2,180.0,13.9,11:23:00,11:36:54,193.9
FARM101302,Farmer_1302,PC005,Bengaluru Rural,2026-04-07,09:39:00,9,1,0,28,23,25,5,Sugarcane,107.1,C,9,62.7,61.2,15.0,10:40:12,10:55:12,76.2
FARM100060,Farmer_0060,PC002,Mandya North,2026-02-06,12:57:00,12,4,1,31,29,31,3,Maize,244.4,C,10,126.7,131.3,12.1,15:08:18,15:20:24,143.4
FARM100299,Farmer_0299,PC001,Mysuru Central,2026-02-10,08:40:00,8,1,0,36,32,37,3,Maize,111.0,A,1,109.9,101.1,9.3,10:21:06,10:30:24,110.4
FARM101711,Farmer_1711,PC002,Mandya North,2026-03-16,16:40:00,16,0,0,37,33,40,1,Tur Dal,254.9,C,6,165.2,180.0,16.4,19:40:00,19:56:24,196.4
FARM100074,Farmer_0074,PC005,Bengaluru Rural,2026-01-20,14:28:00,14,1,0,10,6,9,5,Tur Dal,227.1,C,2,12.4,12.4,11.7,14:40:24,14:52:06,24.1
FARM100163,Farmer_0163,PC003,Hassan Market,2026-04-06,16:16:00,16,0,0,4,1,4,4,Sugarcane,343.7,B,2,4.1,4.4,17.9,16:20:24,16:38:18,22.3
FARM101275,Farmer_1275,PC004,Tumakuru Main,2026-01-23,09:16:00,9,4,0,34,29,36,3,Sugarcane,146.5,C,6,159.5,158.4,15.4,11:54:24,12:09:48,173.8
FARM101594,Farmer_1594,PC003,Hassan Market,2026-01-25,09:31:00,9,6,0,46,42,46,4,Sugarcane,91.8,C,10,138.6,145.2,15.2,11:56:12,12:11:24,160.4
FARM101434,Farmer_1434,PC003,Hassan Market,2026-03-30,14:23:00,14,0,0,17,13,16,5,Wheat,289.4,B,4,28.9,30.5,9.8,14:53:30,15:03:18,40.3
FARM101613,Farmer_1613,PC002,Mandya North,2026-03-13,08:33:00,8,4,0,44,40,44,3,Wheat,306.8,B,9,174.8,170.0,11.9,11:23:00,11:34:54,181.9
FARM100592,Farmer_0592,PC005,Bengaluru Rural,2026-03-29,14:30:00,14,6,0,47,45,52,4,Sugarcane,499.2,A,7,174.0,178.6,17.5,17:28:36,17:46:06,196.1
FARM100317,Farmer_0317,PC004,Tumakuru Main,2026-02-08,15:04:00,15,6,0,24,23,26,2,Tur Dal,275.0,B,6,113.4,115.2,9.4,16:59:12,17:08:36,124.6
FARM100046,Farmer_0046,PC005,Bengaluru Rural,2026-03-27,09:14:00,9,4,0,28,27,32,5,Rice,40.0,B,10,52.0,53.2,10.9,10:07:12,10:18:06,64.1
FARM101720,Farmer_1720,PC003,Hassan Market,2026-03-01,13:58:00,13,6,1,10,9,15,5,Tur Dal,469.4,A,1,27.8,30.6,13.2,14:28:36,14:41:48,43.8
FARM101832,Farmer_1832,PC003,Hassan Market,2026-03-25,14:29:00,14,2,0,34,32,34,4,Rice,217.0,A,3,71.1,67.2,10.0,15:36:12,15:46:12,77.2
FARM100428,Farmer_0428,PC003,Hassan Market,2026-04-23,12:33:00,12,3,1,41,36,43,3,Cotton,230.2,C,7,167.8,177.5,16.3,15:30:30,15:46:48,193.8
FARM100582,Farmer_0582,PC001,Mysuru Central,2026-01-04,11:19:00,11,6,1,4,1,2,3,Maize,279.2,A,6,12.0,11.0,11.9,11:30:00,11:41:54,22.9
FARM100077,Farmer_0077,PC003,Hassan Market,2026-02-26,08:11:00,8,3,0,16,15,17,4,Maize,281.5,B,4,44.3,42.2,13.1,08:53:12,09:06:18,55.3
FARM101917,Farmer_1917,PC001,Mysuru Central,2026-02-24,16:13:00,16,1,0,46,45,48,3,Ragi,164.2,C,3,136.3,148.4,9.6,18:41:24,18:51:00,158.0
FARM101415,Farmer_1415,PC002,Mandya North,2026-03-19,15:53:00,15,3,0,45,44,46,2,Ragi,350.9,B,6,193.0,180.0,12.6,18:53:00,19:05:36,192.6
FARM100781,Farmer_0781,PC001,Mysuru Central,2026-04-10,16:01:00,16,4,0,30,28,31,2,Maize,326.2,B,5,173.4,178.4,12.7,18:59:24,19:12:06,191.1
FARM101920,Farmer_1920,PC002,Mandya North,2026-01-24,08:20:00,8,5,0,3,1,4,1,Maize,255.6,A,2,19.3,18.0,12.9,08:38:00,08:50:54,30.9
FARM101174,Farmer_1174,PC005,Bengaluru Rural,2026-01-06,16:59:00,16,1,0,42,39,43,5,Maize,155.5,B,3,71.8,67.9,10.4,18:06:54,18:17:18,78.3
FARM101320,Farmer_1320,PC005,Bengaluru Rural,2026-01-20,15:40:00,15,1,0,42,39,46,5,Tur Dal,199.5,C,2,87.8,94.3,13.3,17:14:18,17:27:36,107.6
FARM100938,Farmer_0938,PC002,Mandya North,2026-01-02,09:36:00,9,4,0,43,41,47,2,Sugarcane,192.6,C,8,194.3,180.0,15.7,12:36:00,12:51:42,195.7
FARM100031,Farmer_0031,PC001,Mysuru Central,2026-01-12,12:36:00,12,0,1,10,7,9,2,Wheat,347.0,B,5,59.6,54.9,11.5,13:30:54,13:42:24,66.4
FARM101092,Farmer_1092,PC003,Hassan Market,2026-04-04,10:49:00,10,5,1,16,12,13,3,Sugarcane,199.4,B,8,70.1,66.3,15.9,11:55:18,12:11:12,82.2
FARM101616,Farmer_1616,PC004,Tumakuru Main,2026-02-23,10:28:00,10,0,1,5,4,5,3,Ragi,212.9,C,3,27.8,27.6,12.2,10:55:36,11:07:48,39.8
FARM101230,Farmer_1230,PC004,Tumakuru Main,2026-04-09,16:36:00,16,3,0,15,10,11,3,Groundnut,388.7,A,2,42.3,46.4,13.3,17:22:24,17:35:42,59.7
FARM100975,Farmer_0975,PC001,Mysuru Central,2026-01-25,11:03:00,11,6,1,44,41,46,3,Groundnut,283.3,A,3,193.1,180.0,14.4,14:03:00,14:17:24,194.4
FARM101085,Farmer_1085,PC003,Hassan Market,2026-04-12,09:11:00,9,6,0,20,18,25,3,Sugarcane,338.7,B,1,94.8,98.7,17.7,10:49:42,11:07:24,116.4
FARM100515,Farmer_0515,PC003,Hassan Market,2026-02-14,14:39:00,14,5,0,42,41,44,4,Wheat,364.8,B,9,101.9,106.0,10.9,16:25:00,16:35:54,116.9
FARM101551,Farmer_1551,PC005,Bengaluru Rural,2026-01-11,10:26:00,10,6,1,33,28,31,6,Rice,238.0,A,10,49.7,46.0,9.5,11:12:00,11:21:30,55.5
FARM101568,Farmer_1568,PC005,Bengaluru Rural,2026-04-29,14:57:00,14,2,0,8,6,9,5,Rice,353.4,C,5,16.7,15.8,12.3,15:12:48,15:25:06,28.1
FARM101811,Farmer_1811,PC004,Tumakuru Main,2026-01-14,08:43:00,8,2,0,15,13,19,3,Rice,193.2,B,6,53.0,48.3,9.6,09:31:18,09:40:54,57.9
FARM101574,Farmer_1574,PC001,Mysuru Central,2026-03-02,10:58:00,10,0,1,35,30,31,4,Groundnut,294.6,B,9,79.7,76.4,10.1,12:14:24,12:24:30,86.5
FARM100045,Farmer_0045,PC001,Mysuru Central,2026-01-09,15:50:00,15,4,0,38,37,42,2,Rice,329.9,A,5,175.4,180.0,12.4,18:50:00,19:02:24,192.4
FARM101687,Farmer_1687,PC005,Bengaluru Rural,2026-04-07,11:46:00,11,1,1,10,6,8,4,Cotton,57.9,C,2,31.0,28.9,13.2,12:14:54,12:28:06,42.1
FARM100169,Farmer_0169,PC001,Mysuru Central,2026-04-09,13:55:00,13,3,1,25,20,22,3,Cotton,265.7,C,4,101.4,92.7,13.8,15:27:42,15:41:30,106.5
FARM100304,Farmer_0304,PC004,Tumakuru Main,2026-01-04,13:44:00,13,6,1,25,22,29,3,Groundnut,321.9,B,3,146.9,139.8,16.8,16:03:48,16:20:36,156.6
FARM100991,Farmer_0991,PC001,Mysuru Central,2026-04-18,14:00:00,14,5,0,6,4,7,3,Sugarcane,290.7,B,7,23.2,24.0,15.4,14:24:00,14:39:24,39.4
FARM100556,Farmer_0556,PC004,Tumakuru Main,2026-04-20,08:17:00,8,0,0,8,5,10,3,Ragi,404.5,C,2,26.3,26.9,14.2,08:43:54,08:58:06,41.1
FARM101925,Farmer_1925,PC002,Mandya North,2026-04-28,08:45:00,8,1,0,40,38,43,3,Cotton,292.9,B,8,166.0,180.0,15.2,11:45:00,12:00:12,195.2
FARM100608,Farmer_0608,PC003,Hassan Market,2026-01-26,12:16:00,12,0,1,30,27,29,3,Maize,137.8,C,9,104.6,102.0,11.0,13:58:00,14:09:00,113.0
FARM101619,Farmer_1619,PC002,Mandya North,2026-03-24,09:19:00,9,1,0,21,18,22,1,Sugarcane,296.6,C,8,165.9,180.0,16.0,12:19:00,12:35:00,196.0
FARM100758,Farmer_0758,PC001,Mysuru Central,2026-01-27,09:54:00,9,1,0,28,27,31,2,Rice,241.2,A,7,120.5,131.6,9.5,12:05:36,12:15:06,141.1
FARM100439,Farmer_0439,PC002,Mandya North,2026-02-05,11:20:00,11,3,1,12,10,16,2,Tur Dal,79.6,B,7,72.9,71.7,12.4,12:31:42,12:44:06,84.1
FARM100583,Farmer_0583,PC001,Mysuru Central,2026-01-02,16:35:00,16,4,0,12,10,13,3,Ragi,443.6,A,2,35.9,35.7,12.3,17:10:42,17:23:00,48.0
FARM101519,Farmer_1519,PC002,Mandya North,2026-02-19,08:11:00,8,3,0,1,0,1,3,Groundnut,305.2,B,5,3.7,3.5,9.9,08:14:30,08:24:24,13.4
FARM100528,Farmer_0528,PC003,Hassan Market,2026-02-15,09:32:00,9,6,0,26,25,28,4,Wheat,120.7,A,9,36.7,36.0,6.3,10:08:00,10:14:18,42.3
FARM100343,Farmer_0343,PC001,Mysuru Central,2026-01-09,08:35:00,8,4,0,11,9,16,4,Wheat,463.1,C,1,30.0,32.7,15.2,09:07:42,09:22:54,47.9
FARM101737,Farmer_1737,PC004,Tumakuru Main,2026-04-22,10:40:00,10,2,1,5,1,7,3,Tur Dal,207.9,B,7,7.9,7.6,11.1,10:47:36,10:58:42,18.7
FARM100368,Farmer_0368,PC004,Tumakuru Main,2026-01-17,12:27:00,12,5,1,25,23,25,3,Sugarcane,267.2,B,9,115.3,123.0,14.8,14:30:00,14:44:48,137.8
FARM100186,Farmer_0186,PC004,Tumakuru Main,2026-02-27,16:10:00,16,4,0,20,19,20,2,Groundnut,366.3,C,4,149.9,145.4,14.5,18:35:24,18:49:54,159.9
FARM101117,Farmer_1117,PC005,Bengaluru Rural,2026-02-04,12:38:00,12,2,1,46,44,51,5,Rice,194.0,C,2,80.1,78.6,9.6,13:56:36,14:06:12,88.2
FARM101755,Farmer_1755,PC003,Hassan Market,2026-04-23,15:25:00,15,3,0,44,43,50,5,Sugarcane,251.8,B,3,137.1,128.9,16.0,17:33:54,17:49:54,144.9
FARM101426,Farmer_1426,PC004,Tumakuru Main,2026-01-17,16:28:00,16,5,0,16,11,13,3,Groundnut,334.7,C,2,77.2,76.5,18.8,17:44:30,18:03:18,95.3
FARM100301,Farmer_0301,PC003,Hassan Market,2026-02-07,15:58:00,15,5,0,40,37,39,4,Cotton,344.2,B,5,120.8,119.3,13.8,17:57:18,18:11:06,133.1
FARM101904,Farmer_1904,PC003,Hassan Market,2026-02-26,12:39:00,12,3,1,45,42,44,5,Ragi,161.4,A,3,86.0,82.0,9.3,14:01:00,14:10:18,91.3
FARM100833,Farmer_0833,PC002,Mandya North,2026-04-24,12:39:00,12,4,1,47,45,50,2,Sugarcane,504.4,C,8,172.6,180.0,19.3,15:39:00,15:58:18,199.3
FARM100544,Farmer_0544,PC001,Mysuru Central,2026-01-24,13:46:00,13,5,1,27,23,24,3,Tur Dal,50.7,B,9,105.8,99.9,10.8,15:25:54,15:36:42,110.7
FARM101601,Farmer_1601,PC001,Mysuru Central,2026-04-26,09:54:00,9,6,0,8,7,14,2,Cotton,357.3,C,8,65.2,62.6,16.6,10:56:36,11:13:12,79.2
FARM100351,Farmer_0351,PC004,Tumakuru Main,2026-01-29,11:15:00,11,3,1,19,15,17,3,Rice,196.4,C,2,73.1,67.0,11.1,12:22:00,12:33:06,78.1
FARM101933,Farmer_1933,PC005,Bengaluru Rural,2026-01-16,08:28:00,8,4,0,29,26,29,5,Groundnut,269.2,A,2,54.6,54.9,11.8,09:22:54,09:34:42,66.7
FARM101511,Farmer_1511,PC002,Mandya North,2026-01-04,10:32:00,10,6,1,20,16,19,2,Tur Dal,383.4,B,3,116.1,126.0,14.3,12:38:00,12:52:18,140.3
FARM100979,Farmer_0979,PC005,Bengaluru Rural,2026-01-30,13:21:00,13,4,1,20,19,26,5,Tur Dal,613.3,B,7,53.5,52.4,14.7,14:13:24,14:28:06,67.1
FARM100176,Farmer_0176,PC002,Mandya North,2026-02-08,11:45:00,11,6,1,41,37,38,1,Ragi,252.3,A,6,190.2,180.0,9.5,14:45:00,14:54:30,189.5
FARM100483,Farmer_0483,PC002,Mandya North,2026-04-13,14:45:00,14,0,0,25,21,26,2,Cotton,258.0,B,10,184.1,180.0,15.6,17:45:00,18:00:36,195.6
FARM101413,Farmer_1413,PC003,Hassan Market,2026-04-30,09:22:00,9,3,0,9,4,7,3,Tur Dal,234.4,B,1,8.9,8.2,9.4,09:30:12,09:39:36,17.6
FARM101611,Farmer_1611,PC002,Mandya North,2026-02-17,09:20:00,9,1,0,42,38,43,3,Maize,241.3,A,1,184.8,173.6,12.7,12:13:36,12:26:18,186.3
FARM100124,Farmer_0124,PC002,Mandya North,2026-03-28,08:34:00,8,5,0,40,35,37,2,Ragi,206.1,C,7,180.6,180.0,10.5,11:34:00,11:44:30,190.5
FARM100600,Farmer_0600,PC004,Tumakuru Main,2026-02-02,14:41:00,14,0,0,32,29,33,2,Sugarcane,241.1,C,6,183.5,180.0,19.4,17:41:00,18:00:24,199.4
FARM101795,Farmer_1795,PC003,Hassan Market,2026-04-04,13:20:00,13,5,1,37,32,36,4,Wheat,312.1,C,2,96.2,87.8,10.8,14:47:48,14:58:36,98.6
FARM101746,Farmer_1746,PC003,Hassan Market,2026-03-17,13:58:00,13,1,1,44,42,48,4,Sugarcane,263.2,C,10,172.3,158.3,16.3,16:36:18,16:52:36,174.6
FARM101379,Farmer_1379,PC001,Mysuru Central,2026-03-20,09:16:00,9,4,0,22,18,24,2,Rice,486.1,C,7,133.5,146.6,16.4,11:42:36,11:59:00,163.0
FARM101186,Farmer_1186,PC002,Mandya North,2026-02-02,09:07:00,9,0,0,34,29,33,3,Maize,162.8,A,1,117.2,113.3,11.1,11:00:18,11:11:24,124.4
FARM100486,Farmer_0486,PC004,Tumakuru Main,2026-04-21,13:26:00,13,1,1,31,28,33,4,Wheat,368.8,A,9,94.2,92.1,12.5,14:58:06,15:10:36,104.6
FARM100332,Farmer_0332,PC003,Hassan Market,2026-01-16,10:48:00,10,4,1,47,43,48,4,Cotton,349.5,B,7,129.9,143.1,14.2,13:11:06,13:25:18,157.3
FARM100789,Farmer_0789,PC005,Bengaluru Rural,2026-04-13,13:36:00,13,0,1,16,11,13,6,Groundnut,139.4,C,2,28.9,31.5,14.8,14:07:30,14:22:18,46.3
FARM100195,Farmer_0195,PC003,Hassan Market,2026-01-31,13:23:00,13,5,1,10,8,11,3,Sugarcane,281.5,A,4,48.2,44.1,14.5,14:07:06,14:21:36,58.6
FARM100638,Farmer_0638,PC005,Bengaluru Rural,2026-01-06,15:52:00,15,1,0,27,24,27,4,Groundnut,217.2,B,2,62.0,63.5,11.6,16:55:30,17:07:06,75.1
FARM100472,Farmer_0472,PC003,Hassan Market,2026-01-05,13:30:00,13,0,1,38,34,39,5,Wheat,337.9,B,6,76.0,82.4,11.3,14:52:24,15:03:42,93.7
FARM101714,Farmer_1714,PC004,Tumakuru Main,2026-02-04,12:23:00,12,2,1,27,23,29,3,Maize,256.4,C,10,97.5,94.9,10.4,13:57:54,14:08:18,105.3
FARM100323,Farmer_0323,PC001,Mysuru Central,2026-02-21,14:49:00,14,5,0,39,35,40,3,Groundnut,108.9,C,6,131.1,140.4,12.1,17:09:24,17:21:30,152.5
FARM101197,Farmer_1197,PC003,Hassan Market,2026-03-31,11:07:00,11,1,1,19,17,21,4,Tur Dal,277.3,A,4,53.8,53.1,11.0,12:00:06,12:11:06,64.1
FARM100267,Farmer_0267,PC001,Mysuru Central,2026-03-15,08:36:00,8,6,0,39,35,39,3,Wheat,539.6,A,3,143.1,141.8,12.3,10:57:48,11:10:06,154.1
FARM101544,Farmer_1544,PC005,Bengaluru Rural,2026-03-19,11:37:00,11,3,1,30,27,30,4,Rice,198.0,A,1,60.9,60.4,9.9,12:37:24,12:47:18,70.3
FARM101804,Farmer_1804,PC002,Mandya North,2026-03-26,08:04:00,8,3,0,34,30,31,2,Maize,511.0,B,4,192.8,180.0,12.4,11:04:00,11:16:24,192.4
FARM100068,Farmer_0068,PC004,Tumakuru Main,2026-04-18,14:59:00,14,5,0,40,39,42,3,Maize,247.1,B,5,190.8,180.0,14.7,17:59:00,18:13:42,194.7
FARM101738,Farmer_1738,PC003,Hassan Market,2026-01-06,11:12:00,11,1,1,22,17,23,4,Rice,178.8,B,2,60.7,55.7,12.4,12:07:42,12:20:06,68.1
FARM101593,Farmer_1593,PC001,Mysuru Central,2026-01-26,14:09:00,14,0,0,5,2,5,4,Rice,204.8,A,8,9.1,9.4,10.3,14:18:24,14:28:42,19.7
FARM101564,Farmer_1564,PC001,Mysuru Central,2026-03-11,09:59:00,9,2,0,34,29,32,3,Rice,404.7,C,6,145.5,153.7,15.7,12:32:42,12:48:24,169.4
FARM100481,Farmer_0481,PC002,Mandya North,2026-04-16,15:18:00,15,3,0,30,25,31,2,Maize,290.9,C,3,185.8,180.0,17.2,18:18:00,18:35:12,197.2
FARM101757,Farmer_1757,PC005,Bengaluru Rural,2026-01-19,16:35:00,16,0,0,39,34,36,4,Cotton,178.8,B,9,114.3,120.4,15.0,18:35:24,18:50:24,135.4
FARM101913,Farmer_1913,PC005,Bengaluru Rural,2026-04-15,13:56:00,13,2,1,6,1,7,5,Maize,284.0,C,3,11.2,11.7,14.2,14:07:42,14:21:54,25.9
FARM101441,Farmer_1441,PC001,Mysuru Central,2026-04-20,14:06:00,14,0,0,16,11,12,3,Tur Dal,239.0,B,2,44.6,45.9,12.4,14:51:54,15:04:18,58.3
FARM101461,Farmer_1461,PC001,Mysuru Central,2026-03-05,13:51:00,13,3,1,49,44,48,3,Maize,399.5,A,10,189.7,180.0,14.2,16:51:00,17:05:12,194.2
FARM100888,Farmer_0888,PC002,Mandya North,2026-01-13,12:13:00,12,1,1,15,13,14,2,Groundnut,509.6,C,7,110.3,105.2,14.6,13:58:12,14:12:48,119.8
FARM100423,Farmer_0423,PC005,Bengaluru Rural,2026-01-14,08:41:00,8,2,0,40,38,39,5,Sugarcane,482.2,C,10,130.7,130.5,19.9,10:51:30,11:11:24,150.4
FARM101675,Farmer_1675,PC004,Tumakuru Main,2026-03-21,14:27:00,14,5,0,32,31,36,3,Rice,317.3,A,5,77.5,84.4,7.9,15:51:24,15:59:18,92.3
FARM101450,Farmer_1450,PC003,Hassan Market,2026-01-29,14:55:00,14,3,0,22,19,23,4,Cotton,189.8,B,7,59.5,61.4,13.8,15:56:24,16:10:12,75.2
FARM100765,Farmer_0765,PC003,Hassan Market,2026-03-25,08:10:00,8,2,0,22,18,20,3,Maize,352.8,A,4,60.4,61.7,11.5,09:11:42,09:23:12,73.2
FARM100520,Farmer_0520,PC001,Mysuru Central,2026-03-16,13:58:00,13,0,1,43,39,40,3,Groundnut,502.0,B,8,167.6,180.0,18.8,16:58:00,17:16:48,198.8
FARM101432,Farmer_1432,PC001,Mysuru Central,2026-04-11,16:34:00,16,5,0,7,2,3,3,Sugarcane,182.8,B,8,9.4,9.5,15.1,16:43:30,16:58:36,24.6
FARM100614,Farmer_0614,PC004,Tumakuru Main,2026-01-05,10:37:00,10,0,1,26,22,24,3,Maize,123.5,C,1,98.2,108.0,13.8,12:25:00,12:38:48,121.8
FARM101531,Farmer_1531,PC005,Bengaluru Rural,2026-03-26,13:18:00,13,3,1,9,4,5,5,Cotton,40.0,C,3,11.9,12.8,15.5,13:30:48,13:46:18,28.3
FARM101783,Farmer_1783,PC005,Bengaluru Rural,2026-03-05,09:50:00,9,3,0,11,7,8,6,Rice,224.9,B,9,5.9,6.3,7.4,09:56:18,10:03:42,13.7
FARM101659,Farmer_1659,PC003,Hassan Market,2026-02-06,10:37:00,10,4,1,39,34,35,4,Wheat,274.6,C,4,98.7,98.7,12.2,12:15:42,12:27:54,110.9
FARM100454,Farmer_0454,PC002,Mandya North,2026-04-29,12:51:00,12,2,1,31,30,36,1,Cotton,223.8,B,2,189.1,180.0,14.8,15:51:00,16:05:48,194.8
FARM100731,Farmer_0731,PC002,Mandya North,2026-01-14,10:47:00,10,2,1,50,45,49,3,Cotton,300.5,A,3,181.9,180.0,13.8,13:47:00,14:00:48,193.8
FARM100535,Farmer_0535,PC005,Bengaluru Rural,2026-02-21,08:02:00,8,5,0,45,44,50,5,Ragi,339.8,C,7,111.8,104.7,13.9,09:46:42,10:00:36,118.6
FARM100966,Farmer_0966,PC001,Mysuru Central,2026-01-17,14:25:00,14,5,0,41,36,41,3,Rice,472.0,C,9,195.1,180.0,15.6,17:25:00,17:40:36,195.6
FARM101285,Farmer_1285,PC004,Tumakuru Main,2026-01-01,12:32:00,12,3,1,16,11,16,3,Sugarcane,200.2,B,5,61.8,67.2,16.4,13:39:12,13:55:36,83.6
FARM101740,Farmer_1740,PC001,Mysuru Central,2026-04-11,13:45:00,13,5,1,26,22,26,4,Maize,269.1,C,6,62.6,68.8,11.6,14:53:48,15:05:24,80.4
FARM100262,Farmer_0262,PC005,Bengaluru Rural,2026-03-11,10:26:00,10,2,1,15,10,17,5,Ragi,40.0,B,5,17.1,16.8,7.0,10:42:48,10:49:48,23.8
FARM100536,Farmer_0536,PC004,Tumakuru Main,2026-01-26,09:52:00,9,0,0,9,8,12,3,Ragi,371.4,A,5,37.2,37.2,10.5,10:29:12,10:39:42,47.7
FARM100969,Farmer_0969,PC005,Bengaluru Rural,2026-01-22,11:07:00,11,3,1,24,19,22,4,Rice,273.2,B,8,50.2,53.9,10.7,12:00:54,12:11:36,64.6
FARM100241,Farmer_0241,PC002,Mandya North,2026-04-01,13:21:00,13,2,1,31,30,33,2,Cotton,292.6,B,6,186.9,180.0,15.7,16:21:00,16:36:42,195.7
FARM100820,Farmer_0820,PC004,Tumakuru Main,2026-04-29,14:56:00,14,2,0,45,44,51,3,Maize,56.8,A,7,112.5,104.1,6.8,16:40:06,16:46:54,110.9
FARM100693,Farmer_0693,PC001,Mysuru Central,2026-03-26,11:32:00,11,3,1,15,10,15,4,Ragi,40.0,C,4,28.3,26.9,8.3,11:58:54,12:07:12,35.2
FARM100421,Farmer_0421,PC005,Bengaluru Rural,2026-04-04,15:39:00,15,5,0,44,41,43,4,Cotton,87.7,A,3,114.1,113.7,11.9,17:32:42,17:44:36,125.6
FARM101086,Farmer_1086,PC001,Mysuru Central,2026-03-25,13:28:00,13,2,1,15,11,14,3,Maize,427.4,C,8,69.0,62.8,16.5,14:30:48,14:47:18,79.3
FARM101999,Farmer_1999,PC003,Hassan Market,2026-03-24,13:31:00,13,1,1,15,14,20,4,Rice,543.1,C,3,64.0,60.1,16.0,14:31:06,14:47:06,76.1
FARM100366,Farmer_0366,PC001,Mysuru Central,2026-01-31,14:28:00,14,5,0,13,8,12,3,Rice,391.1,B,2,32.5,34.2,12.8,15:02:12,15:15:00,47.0
FARM101023,Farmer_1023,PC005,Bengaluru Rural,2026-01-30,13:05:00,13,4,1,5,2,3,4,Tur Dal,420.4,A,1,13.4,14.8,13.5,13:19:48,13:33:18,28.3
FARM101241,Farmer_1241,PC002,Mandya North,2026-02-24,13:09:00,13,1,1,44,42,47,1,Wheat,371.5,C,5,185.0,180.0,11.9,16:09:00,16:20:54,191.9
FARM100589,Farmer_0589,PC002,Mandya North,2026-04-03,14:31:00,14,4,0,5,4,7,3,Sugarcane,340.8,B,8,23.3,22.7,15.7,14:53:42,15:09:24,38.4
FARM100737,Farmer_0737,PC002,Mandya North,2026-01-20,16:33:00,16,1,0,6,1,3,1,Ragi,501.7,B,8,18.5,17.6,14.4,16:50:36,17:05:00,32.0
FARM101762,Farmer_1762,PC004,Tumakuru Main,2026-03-14,16:40:00,16,5,0,4,0,5,3,Tur Dal,482.3,A,7,3.9,3.7,13.3,16:43:42,16:57:00,17.0
FARM100942,Farmer_0942,PC002,Mandya North,2026-03-28,10:01:00,10,5,1,16,11,12,2,Groundnut,434.8,A,7,94.2,101.0,15.7,11:42:00,11:57:42,116.7
FARM100072,Farmer_0072,PC002,Mandya North,2026-04-28,15:11:00,15,1,0,4,0,5,1,Cotton,396.5,C,9,1.0,1.0,16.2,15:12:00,15:28:12,17.2
FARM101408,Farmer_1408,PC003,Hassan Market,2026-03-29,10:38:00,10,6,1,16,12,14,5,Sugarcane,202.8,C,5,45.4,43.6,16.4,11:21:36,11:38:00,60.0
FARM100260,Farmer_0260,PC003,Hassan Market,2026-01-06,12:49:00,12,1,1,31,30,31,3,Wheat,375.7,C,1,143.9,136.4,14.8,15:05:24,15:20:12,151.2
FARM100052,Farmer_0052,PC001,Mysuru Central,2026-03-24,12:25:00,12,1,1,19,14,18,2,Cotton,272.5,B,3,108.3,102.9,13.3,14:07:54,14:21:12,116.2
FARM100199,Farmer_0199,PC002,Mandya North,2026-02-05,09:58:00,9,3,0,9,7,14,2,Cotton,383.7,B,7,58.7,53.9,14.3,10:51:54,11:06:12,68.2
FARM101789,Farmer_1789,PC002,Mandya North,2026-04-24,11:39:00,11,4,1,29,25,32,3,Cotton,161.8,B,6,103.5,114.7,12.4,13:33:42,13:46:06,127.1
FARM100651,Farmer_0651,PC001,Mysuru Central,2026-02-25,16:10:00,16,2,0,17,13,15,2,Rice,353.4,A,7,69.1,76.0,11.1,17:26:00,17:37:06,87.1
FARM100333,Farmer_0333,PC004,Tumakuru Main,2026-04-06,11:16:00,11,0,1,20,16,17,3,Groundnut,225.4,B,1,76.0,77.2,13.1,12:33:12,12:46:18,90.3
FARM101360,Farmer_1360,PC005,Bengaluru Rural,2026-01-06,12:38:00,12,1,1,27,25,29,6,Cotton,265.3,C,7,53.8,55.4,13.8,13:33:24,13:47:12,69.2
FARM100594,Farmer_0594,PC001,Mysuru Central,2026-02-25,12:18:00,12,2,1,17,16,19,3,Cotton,228.8,B,7,75.6,80.0,14.6,13:38:00,13:52:36,94.6
FARM101392,Farmer_1392,PC002,Mandya North,2026-01-16,14:35:00,14,4,0,40,39,41,2,Tur Dal,381.9,A,6,197.9,180.0,13.2,17:35:00,17:48:12,193.2
FARM101801,Farmer_1801,PC001,Mysuru Central,2026-01-19,16:17:00,16,0,0,23,19,25,3,Tur Dal,333.7,C,6,72.6,79.5,13.0,17:36:30,17:49:30,92.5
FARM101315,Farmer_1315,PC003,Hassan Market,2026-01-01,13:30:00,13,3,1,29,26,29,3,Ragi,357.5,B,10,100.3,97.3,11.6,15:07:18,15:18:54,108.9
FARM101112,Farmer_1112,PC003,Hassan Market,2026-04-18,15:49:00,15,5,0,14,11,18,3,Wheat,121.5,B,9,26.6,28.8,8.0,16:17:48,16:25:48,36.8
FARM101007,Farmer_1007,PC001,Mysuru Central,2026-03-12,09:10:00,9,3,0,21,16,22,3,Ragi,185.8,B,5,60.2,59.0,11.6,10:09:00,10:20:36,70.6
FARM101327,Farmer_1327,PC003,Hassan Market,2026-02-06,16:40:00,16,4,0,39,35,40,4,Tur Dal,482.5,C,10,116.0,120.9,14.8,18:40:54,18:55:42,135.7
FARM100427,Farmer_0427,PC004,Tumakuru Main,2026-04-05,10:15:00,10,6,1,26,22,24,3,Sugarcane,40.0,A,9,100.7,91.8,11.7,11:46:48,11:58:30,103.5
FARM101559,Farmer_1559,PC003,Hassan Market,2026-04-18,12:07:00,12,5,1,24,22,24,3,Tur Dal,391.7,B,9,75.2,76.1,10.6,13:23:06,13:33:42,86.7
FARM101294,Farmer_1294,PC005,Bengaluru Rural,2026-03-01,14:35:00,14,6,0,21,19,20,6,Groundnut,120.2,B,8,25.2,24.1,9.3,14:59:06,15:08:24,33.4
FARM100591,Farmer_0591,PC004,Tumakuru Main,2026-03-16,08:44:00,8,0,0,39,34,37,3,Cotton,269.3,B,8,169.4,157.0,13.2,11:21:00,11:34:12,170.2
FARM101958,Farmer_1958,PC004,Tumakuru Main,2026-02-22,15:59:00,15,6,0,23,20,23,3,Rice,40.0,C,6,62.0,66.7,10.0,17:05:42,17:15:42,76.7
FARM101977,Farmer_1977,PC001,Mysuru Central,2026-02-25,16:57:00,16,2,0,47,44,48,3,Rice,164.4,A,8,125.2,135.9,9.5,19:12:54,19:22:24,145.4
FARM101133,Farmer_1133,PC001,Mysuru Central,2026-03-28,09:21:00,9,5,0,28,23,30,3,Ragi,427.4,C,4,100.4,109.0,14.4,11:10:00,11:24:24,123.4
FARM100986,Farmer_0986,PC001,Mysuru Central,2026-04-25,15:59:00,15,5,0,27,26,28,3,Wheat,327.2,C,7,89.7,96.3,10.9,17:35:18,17:46:12,107.2
FARM100399,Farmer_0399,PC002,Mandya North,2026-03-20,11:41:00,11,4,1,35,34,40,2,Tur Dal,136.2,C,8,173.6,180.0,10.2,14:41:00,14:51:12,190.2
FARM101512,Farmer_1512,PC004,Tumakuru Main,2026-01-08,10:50:00,10,3,1,22,20,26,3,Tur Dal,121.9,C,6,82.4,89.7,12.6,12:19:42,12:32:18,102.3
FARM100437,Farmer_0437,PC005,Bengaluru Rural,2026-04-10,16:09:00,16,4,0,32,29,34,6,Groundnut,355.2,A,5,66.5,65.2,15.8,17:14:12,17:30:00,81.0
FARM100193,Farmer_0193,PC002,Mandya North,2026-02-12,14:27:00,14,3,0,35,33,34,2,Maize,316.9,A,9,185.6,180.0,11.9,17:27:00,17:38:54,191.9
FARM101436,Farmer_1436,PC001,Mysuru Central,2026-04-30,11:16:00,11,3,1,40,37,42,3,Sugarcane,273.0,A,7,162.2,180.0,14.4,14:16:00,14:30:24,194.4
FARM100615,Farmer_0615,PC005,Bengaluru Rural,2026-03-18,16:34:00,16,2,0,10,7,12,5,Ragi,300.9,A,6,12.0,11.6,9.9,16:45:36,16:55:30,21.5
FARM101494,Farmer_1494,PC003,Hassan Market,2026-01-25,11:07:00,11,6,1,26,24,27,5,Sugarcane,220.6,B,10,59.7,62.5,13.3,12:09:30,12:22:48,75.8
FARM100577,Farmer_0577,PC005,Bengaluru Rural,2026-02-27,08:11:00,8,4,0,43,40,47,6,Rice,363.4,B,7,69.0,76.1,13.3,09:27:06,09:40:24,89.4
FARM100987,Farmer_0987,PC001,Mysuru Central,2026-01-10,08:49:00,8,5,0,11,8,12,3,Rice,103.5,C,7,25.7,27.8,8.3,09:16:48,09:25:06,36.1
FARM101433,Farmer_1433,PC002,Mandya North,2026-01-05,10:46:00,10,0,1,16,11,17,3,Maize,346.9,A,5,59.3,55.1,11.8,11:41:06,11:52:54,66.9
FARM100707,Farmer_0707,PC004,Tumakuru Main,2026-03-24,12:58:00,12,1,1,45,41,46,3,Wheat,470.3,B,8,182.6,180.0,13.1,15:58:00,16:11:06,193.1
FARM101259,Farmer_1259,PC001,Mysuru Central,2026-03-21,09:08:00,9,5,0,5,3,6,3,Tur Dal,104.1,C,6,15.5,16.9,7.7,09:24:54,09:32:36,24.6
FARM100142,Farmer_0142,PC004,Tumakuru Main,2026-01-17,16:09:00,16,5,0,19,18,20,3,Ragi,306.2,A,3,60.6,64.7,9.6,17:13:42,17:23:18,74.3
FARM101358,Farmer_1358,PC004,Tumakuru Main,2026-01-19,08:06:00,8,0,0,40,38,40,2,Ragi,160.6,A,9,150.4,155.9,7.8,10:41:54,10:49:42,163.7
FARM100003,Farmer_0003,PC003,Hassan Market,2026-04-18,14:46:00,14,5,0,35,34,41,3,Maize,320.2,B,6,139.1,140.0,13.2,17:06:00,17:19:12,153.2
FARM101222,Farmer_1222,PC003,Hassan Market,2026-03-19,12:27:00,12,3,1,30,27,31,4,Tur Dal,279.2,C,8,85.9,80.5,12.8,13:47:30,14:00:18,93.3
FARM101870,Farmer_1870,PC003,Hassan Market,2026-03-10,08:49:00,8,1,0,26,21,22,4,Groundnut,245.8,C,5,66.3,66.8,13.6,09:55:48,10:09:24,80.4
FARM101623,Farmer_1623,PC004,Tumakuru Main,2026-01-07,15:17:00,15,2,0,38,33,36,2,Ragi,274.6,C,1,172.0,180.0,14.3,18:17:00,18:31:18,194.3
FARM100340,Farmer_0340,PC004,Tumakuru Main,2026-02-28,09:51:00,9,5,0,40,39,46,2,Maize,260.4,A,3,181.1,180.0,13.6,12:51:00,13:04:36,193.6
FARM101770,Farmer_1770,PC003,Hassan Market,2026-02-18,09:19:00,9,2,0,29,26,28,4,Maize,378.0,C,3,95.3,87.1,14.2,10:46:06,11:00:18,101.3
FARM101537,Farmer_1537,PC003,Hassan Market,2026-01-06,12:17:00,12,1,1,32,27,32,3,Groundnut,247.7,C,3,106.8,108.4,12.6,14:05:24,14:18:00,121.0
FARM100484,Farmer_0484,PC003,Hassan Market,2026-02-19,11:36:00,11,3,1,39,36,40,4,Cotton,262.3,C,6,134.1,133.3,14.9,13:49:18,14:04:12,148.2
FARM100266,Farmer_0266,PC002,Mandya North,2026-04-20,11:39:00,11,0,1,9,8,15,1,Sugarcane,370.1,A,1,163.8,169.3,19.0,14:28:18,14:47:18,188.3
FARM100377,Farmer_0377,PC003,Hassan Market,2026-04-10,13:10:00,13,4,1,50,45,50,3,Sugarcane,232.3,B,5,170.7,180.0,13.1,16:10:00,16:23:06,193.1
FARM100742,Farmer_0742,PC003,Hassan Market,2026-01-25,12:40:00,12,6,1,4,1,7,4,Maize,432.2,A,2,7.5,7.7,15.1,12:47:42,13:02:48,22.8
FARM101014,Farmer_1014,PC002,Mandya North,2026-04-01,08:40:00,8,2,0,22,20,26,3,Sugarcane,178.9,A,2,121.9,112.7,16.4,10:32:42,10:49:06,129.1
FARM100440,Farmer_0440,PC001,Mysuru Central,2026-02-22,11:21:00,11,6,1,3,2,8,4,Tur Dal,208.5,B,8,13.4,13.8,10.3,11:34:48,11:45:06,24.1
FARM100272,Farmer_0272,PC001,Mysuru Central,2026-03-02,14:34:00,14,0,0,40,38,44,3,Rice,248.1,A,4,139.5,135.7,10.6,16:49:42,17:00:18,146.3
FARM100185,Farmer_0185,PC002,Mandya North,2026-01-11,13:01:00,13,6,1,15,10,11,2,Maize,392.5,C,4,93.1,87.1,14.9,14:28:06,14:43:00,102.0
FARM100940,Farmer_0940,PC002,Mandya North,2026-01-12,08:12:00,8,0,0,32,31,33,2,Tur Dal,450.2,C,2,179.9,180.0,15.2,11:12:00,11:27:12,195.2
FARM100245,Farmer_0245,PC004,Tumakuru Main,2026-02-04,14:40:00,14,2,0,32,28,29,2,Tur Dal,102.1,C,10,164.9,166.5,11.7,17:26:30,17:38:12,178.2
FARM100932,Farmer_0932,PC002,Mandya North,2026-04-15,13:43:00,13,2,1,9,6,8,1,Maize,291.0,A,5,79.9,84.1,13.2,15:07:06,15:20:18,97.3
FARM100446,Farmer_0446,PC002,Mandya North,2026-01-18,08:58:00,8,6,0,26,21,28,2,Wheat,417.7,B,1,171.5,157.6,14.1,11:35:36,11:49:42,171.7
FARM100597,Farmer_0597,PC005,Bengaluru Rural,2026-03-14,12:56:00,12,5,1,20,18,24,5,Groundnut,243.6,B,9,52.4,53.8,12.9,13:49:48,14:02:42,66.7
FARM100818,Farmer_0818,PC003,Hassan Market,2026-03-13,09:02:00,9,4,0,10,8,10,4,Cotton,365.5,B,9,27.7,29.5,13.9,09:31:30,09:45:24,43.4
FARM101273,Farmer_1273,PC003,Hassan Market,2026-01-14,15:56:00,15,2,0,3,2,8,4,Maize,76.6,C,10,1.0,1.0,8.5,15:57:00,16:05:30,9.5
FARM101677,Farmer_1677,PC004,Tumakuru Main,2026-04-14,13:48:00,13,1,1,18,16,18,2,Rice,289.9,B,5,107.4,100.1,12.0,15:28:06,15:40:06,112.1
FARM100487,Farmer_0487,PC005,Bengaluru Rural,2026-01-02,15:36:00,15,4,0,17,15,22,5,Cotton,213.9,C,7,34.8,33.7,15.3,16:09:42,16:25:00,49.0
FARM100681,Farmer_0681,PC005,Bengaluru Rural,2026-01-23,15:35:00,15,4,0,33,31,32,5,Groundnut,338.5,A,10,58.8,53.7,9.7,16:28:42,16:38:24,63.4
FARM100416,Farmer_0416,PC005,Bengaluru Rural,2026-01-10,11:43:00,11,5,1,28,27,28,5,Ragi,312.2,A,6,53.6,56.6,9.6,12:39:36,12:49:12,66.2
FARM100274,Farmer_0274,PC001,Mysuru Central,2026-04-04,16:27:00,16,5,0,15,14,16,3,Tur Dal,180.4,C,2,65.7,71.8,14.2,17:38:48,17:53:00,86.0
FARM101472,Farmer_1472,PC005,Bengaluru Rural,2026-02-26,08:55:00,8,3,0,28,25,29,5,Cotton,120.9,B,8,41.7,39.4,10.3,09:34:24,09:44:42,49.7
FARM101830,Farmer_1830,PC004,Tumakuru Main,2026-01-23,12:19:00,12,4,1,18,15,19,3,Groundnut,129.9,A,5,56.3,59.5,10.5,13:18:30,13:29:00,70.0
FARM101455,Farmer_1455,PC002,Mandya North,2026-04-09,13:51:00,13,3,1,25,23,27,2,Tur Dal,325.3,B,7,187.1,176.0,14.0,16:47:00,17:01:00,190.0
FARM100251,Farmer_0251,PC005,Bengaluru Rural,2026-04-28,13:37:00,13,1,1,34,29,33,5,Cotton,179.3,C,4,80.1,86.1,15.8,15:03:06,15:18:54,101.9
FARM100414,Farmer_0414,PC005,Bengaluru Rural,2026-01-27,13:23:00,13,1,1,48,44,46,6,Groundnut,193.4,C,8,96.6,88.5,12.7,14:51:30,15:04:12,101.2
FARM101386,Farmer_1386,PC002,Mandya North,2026-03-30,12:01:00,12,0,1,5,3,6,1,Tur Dal,129.4,C,2,50.1,46.4,11.7,12:47:24,12:59:06,58.1
FARM101308,Farmer_1308,PC004,Tumakuru Main,2026-03-01,15:43:00,15,6,0,25,23,27,3,Cotton,218.7,C,1,119.4,122.8,14.9,17:45:48,18:00:42,137.7
FARM100716,Farmer_0716,PC005,Bengaluru Rural,2026-04-18,10:39:00,10,5,1,18,17,21,6,Ragi,552.8,C,10,36.8,40.0,13.4,11:19:00,11:32:24,53.4
FARM100311,Farmer_0311,PC005,Bengaluru Rural,2026-04-07,16:23:00,16,1,0,10,5,9,5,Sugarcane,329.2,C,5,13.6,12.7,16.6,16:35:42,16:52:18,29.3
FARM100927,Farmer_0927,PC004,Tumakuru Main,2026-02-05,09:30:00,9,3,0,30,29,34,3,Rice,337.3,A,1,126.2,120.9,12.3,11:30:54,11:43:12,133.2
FARM100382,Farmer_0382,PC005,Bengaluru Rural,2026-02-14,15:45:00,15,5,0,12,7,8,5,Maize,317.0,C,8,19.1,21.2,13.8,16:06:12,16:20:00,35.0
FARM101566,Farmer_1566,PC003,Hassan Market,2026-01-27,10:47:00,10,1,1,47,45,48,3,Cotton,187.0,A,1,197.6,180.0,14.1,13:47:00,14:01:06,194.1
FARM100426,Farmer_0426,PC003,Hassan Market,2026-03-20,09:43:00,9,4,0,15,12,18,4,Tur Dal,387.1,A,4,29.7,28.9,11.1,10:11:54,10:23:00,40.0
FARM101875,Farmer_1875,PC005,Bengaluru Rural,2026-01-23,12:14:00,12,4,1,9,4,11,5,Sugarcane,234.3,C,6,14.1,14.2,16.2,12:28:12,12:44:24,30.4
FARM100533,Farmer_0533,PC003,Hassan Market,2026-02-24,12:02:00,12,1,1,15,12,17,3,Maize,172.3,C,1,44.5,44.9,10.8,12:46:54,12:57:42,55.7
FARM100753,Farmer_0753,PC002,Mandya North,2026-03-07,12:12:00,12,5,1,33,32,36,2,Maize,368.6,B,6,190.3,180.0,13.4,15:12:00,15:25:24,193.4
FARM100766,Farmer_0766,PC005,Bengaluru Rural,2026-01-24,09:15:00,9,5,0,9,6,8,5,Cotton,229.8,B,2,11.9,12.2,14.1,09:27:12,09:41:18,26.3
FARM101357,Farmer_1357,PC004,Tumakuru Main,2026-03-17,16:06:00,16,1,0,18,17,24,3,Rice,147.6,C,3,69.7,72.6,12.9,17:18:36,17:31:30,85.5
FARM100409,Farmer_0409,PC004,Tumakuru Main,2026-02-10,14:48:00,14,1,0,13,11,14,3,Rice,233.5,B,2,38.8,37.4,10.5,15:25:24,15:35:54,47.9
FARM101615,Farmer_1615,PC004,Tumakuru Main,2026-02-09,09:40:00,9,0,0,35,33,35,3,Cotton,332.7,B,8,174.1,159.9,13.9,12:19:54,12:33:48,173.8
FARM100695,Farmer_0695,PC002,Mandya North,2026-04-26,15:35:00,15,6,0,2,0,7,2,Sugarcane,310.1,B,9,1.1,1.0,15.9,15:36:00,15:51:54,16.9
FARM101739,Farmer_1739,PC001,Mysuru Central,2026-01-29,09:34:00,9,3,0,22,18,20,2,Cotton,447.4,A,9,143.3,157.3,16.6,12:11:18,12:27:54,173.9
FARM100549,Farmer_0549,PC001,Mysuru Central,2026-04-16,11:27:00,11,3,1,22,18,24,3,Tur Dal,374.0,B,5,88.7,88.7,13.1,12:55:42,13:08:48,101.8
FARM100937,Farmer_0937,PC001,Mysuru Central,2026-02-07,09:41:00,9,5,0,32,28,29,3,Rice,424.8,A,2,118.4,111.6,11.6,11:32:36,11:44:12,123.2
FARM101390,Farmer_1390,PC004,Tumakuru Main,2026-02-07,14:56:00,14,5,0,29,24,25,3,Maize,289.9,A,7,111.2,102.0,11.8,16:38:00,16:49:48,113.8
FARM101608,Farmer_1608,PC005,Bengaluru Rural,2026-02-04,14:30:00,14,2,0,19,18,20,5,Tur Dal,380.2,C,4,50.3,47.3,14.7,15:17:18,15:32:00,62.0
FARM101940,Farmer_1940,PC001,Mysuru Central,2026-04-27,09:14:00,9,0,0,41,39,46,2,Rice,279.2,A,1,151.6,163.2,8.2,11:57:12,12:05:24,171.4
FARM101482,Farmer_1482,PC005,Bengaluru Rural,2026-01-06,11:17:00,11,1,1,12,10,14,5,Rice,431.7,B,1,30.9,28.5,13.7,11:45:30,11:59:12,42.2
FARM100183,Farmer_0183,PC001,Mysuru Central,2026-03-27,11:42:00,11,4,1,34,31,32,4,Ragi,310.0,B,2,89.2,93.6,11.7,13:15:36,13:27:18,105.3
FARM101941,Farmer_1941,PC001,Mysuru Central,2026-04-06,08:48:00,8,0,0,47,45,51,2,Groundnut,271.1,A,2,179.1,180.0,13.5,11:48:00,12:01:30,193.5
FARM101161,Farmer_1161,PC001,Mysuru Central,2026-02-27,09:10:00,9,4,0,19,17,24,4,Ragi,340.9,C,10,52.5,54.4,13.7,10:04:24,10:18:06,68.1
FARM100171,Farmer_0171,PC001,Mysuru Central,2026-04-12,12:28:00,12,6,1,37,33,38,3,Cotton,215.9,A,2,167.7,160.2,14.4,15:08:12,15:22:36,174.6
FARM100293,Farmer_0293,PC004,Tumakuru Main,2026-01-02,13:54:00,13,4,1,29,24,31,3,Maize,387.4,C,2,148.9,136.7,16.0,16:10:42,16:26:42,152.7
FARM100562,Farmer_0562,PC005,Bengaluru Rural,2026-02-08,15:05:00,15,6,0,3,0,7,5,Ragi,83.8,A,4,4.0,3.8,5.7,15:08:48,15:14:30,9.5
FARM101457,Farmer_1457,PC001,Mysuru Central,2026-01-30,15:45:00,15,4,0,28,23,26,2,Groundnut,217.6,C,7,132.8,130.9,11.8,17:55:54,18:07:42,142.7
FARM101877,Farmer_1877,PC002,Mandya North,2026-04-25,16:40:00,16,5,0,50,45,50,2,Tur Dal,345.7,B,10,163.6,180.0,14.1,19:40:00,19:54:06,194.1
FARM101652,Farmer_1652,PC004,Tumakuru Main,2026-04-11,10:38:00,10,5,1,12,9,14,3,Tur Dal,252.0,C,2,40.7,41.4,12.1,11:19:24,11:31:30,53.5
FARM100850,Farmer_0850,PC003,Hassan Market,2026-01-22,11:28:00,11,3,1,5,2,3,5,Tur Dal,291.9,A,8,14.4,15.4,12.1,11:43:24,11:55:30,27.5
FARM100273,Farmer_0273,PC001,Mysuru Central,2026-03-30,08:42:00,8,0,0,9,6,7,4,Maize,279.0,A,2,11.6,12.7,10.2,08:54:42,09:04:54,22.9
FARM101550,Farmer_1550,PC004,Tumakuru Main,2026-01-28,09:09:00,9,2,0,3,0,7,3,Wheat,222.2,A,9,1.1,1.0,10.1,09:10:00,09:20:06,11.1
FARM101035,Farmer_1035,PC005,Bengaluru Rural,2026-03-04,09:19:00,9,2,0,39,37,43,5,Sugarcane,351.0,A,1,139.6,129.6,19.6,11:28:36,11:48:12,149.2
FARM101744,Farmer_1744,PC001,Mysuru Central,2026-04-21,08:51:00,8,1,0,24,22,27,4,Sugarcane,467.0,A,4,100.6,102.6,18.3,10:33:36,10:51:54,120.9
FARM100372,Farmer_0372,PC005,Bengaluru Rural,2026-01-24,08:15:00,8,5,0,5,3,8,4,Rice,420.5,B,9,11.5,11.6,12.6,08:26:36,08:39:12,24.2
FARM101670,Farmer_1670,PC001,Mysuru Central,2026-01-10,16:03:00,16,5,0,34,33,40,4,Sugarcane,185.9,A,5,118.1,112.7,13.4,17:55:42,18:09:06,126.1
FARM100722,Farmer_0722,PC002,Mandya North,2026-01-26,12:18:00,12,0,1,31,28,32,2,Wheat,328.8,A,1,190.7,180.0,11.3,15:18:00,15:29:18,191.3
FARM100734,Farmer_0734,PC001,Mysuru Central,2026-04-05,12:22:00,12,6,1,40,35,38,3,Groundnut,260.2,C,1,194.0,180.0,16.1,15:22:00,15:38:06,196.1
FARM100778,Farmer_0778,PC001,Mysuru Central,2026-04-05,11:02:00,11,6,1,20,19,23,4,Tur Dal,460.4,A,5,59.8,66.0,11.7,12:08:00,12:19:42,77.7
FARM100519,Farmer_0519,PC005,Bengaluru Rural,2026-03-10,08:22:00,8,1,0,40,35,39,5,Tur Dal,411.9,C,4,86.5,86.5,13.8,09:48:30,10:02:18,100.3
FARM100335,Farmer_0335,PC005,Bengaluru Rural,2026-03-23,08:20:00,8,0,0,12,10,12,6,Cotton,330.6,A,1,15.2,16.4,12.1,08:36:24,08:48:30,28.5
FARM100846,Farmer_0846,PC001,Mysuru Central,2026-04-09,14:19:00,14,3,0,40,37,40,3,Wheat,264.5,B,7,73.4,77.8,6.0,15:36:48,15:42:48,83.8
FARM101252,Farmer_1252,PC003,Hassan Market,2026-02-18,09:23:00,9,2,0,40,37,42,5,Maize,365.0,C,8,76.8,69.8,10.4,10:32:48,10:43:12,80.2
FARM101053,Farmer_1053,PC003,Hassan Market,2026-02-22,08:53:00,8,6,0,40,35,36,4,Cotton,401.4,B,2,134.8,144.2,17.8,11:17:12,11:35:00,162.0
FARM101924,Farmer_1924,PC004,Tumakuru Main,2026-03-30,12:32:00,12,0,1,22,18,24,4,Wheat,436.2,C,3,75.6,82.8,15.2,13:54:48,14:10:00,98.0
FARM100016,Farmer_0016,PC003,Hassan Market,2026-04-29,16:10:00,16,2,0,8,7,11,4,Rice,145.2,C,10,15.5,16.1,10.2,16:26:06,16:36:18,26.3
FARM100708,Farmer_0708,PC004,Tumakuru Main,2026-03-31,12:16:00,12,1,1,21,18,23,4,Maize,272.5,C,6,76.8,72.4,12.7,13:28:24,13:41:06,85.1
FARM100901,Farmer_0901,PC004,Tumakuru Main,2026-04-26,16:28:00,16,6,0,31,30,34,2,Tur Dal,228.4,A,10,117.7,127.6,7.9,18:35:36,18:43:30,135.5
FARM101980,Farmer_1980,PC005,Bengaluru Rural,2026-02-19,08:50:00,8,3,0,45,41,45,5,Wheat,409.7,C,2,98.5,101.2,13.9,10:31:12,10:45:06,115.1
FARM101573,Farmer_1573,PC005,Bengaluru Rural,2026-04-21,12:03:00,12,1,1,12,10,12,4,Rice,259.1,A,6,26.2,26.8,7.6,12:29:48,12:37:24,34.4
FARM100904,Farmer_0904,PC002,Mandya North,2026-03-24,16:19:00,16,1,0,41,36,43,2,Wheat,100.2,B,8,162.6,157.5,8.1,18:56:30,19:04:36,165.6
FARM100466,Farmer_0466,PC002,Mandya North,2026-04-19,15:57:00,15,6,0,11,8,11,2,Wheat,306.3,B,1,56.4,51.5,12.6,16:48:30,17:01:06,64.1
FARM101978,Farmer_1978,PC003,Hassan Market,2026-02-15,12:36:00,12,6,1,32,29,31,4,Ragi,175.2,A,4,49.5,53.1,7.6,13:29:06,13:36:42,60.7
FARM100200,Farmer_0200,PC004,Tumakuru Main,2026-02-07,14:12:00,14,5,0,25,21,28,3,Ragi,393.7,A,4,87.8,95.9,12.5,15:47:54,16:00:24,108.4
FARM101207,Farmer_1207,PC005,Bengaluru Rural,2026-01-19,10:55:00,10,0,1,32,27,29,5,Cotton,178.7,C,7,88.4,83.1,16.6,12:18:06,12:34:42,99.7
FARM101056,Farmer_1056,PC004,Tumakuru Main,2026-01-08,14:55:00,14,3,0,41,39,43,3,Ragi,217.5,C,5,149.2,143.2,10.3,17:18:12,17:28:30,153.5
FARM101132,Farmer_1132,PC002,Mandya North,2026-04-20,12:20:00,12,0,1,39,35,37,2,Ragi,220.3,A,1,176.8,180.0,9.4,15:20:00,15:29:24,189.4
FARM101380,Farmer_1380,PC002,Mandya North,2026-01-09,13:30:00,13,4,1,15,13,14,2,Sugarcane,175.9,C,5,122.6,111.9,15.1,15:21:54,15:37:00,127.0
FARM100999,Farmer_0999,PC003,Hassan Market,2026-03-11,16:06:00,16,2,0,48,43,44,4,Sugarcane,437.3,B,4,168.8,180.0,21.0,19:06:00,19:27:00,201.0
FARM100728,Farmer_0728,PC004,Tumakuru Main,2026-02-05,08:17:00,8,3,0,42,38,45,3,Tur Dal,159.0,A,4,145.1,149.8,11.4,10:46:48,10:58:12,161.2
FARM101772,Farmer_1772,PC001,Mysuru Central,2026-04-17,10:54:00,10,4,1,42,39,43,3,Maize,322.8,B,10,169.3,180.0,13.5,13:54:00,14:07:30,193.5
FARM101910,Farmer_1910,PC005,Bengaluru Rural,2026-01-28,08:54:00,8,2,0,39,36,40,6,Groundnut,448.1,B,8,83.5,76.9,14.0,10:10:54,10:24:54,90.9
FARM101822,Farmer_1822,PC005,Bengaluru Rural,2026-01-04,12:47:00,12,6,1,38,33,36,4,Cotton,396.1,A,10,89.3,95.1,12.3,14:22:06,14:34:24,107.4
FARM100568,Farmer_0568,PC001,Mysuru Central,2026-03-13,11:55:00,11,4,1,33,31,36,3,Cotton,282.6,B,7,145.0,147.0,13.7,14:22:00,14:35:42,160.7
FARM100044,Farmer_0044,PC004,Tumakuru Main,2026-04-26,12:48:00,12,6,1,35,33,37,3,Tur Dal,343.9,C,6,151.0,163.6,13.8,15:31:36,15:45:24,177.4
FARM100275,Farmer_0275,PC005,Bengaluru Rural,2026-03-14,10:59:00,10,5,1,34,30,31,5,Wheat,345.0,C,5,75.2,69.2,11.5,12:08:12,12:19:42,80.7
FARM101097,Farmer_1097,PC001,Mysuru Central,2026-01-15,09:27:00,9,3,0,33,29,34,3,Rice,236.6,A,8,115.8,109.1,11.1,11:16:06,11:27:12,120.2
FARM100102,Farmer_0102,PC002,Mandya North,2026-03-12,10:19:00,10,3,1,39,34,35,2,Cotton,280.4,C,5,165.1,180.0,12.2,13:19:00,13:31:12,192.2
FARM101232,Farmer_1232,PC001,Mysuru Central,2026-04-06,16:48:00,16,0,0,3,0,5,4,Ragi,176.6,C,9,1.0,1.0,9.2,16:49:00,16:58:12,10.2
FARM101722,Farmer_1722,PC003,Hassan Market,2026-04-25,16:37:00,16,5,0,46,45,48,4,Cotton,361.0,A,2,173.0,177.1,16.7,19:34:06,19:50:48,193.8
FARM101833,Farmer_1833,PC003,Hassan Market,2026-04-02,08:24:00,8,3,0,25,20,25,3,Maize,244.0,A,3,74.2,76.9,12.4,09:40:54,09:53:18,89.3
FARM100108,Farmer_0108,PC001,Mysuru Central,2026-01-22,10:20:00,10,3,1,20,16,17,3,Rice,531.0,B,3,79.2,85.9,15.9,11:45:54,12:01:48,101.8
FARM101618,Farmer_1618,PC001,Mysuru Central,2026-03-20,14:59:00,14,4,0,13,10,11,3,Ragi,224.6,A,9,23.4,24.8,8.3,15:23:48,15:32:06,33.1
FARM100498,Farmer_0498,PC002,Mandya North,2026-02-09,14:11:00,14,0,0,5,3,9,2,Cotton,300.9,C,5,25.1,23.1,13.3,14:34:06,14:47:24,36.4
FARM101981,Farmer_1981,PC003,Hassan Market,2026-01-12,11:42:00,11,0,1,23,19,25,4,Groundnut,415.7,B,10,69.1,75.6,14.8,12:57:36,13:12:24,90.4
FARM100882,Farmer_0882,PC003,Hassan Market,2026-02-12,16:23:00,16,3,0,8,4,9,4,Sugarcane,270.4,A,9,17.5,17.3,15.4,16:40:18,16:55:42,32.7
FARM100757,Farmer_0757,PC004,Tumakuru Main,2026-04-13,08:46:00,8,0,0,40,36,40,3,Cotton,195.2,C,9,176.1,180.0,16.8,11:46:00,12:02:48,196.8
FARM100620,Farmer_0620,PC003,Hassan Market,2026-01-03,16:03:00,16,5,0,20,19,24,4,Sugarcane,221.9,B,6,69.0,71.0,15.0,17:14:00,17:29:00,86.0
FARM101107,Farmer_1107,PC002,Mandya North,2026-04-22,09:39:00,9,2,0,26,24,28,1,Cotton,296.1,A,1,185.9,180.0,15.1,12:39:00,12:54:06,195.1
FARM101936,Farmer_1936,PC004,Tumakuru Main,2026-01-03,10:18:00,10,5,1,26,21,23,3,Ragi,158.7,B,9,40.6,44.7,5.7,11:02:42,11:08:24,50.4
FARM100810,Farmer_0810,PC002,Mandya North,2026-01-04,13:33:00,13,6,1,28,23,24,1,Groundnut,260.2,B,8,187.1,180.0,13.1,16:33:00,16:46:06,193.1
FARM101038,Farmer_1038,PC002,Mandya North,2026-02-03,16:29:00,16,1,0,12,8,15,2,Maize,40.0,B,10,31.5,34.5,8.4,17:03:30,17:11:54,42.9
FARM100073,Farmer_0073,PC004,Tumakuru Main,2026-03-10,10:45:00,10,1,1,34,33,39,4,Wheat,303.9,B,10,77.8,79.5,8.8,12:04:30,12:13:18,88.3
FARM101284,Farmer_1284,PC005,Bengaluru Rural,2026-04-03,13:07:00,13,4,1,13,9,10,5,Wheat,309.5,B,3,17.7,17.9,9.6,13:24:54,13:34:30,27.5
FARM101272,Farmer_1272,PC004,Tumakuru Main,2026-03-17,12:58:00,12,1,1,38,34,40,4,Rice,340.0,B,9,94.5,93.9,9.7,14:31:54,14:41:36,103.6
FARM101335,Farmer_1335,PC002,Mandya North,2026-02-01,10:19:00,10,6,1,27,25,32,2,Wheat,180.2,C,7,107.6,104.0,7.7,12:03:00,12:10:42,111.7
FARM101459,Farmer_1459,PC001,Mysuru Central,2026-03-15,08:12:00,8,6,0,44,41,43,2,Groundnut,290.6,B,5,167.6,180.0,13.6,11:12:00,11:25:36,193.6
FARM100482,Farmer_0482,PC002,Mandya North,2026-04-15,09:44:00,9,2,0,9,8,15,2,Tur Dal,315.6,C,1,65.1,62.9,14.6,10:46:54,11:01:30,77.5
FARM101069,Farmer_1069,PC001,Mysuru Central,2026-01-21,15:37:00,15,2,0,29,27,33,4,Wheat,181.9,C,8,52.6,58.3,9.2,16:35:18,16:44:30,67.5
FARM100507,Farmer_0507,PC005,Bengaluru Rural,2026-03-11,13:30:00,13,2,1,21,20,23,5,Tur Dal,629.8,A,6,68.3,65.5,15.8,14:35:30,14:51:18,81.3
FARM101238,Farmer_1238,PC002,Mandya North,2026-03-30,13:07:00,13,0,1,19,14,15,2,Wheat,420.7,C,2,86.6,93.7,11.7,14:40:42,14:52:24,105.4
FARM101862,Farmer_1862,PC005,Bengaluru Rural,2026-04-18,09:03:00,9,5,0,30,28,34,5,Wheat,279.0,C,7,61.0,59.6,11.5,10:02:36,10:14:06,71.1
FARM101990,Farmer_1990,PC004,Tumakuru Main,2026-01-22,16:06:00,16,3,0,38,37,41,3,Wheat,319.3,A,6,110.7,117.2,8.7,18:03:12,18:11:54,125.9
FARM101477,Farmer_1477,PC005,Bengaluru Rural,2026-03-03,13:40:00,13,1,1,9,8,12,4,Ragi,311.0,C,10,24.2,22.1,8.5,14:02:06,14:10:36,30.6
FARM101867,Farmer_1867,PC002,Mandya North,2026-03-06,12:11:00,12,4,1,24,21,22,2,Rice,260.5,A,4,136.6,125.7,10.8,14:16:42,14:27:30,136.5
FARM101456,Farmer_1456,PC004,Tumakuru Main,2026-02-04,09:40:00,9,2,0,15,11,17,3,Rice,195.4,B,5,41.1,42.0,10.9,10:22:00,10:32:54,52.9
FARM100312,Farmer_0312,PC005,Bengaluru Rural,2026-03-31,15:18:00,15,1,0,46,43,45,5,Ragi,329.1,A,2,83.4,87.9,11.6,16:45:54,16:57:30,99.5
FARM100963,Farmer_0963,PC002,Mandya North,2026-04-27,11:46:00,11,0,1,13,10,11,3,Sugarcane,327.5,C,4,61.0,65.7,17.6,12:51:42,13:09:18,83.3
FARM100406,Farmer_0406,PC003,Hassan Market,2026-04-03,14:00:00,14,4,0,23,21,25,4,Wheat,227.5,C,9,53.0,50.2,9.6,14:50:12,14:59:48,59.8
FARM101331,Farmer_1331,PC003,Hassan Market,2026-03-24,10:33:00,10,1,1,37,35,38,5,Cotton,194.2,A,2,83.2,87.7,12.1,12:00:42,12:12:48,99.8
FARM101650,Farmer_1650,PC003,Hassan Market,2026-01-07,12:53:00,12,2,1,4,1,6,4,Maize,257.3,A,5,11.3,11.2,8.3,13:04:12,13:12:30,19.5
FARM100310,Farmer_0310,PC002,Mandya North,2026-02-03,10:35:00,10,1,1,20,17,23,1,Groundnut,275.4,C,8,194.9,180.0,15.4,13:35:00,13:50:24,195.4
FARM100227,Farmer_0227,PC002,Mandya North,2026-04-03,08:16:00,8,4,0,11,6,11,2,Maize,437.9,A,6,50.1,49.4,13.7,09:05:24,09:19:06,63.1
FARM101858,Farmer_1858,PC002,Mandya North,2026-02-04,14:33:00,14,2,0,43,40,46,3,Tur Dal,246.2,A,9,139.7,146.0,10.1,16:59:00,17:09:06,156.1
FARM100711,Farmer_0711,PC002,Mandya North,2026-01-29,08:03:00,8,3,0,38,33,35,3,Wheat,362.1,B,8,106.1,114.4,9.4,09:57:24,10:06:48,123.8
FARM101944,Farmer_1944,PC002,Mandya North,2026-04-07,09:16:00,9,1,0,9,4,8,2,Sugarcane,269.2,B,8,39.0,35.7,16.3,09:51:42,10:08:00,52.0
FARM101384,Farmer_1384,PC002,Mandya North,2026-03-22,09:42:00,9,6,0,4,0,7,3,Sugarcane,376.1,B,10,1.1,1.0,14.8,09:43:00,09:57:48,15.8
FARM101786,Farmer_1786,PC005,Bengaluru Rural,2026-03-13,12:25:00,12,4,1,35,30,36,5,Tur Dal,303.4,B,6,61.1,66.9,11.7,13:31:54,13:43:36,78.6
FARM100149,Farmer_0149,PC004,Tumakuru Main,2026-02-06,10:46:00,10,4,1,14,9,14,3,Wheat,320.1,B,10,28.5,31.3,9.4,11:17:18,11:26:42,40.7
FARM101555,Farmer_1555,PC002,Mandya North,2026-04-14,11:18:00,11,1,1,25,23,25,1,Maize,494.7,C,8,166.3,180.0,12.6,14:18:00,14:30:36,192.6
FARM101957,Farmer_1957,PC005,Bengaluru Rural,2026-04-07,12:18:00,12,1,1,16,12,17,5,Sugarcane,168.1,B,8,40.6,40.2,15.5,12:58:12,13:13:42,55.7
FARM100926,Farmer_0926,PC001,Mysuru Central,2026-03-28,09:00:00,9,5,0,30,25,27,3,Tur Dal,427.0,B,7,120.6,117.9,13.0,10:57:54,11:10:54,130.9
FARM100943,Farmer_0943,PC003,Hassan Market,2026-02-07,14:24:00,14,5,0,20,16,19,4,Tur Dal,371.4,A,8,49.9,48.4,11.7,15:12:24,15:24:06,60.1
FARM100837,Farmer_0837,PC001,Mysuru Central,2026-02-18,13:06:00,13,2,1,10,7,12,3,Wheat,353.8,C,2,31.8,35.3,13.7,13:41:18,13:55:00,49.0
FARM100576,Farmer_0576,PC003,Hassan Market,2026-01-16,13:47:00,13,4,1,48,44,50,4,Groundnut,233.8,B,4,140.3,132.2,12.8,15:59:12,16:12:00,145.0
FARM100558,Farmer_0558,PC004,Tumakuru Main,2026-01-02,14:21:00,14,4,0,35,34,40,2,Maize,219.9,C,5,180.4,180.0,12.9,17:21:00,17:33:54,192.9
FARM101236,Farmer_1236,PC005,Bengaluru Rural,2026-02-10,13:35:00,13,1,1,16,12,14,5,Tur Dal,228.9,C,3,39.1,36.8,14.3,14:11:48,14:26:06,51.1
FARM101361,Farmer_1361,PC002,Mandya North,2026-01-07,09:47:00,9,2,0,7,5,7,2,Wheat,362.3,B,8,28.3,25.8,10.0,10:12:48,10:22:48,35.8
FARM101348,Farmer_1348,PC002,Mandya North,2026-03-08,13:22:00,13,6,1,17,12,14,2,Wheat,189.9,C,1,70.1,69.2,9.9,14:31:12,14:41:06,79.1
FARM101162,Farmer_1162,PC002,Mandya North,2026-03-23,09:08:00,9,0,0,36,35,42,2,Rice,296.3,A,9,164.2,180.0,10.5,12:08:00,12:18:30,190.5
FARM101443,Farmer_1443,PC004,Tumakuru Main,2026-04-15,15:25:00,15,2,0,32,27,34,2,Cotton,234.6,A,1,177.3,180.0,13.6,18:25:00,18:38:36,193.6
FARM100287,Farmer_0287,PC002,Mandya North,2026-01-04,12:35:00,12,6,1,17,14,21,1,Rice,226.7,C,6,165.1,180.0,13.2,15:35:00,15:48:12,193.2
FARM101605,Farmer_1605,PC002,Mandya North,2026-03-19,16:05:00,16,3,0,31,27,29,3,Ragi,456.1,B,4,109.3,120.3,12.1,18:05:18,18:17:24,132.4
FARM101058,Farmer_1058,PC001,Mysuru Central,2026-04-07,16:21:00,16,1,0,33,31,38,3,Wheat,116.3,A,8,64.1,63.3,6.3,17:24:18,17:30:36,69.6
FARM100599,Farmer_0599,PC001,Mysuru Central,2026-04-05,13:25:00,13,6,1,23,21,24,3,Cotton,346.0,B,4,122.2,120.4,15.9,15:25:24,15:41:18,136.3
FARM100933,Farmer_0933,PC005,Bengaluru Rural,2026-04-29,12:52:00,12,2,1,33,32,34,5,Rice,235.7,A,9,63.2,62.5,9.6,13:54:30,14:04:06,72.1
FARM101462,Farmer_1462,PC003,Hassan Market,2026-04-19,14:56:00,14,6,0,21,19,25,3,Maize,301.7,B,1,67.5,64.6,11.6,16:00:36,16:12:12,76.2
FARM101638,Farmer_1638,PC003,Hassan Market,2026-03-09,14:28:00,14,0,0,20,15,19,4,Wheat,195.8,A,8,27.4,27.2,6.8,14:55:12,15:02:00,34.0
FARM101588,Farmer_1588,PC005,Bengaluru Rural,2026-03-18,09:07:00,9,2,0,6,3,9,5,Maize,163.4,B,7,9.7,10.5,10.2,09:17:30,09:27:42,20.7
FARM101041,Farmer_1041,PC002,Mandya North,2026-03-05,14:43:00,14,3,0,49,44,50,2,Maize,386.7,A,6,181.4,180.0,11.8,17:43:00,17:54:48,191.8
FARM101231,Farmer_1231,PC002,Mandya North,2026-01-09,13:49:00,13,4,1,46,43,47,2,Sugarcane,93.4,A,7,194.7,180.0,13.1,16:49:00,17:02:06,193.1
FARM100807,Farmer_0807,PC003,Hassan Market,2026-03-04,16:03:00,16,2,0,25,23,29,3,Tur Dal,40.0,B,10,50.3,49.5,7.3,16:52:30,16:59:48,56.8
FARM100905,Farmer_0905,PC001,Mysuru Central,2026-01-02,12:42:00,12,4,1,35,34,35,3,Cotton,274.4,C,10,181.2,169.8,15.1,15:31:48,15:46:54,184.9
FARM101680,Farmer_1680,PC002,Mandya North,2026-02-28,09:26:00,9,5,0,30,25,27,3,Maize,276.4,A,10,76.7,75.7,8.6,10:41:42,10:50:18,84.3
FARM101205,Farmer_1205,PC003,Hassan Market,2026-04-13,12:19:00,12,0,1,29,27,33,4,Tur Dal,268.2,C,5,67.7,74.8,11.1,13:33:48,13:44:54,85.9
FARM100768,Farmer_0768,PC004,Tumakuru Main,2026-04-08,10:58:00,10,2,1,44,40,41,2,Sugarcane,288.9,A,8,183.5,180.0,16.6,13:58:00,14:14:36,196.6
FARM100610,Farmer_0610,PC002,Mandya North,2026-02-28,10:58:00,10,5,1,50,45,50,2,Wheat,183.7,C,5,176.6,180.0,10.3,13:58:00,14:08:18,190.3
FARM101993,Farmer_1993,PC002,Mandya North,2026-01-24,12:37:00,12,5,1,5,1,7,2,Rice,337.9,A,3,16.3,14.9,12.4,12:51:54,13:04:18,27.3
FARM101565,Farmer_1565,PC002,Mandya North,2026-01-07,12:16:00,12,2,1,8,4,9,1,Maize,127.4,B,8,35.4,36.9,7.4,12:52:54,13:00:18,44.3
FARM101423,Farmer_1423,PC001,Mysuru Central,2026-01-08,13:18:00,13,3,1,36,34,36,3,Wheat,415.5,C,8,145.4,145.0,12.9,15:43:00,15:55:54,157.9
FARM101011,Farmer_1011,PC004,Tumakuru Main,2026-01-25,08:44:00,8,6,0,13,8,15,2,Cotton,333.7,A,6,60.3,57.1,14.9,09:41:06,09:56:00,72.0
FARM100494,Farmer_0494,PC003,Hassan Market,2026-02-23,15:46:00,15,0,0,5,2,8,4,Cotton,270.9,C,6,9.0,8.2,14.5,15:54:12,16:08:42,22.7
FARM101321,Farmer_1321,PC005,Bengaluru Rural,2026-04-04,12:24:00,12,5,1,47,44,49,5,Tur Dal,467.0,A,1,135.5,123.6,14.9,14:27:36,14:42:30,138.5
FARM100278,Farmer_0278,PC005,Bengaluru Rural,2026-03-05,16:50:00,16,3,0,24,19,24,4,Rice,211.4,A,2,34.9,37.6,8.6,17:27:36,17:36:12,46.2
FARM101847,Farmer_1847,PC005,Bengaluru Rural,2026-03-29,14:36:00,14,6,0,36,31,37,5,Groundnut,177.6,A,3,68.0,72.9,13.2,15:48:54,16:02:06,86.1
FARM100359,Farmer_0359,PC004,Tumakuru Main,2026-03-27,09:47:00,9,4,0,31,29,35,3,Rice,260.5,B,1,128.1,130.3,13.0,11:57:18,12:10:18,143.3
FARM101111,Farmer_1111,PC003,Hassan Market,2026-04-06,12:02:00,12,0,1,35,34,36,4,Sugarcane,403.5,C,10,145.5,143.6,18.2,14:25:36,14:43:48,161.8
FARM100237,Farmer_0237,PC001,Mysuru Central,2026-02-17,12:53:00,12,1,1,43,41,43,2,Sugarcane,356.0,A,1,182.7,180.0,16.4,15:53:00,16:09:24,196.4
FARM100552,Farmer_0552,PC005,Bengaluru Rural,2026-04-09,12:30:00,12,3,1,37,32,39,4,Groundnut,245.3,B,8,95.4,101.5,13.4,14:11:30,14:24:54,114.9
FARM101868,Farmer_1868,PC001,Mysuru Central,2026-03-07,16:42:00,16,5,0,20,18,23,3,Ragi,199.9,C,6,55.4,57.7,9.4,17:39:42,17:49:06,67.1
FARM101813,Farmer_1813,PC001,Mysuru Central,2026-03-31,15:13:00,15,1,0,14,9,16,3,Groundnut,447.5,A,9,43.6,41.3,13.5,15:54:18,16:07:48,54.8
FARM100209,Farmer_0209,PC002,Mandya North,2026-04-07,09:14:00,9,1,0,29,24,31,2,Sugarcane,413.0,A,6,165.9,180.0,19.1,12:14:00,12:33:06,199.1
FARM101387,Farmer_1387,PC004,Tumakuru Main,2026-04-03,10:43:00,10,4,1,18,15,22,3,Sugarcane,460.5,C,6,116.3,116.1,20.5,12:39:06,12:59:36,136.6
FARM101561,Farmer_1561,PC003,Hassan Market,2026-02-01,16:42:00,16,6,0,33,30,36,5,Wheat,291.5,B,5,71.1,65.9,11.5,17:47:54,17:59:24,77.4
FARM100059,Farmer_0059,PC001,Mysuru Central,2026-03-10,09:59:00,9,1,0,44,39,42,3,Sugarcane,298.1,B,5,162.6,180.0,19.1,12:59:00,13:18:06,199.1
FARM100632,Farmer_0632,PC003,Hassan Market,2026-01-14,15:55:00,15,2,0,24,21,23,4,Cotton,191.8,A,1,58.1,59.3,12.4,16:54:18,17:06:42,71.7
FARM101962,Farmer_1962,PC003,Hassan Market,2026-03-02,08:29:00,8,0,0,13,12,16,3,Cotton,233.8,A,1,51.6,54.1,13.8,09:23:06,09:36:54,67.9
FARM101860,Farmer_1860,PC003,Hassan Market,2026-04-12,10:09:00,10,6,1,30,29,35,5,Maize,309.8,B,4,74.2,77.1,13.9,11:26:06,11:40:00,91.0
FARM101817,Farmer_1817,PC005,Bengaluru Rural,2026-03-19,14:05:00,14,3,0,29,26,28,5,Wheat,358.3,C,7,59.1,56.0,11.8,15:01:00,15:12:48,67.8
FARM100364,Farmer_0364,PC002,Mandya North,2026-04-22,09:05:00,9,2,0,45,40,46,2,Wheat,483.5,C,3,168.8,180.0,15.3,12:05:00,12:20:18,195.3
FARM100506,Farmer_0506,PC003,Hassan Market,2026-01-13,16:42:00,16,1,0,46,43,44,5,Wheat,40.0,C,8,97.7,91.8,11.6,18:13:48,18:25:24,103.4
FARM101166,Farmer_1166,PC001,Mysuru Central,2026-03-14,15:07:00,15,5,0,17,15,20,4,Wheat,268.7,A,10,37.1,37.6,9.8,15:44:36,15:54:24,47.4
FARM101122,Farmer_1122,PC001,Mysuru Central,2026-04-15,14:49:00,14,2,0,24,22,27,2,Wheat,216.5,B,3,88.5,81.8,7.5,16:10:48,16:18:18,89.3
FARM101630,Farmer_1630,PC005,Bengaluru Rural,2026-02-02,15:13:00,15,0,0,9,5,9,5,Wheat,339.1,A,2,4.9,5.3,11.4,15:18:18,15:29:42,16.7
FARM101217,Farmer_1217,PC003,Hassan Market,2026-02-12,14:25:00,14,3,0,19,17,18,4,Cotton,178.7,B,7,49.4,49.4,12.7,15:14:24,15:27:06,62.1
FARM101152,Farmer_1152,PC001,Mysuru Central,2026-01-09,15:37:00,15,4,0,50,45,49,3,Sugarcane,142.6,A,10,178.4,180.0,13.0,18:37:00,18:50:00,193.0
FARM101125,Farmer_1125,PC005,Bengaluru Rural,2026-03-14,15:59:00,15,5,0,19,15,21,5,Groundnut,205.2,A,9,26.4,25.8,9.8,16:24:48,16:34:36,35.6
FARM101595,Farmer_1595,PC003,Hassan Market,2026-02-16,12:18:00,12,0,1,5,3,6,4,Ragi,198.4,C,9,15.1,14.1,13.2,12:32:06,12:45:18,27.3
FARM100119,Farmer_0119,PC003,Hassan Market,2026-02-11,09:05:00,9,2,0,28,23,26,5,Wheat,325.3,B,5,47.3,48.0,11.5,09:53:00,10:04:30,59.5
FARM101250,Farmer_1250,PC004,Tumakuru Main,2026-02-18,10:02:00,10,2,1,38,35,36,4,Sugarcane,269.5,B,3,150.2,165.7,17.1,12:47:42,13:04:48,182.8
FARM101994,Farmer_1994,PC001,Mysuru Central,2026-01-30,15:27:00,15,4,0,49,44,47,3,Ragi,150.8,C,6,194.9,179.6,12.3,18:26:36,18:38:54,191.9
FARM100523,Farmer_0523,PC004,Tumakuru Main,2026-01-01,14:46:00,14,3,0,39,37,39,4,Groundnut,262.2,B,9,150.0,140.2,14.7,17:06:12,17:20:54,154.9
FARM100514,Farmer_0514,PC003,Hassan Market,2026-03-10,11:38:00,11,1,1,31,30,31,5,Groundnut,357.1,B,6,84.2,81.5,13.6,12:59:30,13:13:06,95.1
FARM100082,Farmer_0082,PC001,Mysuru Central,2026-01-22,15:37:00,15,3,0,11,8,12,3,Ragi,341.1,A,3,29.9,31.5,12.9,16:08:30,16:21:24,44.4
FARM100916,Farmer_0916,PC005,Bengaluru Rural,2026-04-26,13:36:00,13,6,1,3,2,3,4,Groundnut,474.8,C,5,10.8,10.0,15.7,13:46:00,14:01:42,25.7
FARM101019,Farmer_1019,PC005,Bengaluru Rural,2026-03-11,08:41:00,8,2,0,21,19,26,5,Maize,286.4,A,7,37.5,40.1,12.0,09:21:06,09:33:06,52.1
FARM100381,Farmer_0381,PC004,Tumakuru Main,2026-01-22,11:45:00,11,3,1,19,15,19,2,Groundnut,207.5,C,8,99.8,102.3,12.8,13:27:18,13:40:06,115.1
FARM101030,Farmer_1030,PC005,Bengaluru Rural,2026-01-01,13:19:00,13,3,1,46,41,48,4,Groundnut,372.6,A,3,109.7,111.0,11.4,15:10:00,15:21:24,122.4
FARM101689,Farmer_1689,PC003,Hassan Market,2026-03-03,14:34:00,14,1,0,8,5,12,3,Groundnut,234.8,C,3,25.2,23.8,15.8,14:57:48,15:13:36,39.6
FARM100085,Farmer_0085,PC005,Bengaluru Rural,2026-03-14,08:27:00,8,5,0,49,44,50,5,Cotton,316.9,B,9,111.8,115.5,14.5,10:22:30,10:37:00,130.0
FARM101678,Farmer_1678,PC005,Bengaluru Rural,2026-03-20,15:48:00,15,4,0,44,42,45,5,Tur Dal,442.1,B,1,130.5,120.7,15.8,17:48:42,18:04:30,136.5
FARM100330,Farmer_0330,PC002,Mandya North,2026-02-02,08:03:00,8,0,0,9,7,8,2,Sugarcane,285.1,B,10,66.9,67.8,16.7,09:10:48,09:27:30,84.5
FARM100007,Farmer_0007,PC002,Mandya North,2026-02-22,16:12:00,16,6,0,13,12,16,2,Tur Dal,155.3,C,9,78.3,75.8,11.9,17:27:48,17:39:42,87.7
FARM100746,Farmer_0746,PC004,Tumakuru Main,2026-01-22,13:07:00,13,3,1,11,9,13,3,Sugarcane,392.6,C,1,74.0,73.7,19.9,14:20:42,14:40:36,93.6
FARM101554,Farmer_1554,PC002,Mandya North,2026-04-13,10:40:00,10,0,1,32,31,36,2,Groundnut,282.3,C,3,183.4,180.0,14.0,13:40:00,13:54:00,194.0
FARM100915,Farmer_0915,PC002,Mandya North,2026-02-20,08:15:00,8,4,0,36,33,34,1,Wheat,325.1,C,5,167.0,180.0,10.1,11:15:00,11:25:06,190.1
FARM100874,Farmer_0874,PC004,Tumakuru Main,2026-04-21,15:48:00,15,1,0,34,29,32,2,Maize,226.3,A,10,117.9,110.0,7.4,17:38:00,17:45:24,117.4
FARM100452,Farmer_0452,PC001,Mysuru Central,2026-02-11,13:52:00,13,2,1,9,4,10,3,Rice,456.7,C,5,25.9,23.9,14.4,14:15:54,14:30:18,38.3
FARM100491,Farmer_0491,PC004,Tumakuru Main,2026-02-13,13:32:00,13,4,1,13,10,17,3,Cotton,346.3,C,10,61.7,60.7,15.3,14:32:42,14:48:00,76.0
FARM101481,Farmer_1481,PC005,Bengaluru Rural,2026-02-02,08:55:00,8,0,0,13,12,18,5,Rice,389.2,A,10,16.8,15.8,6.5,09:10:48,09:17:18,22.3
FARM100288,Farmer_0288,PC001,Mysuru Central,2026-04-05,10:19:00,10,6,1,5,0,4,4,Ragi,317.1,A,9,9.9,10.5,8.3,10:29:30,10:37:48,18.8
FARM100949,Farmer_0949,PC001,Mysuru Central,2026-03-08,10:53:00,10,6,1,37,35,36,4,Tur Dal,177.9,B,5,101.5,106.3,12.1,12:39:18,12:51:24,118.4
FARM101986,Farmer_1986,PC004,Tumakuru Main,2026-01-27,16:00:00,16,1,0,45,41,42,2,Rice,368.3,C,4,190.5,180.0,11.6,19:00:00,19:11:36,191.6
FARM101369,Farmer_1369,PC001,Mysuru Central,2026-02-21,10:05:00,10,5,1,28,27,29,4,Rice,423.2,A,2,74.8,76.0,10.0,11:21:00,11:31:00,86.0
FARM101147,Farmer_1147,PC004,Tumakuru Main,2026-01-24,08:30:00,8,5,0,43,39,41,3,Groundnut,206.6,B,10,178.4,163.7,11.9,11:13:42,11:25:36,175.6
FARM100706,Farmer_0706,PC005,Bengaluru Rural,2026-02-07,16:15:00,16,5,0,45,40,43,5,Wheat,437.0,A,4,88.2,85.3,11.3,17:40:18,17:51:36,96.6
FARM101727,Farmer_1727,PC003,Hassan Market,2026-04-04,14:38:00,14,5,0,22,21,22,4,Cotton,340.6,B,5,74.6,69.8,14.0,15:47:48,16:01:48,83.8
FARM101702,Farmer_1702,PC002,Mandya North,2026-04-12,08:34:00,8,6,0,8,3,6,2,Cotton,153.7,C,7,25.8,24.2,13.7,08:58:12,09:11:54,37.9
FARM101629,Farmer_1629,PC001,Mysuru Central,2026-03-19,12:42:00,12,3,1,39,34,36,3,Wheat,173.7,B,10,74.4,69.5,5.6,13:51:30,13:57:06,75.1
FARM101600,Farmer_1600,PC005,Bengaluru Rural,2026-03-19,10:41:00,10,3,1,19,18,23,5,Rice,363.8,C,2,49.2,54.3,15.0,11:35:18,11:50:18,69.3
FARM101539,Farmer_1539,PC004,Tumakuru Main,2026-04-11,16:34:00,16,5,0,2,0,1,3,Maize,332.3,A,8,5.2,4.8,12.2,16:38:48,16:51:00,17.0
FARM101406,Farmer_1406,PC004,Tumakuru Main,2026-04-28,15:04:00,15,1,0,43,38,45,3,Tur Dal,588.1,A,1,186.6,180.0,16.7,18:04:00,18:20:42,196.7
FARM101651,Farmer_1651,PC003,Hassan Market,2026-04-11,09:12:00,9,5,0,24,21,23,3,Rice,264.5,B,6,62.7,65.4,9.9,10:17:24,10:27:18,75.3
FARM100328,Farmer_0328,PC005,Bengaluru Rural,2026-02-28,15:16:00,15,5,0,43,42,44,5,Wheat,261.8,C,10,60.5,62.7,8.6,16:18:42,16:27:18,71.3
FARM100443,Farmer_0443,PC001,Mysuru Central,2026-03-14,15:46:00,15,5,0,45,43,48,2,Ragi,181.8,B,6,169.7,180.0,9.5,18:46:00,18:55:30,189.5
FARM100775,Farmer_0775,PC003,Hassan Market,2026-01-01,13:37:00,13,3,1,21,18,24,4,Tur Dal,496.8,B,5,73.8,73.3,16.1,14:50:18,15:06:24,89.4
FARM101088,Farmer_1088,PC003,Hassan Market,2026-01-30,09:05:00,9,4,0,28,27,32,4,Groundnut,293.3,A,4,79.9,74.4,11.8,10:19:24,10:31:12,86.2
FARM101221,Farmer_1221,PC002,Mandya North,2026-03-07,10:38:00,10,5,1,27,22,26,3,Groundnut,97.6,A,4,109.0,104.4,11.2,12:22:24,12:33:36,115.6
FARM101636,Farmer_1636,PC004,Tumakuru Main,2026-02-05,14:57:00,14,3,0,7,5,8,3,Groundnut,284.2,B,10,21.5,20.2,12.6,15:17:12,15:29:48,32.8
FARM100178,Farmer_0178,PC003,Hassan Market,2026-03-06,09:47:00,9,4,0,17,15,19,3,Tur Dal,269.6,A,5,60.3,65.1,13.0,10:52:06,11:05:06,78.1
FARM101323,Farmer_1323,PC004,Tumakuru Main,2026-04-14,12:21:00,12,1,1,22,18,20,3,Maize,207.9,B,5,75.5,78.2,12.1,13:39:12,13:51:18,90.3
FARM100705,Farmer_0705,PC004,Tumakuru Main,2026-02-10,14:36:00,14,1,0,34,29,33,3,Tur Dal,314.9,A,2,107.1,104.5,10.1,16:20:30,16:30:36,114.6
FARM100087,Farmer_0087,PC003,Hassan Market,2026-04-30,10:16:00,10,3,1,41,40,43,3,Ragi,283.8,B,5,137.6,138.7,11.2,12:34:42,12:45:54,149.9
FARM101884,Farmer_1884,PC001,Mysuru Central,2026-04-29,12:39:00,12,2,1,17,15,21,3,Groundnut,266.0,B,8,68.6,73.2,13.0,13:52:12,14:05:12,86.2
FARM101948,Farmer_1948,PC004,Tumakuru Main,2026-01-04,08:51:00,8,6,0,43,40,45,3,Cotton,274.8,B,7,196.0,180.0,14.2,11:51:00,12:05:12,194.2
FARM100458,Farmer_0458,PC002,Mandya North,2026-03-30,10:38:00,10,0,1,25,20,21,2,Groundnut,359.9,C,8,164.6,162.8,14.3,13:20:48,13:35:06,177.1
FARM101829,Farmer_1829,PC005,Bengaluru Rural,2026-01-20,14:53:00,14,1,0,29,24,27,4,Sugarcane,257.9,C,3,84.1,91.4,17.2,16:24:24,16:41:36,108.6
FARM100055,Farmer_0055,PC002,Mandya North,2026-02-19,08:47:00,8,3,0,34,29,32,1,Wheat,210.0,B,3,186.3,180.0,10.8,11:47:00,11:57:48,190.8
FARM101502,Farmer_1502,PC005,Bengaluru Rural,2026-04-14,16:19:00,16,1,0,39,36,39,6,Wheat,315.7,A,8,55.6,54.9,10.1,17:13:54,17:24:00,65.0
FARM100644,Farmer_0644,PC002,Mandya North,2026-02-16,15:44:00,15,0,0,39,37,41,3,Sugarcane,233.8,C,1,170.6,180.0,18.2,18:44:00,19:02:12,198.2
FARM100678,Farmer_0678,PC004,Tumakuru Main,2026-02-19,14:20:00,14,3,0,31,27,28,3,Maize,264.6,A,8,62.4,61.2,6.5,15:21:12,15:27:42,67.7
FARM100222,Farmer_0222,PC002,Mandya North,2026-04-30,08:14:00,8,3,0,14,12,15,2,Ragi,333.3,C,7,84.8,93.4,14.0,09:47:24,10:01:24,107.4
FARM100114,Farmer_0114,PC002,Mandya North,2026-04-21,13:58:00,13,1,1,2,0,4,2,Rice,458.2,C,6,1.0,1.0,14.1,13:59:00,14:13:06,15.1
FARM100983,Farmer_0983,PC004,Tumakuru Main,2026-04-21,12:10:00,12,1,1,9,8,14,4,Ragi,366.6,B,3,31.7,29.4,13.9,12:39:24,12:53:18,43.3
FARM101229,Farmer_1229,PC005,Bengaluru Rural,2026-03-30,16:00:00,16,0,0,21,16,23,5,Cotton,434.0,A,3,44.8,46.1,15.2,16:46:06,17:01:18,61.3
FARM101000,Farmer_1000,PC003,Hassan Market,2026-02-18,09:41:00,9,2,0,20,19,26,4,Ragi,404.6,A,5,60.1,56.6,13.8,10:37:36,10:51:24,70.4
FARM100175,Farmer_0175,PC002,Mandya North,2026-02-22,14:24:00,14,6,0,28,24,28,2,Maize,291.5,A,7,121.4,122.5,9.4,16:26:30,16:35:54,131.9
FARM100782,Farmer_0782,PC003,Hassan Market,2026-02-05,08:54:00,8,3,0,8,5,12,4,Wheat,152.0,C,7,7.6,7.8,7.9,09:01:48,09:09:42,15.7
FARM100590,Farmer_0590,PC001,Mysuru Central,2026-03-12,09:07:00,9,3,0,9,5,6,2,Tur Dal,227.8,C,10,26.6,24.8,10.4,09:31:48,09:42:12,35.2
FARM101560,Farmer_1560,PC001,Mysuru Central,2026-03-08,15:50:00,15,6,0,42,37,41,2,Sugarcane,268.2,C,9,195.3,180.0,16.1,18:50:00,19:06:06,196.1
FARM100019,Farmer_0019,PC001,Mysuru Central,2026-03-23,16:07:00,16,0,0,14,13,17,3,Tur Dal,145.9,C,5,56.9,52.4,11.4,16:59:24,17:10:48,63.8
FARM100424,Farmer_0424,PC002,Mandya North,2026-03-16,15:42:00,15,0,0,39,36,37,2,Ragi,186.5,C,2,186.6,180.0,12.0,18:42:00,18:54:00,192.0
FARM101344,Farmer_1344,PC002,Mandya North,2026-04-12,13:59:00,13,6,1,32,31,36,2,Cotton,40.0,A,3,195.1,180.0,12.3,16:59:00,17:11:18,192.3
FARM100286,Farmer_0286,PC003,Hassan Market,2026-02-14,14:57:00,14,5,0,24,22,23,5,Ragi,308.1,A,10,31.8,34.9,8.6,15:31:54,15:40:30,43.5
FARM101584,Farmer_1584,PC002,Mandya North,2026-02-22,10:38:00,10,6,1,25,21,26,1,Maize,352.6,C,9,188.4,180.0,12.2,13:38:00,13:50:12,192.2
FARM100429,Farmer_0429,PC005,Bengaluru Rural,2026-01-29,11:51:00,11,3,1,24,23,26,5,Rice,412.0,B,3,54.6,56.1,13.5,12:47:06,13:00:36,69.6
FARM101510,Farmer_1510,PC004,Tumakuru Main,2026-04-03,12:40:00,12,4,1,32,30,35,3,Sugarcane,40.0,C,6,195.4,180.0,17.7,15:40:00,15:57:42,197.7
FARM101319,Farmer_1319,PC003,Hassan Market,2026-01-03,11:21:00,11,5,1,18,16,23,3,Tur Dal,164.6,A,10,50.2,53.6,9.2,12:14:36,12:23:48,62.8
FARM100670,Farmer_0670,PC003,Hassan Market,2026-04-04,12:35:00,12,5,1,40,37,43,4,Tur Dal,255.8,C,6,104.8,109.9,12.3,14:24:54,14:37:12,122.2
FARM100032,Farmer_0032,PC003,Hassan Market,2026-04-12,09:47:00,9,6,0,10,5,11,4,Rice,320.5,C,5,13.9,14.6,12.1,10:01:36,10:13:42,26.7
FARM100941,Farmer_0941,PC001,Mysuru Central,2026-02-10,09:46:00,9,1,0,48,43,44,2,Wheat,301.4,C,8,164.2,180.0,11.8,12:46:00,12:57:48,191.8
FARM100723,Farmer_0723,PC001,Mysuru Central,2026-03-22,15:06:00,15,6,0,24,19,26,4,Rice,258.2,A,8,66.3,63.1,11.9,16:09:06,16:21:00,75.0
FARM100995,Farmer_0995,PC002,Mandya North,2026-02-28,12:00:00,12,5,1,46,41,45,3,Cotton,229.3,A,4,177.5,180.0,14.0,15:00:00,15:14:00,194.0
FARM100215,Farmer_0215,PC002,Mandya North,2026-01-07,15:08:00,15,2,0,20,17,23,1,Wheat,216.5,B,4,189.8,180.0,12.2,18:08:00,18:20:12,192.2
FARM100814,Farmer_0814,PC003,Hassan Market,2026-02-16,14:53:00,14,0,0,32,29,36,4,Maize,460.4,A,3,77.8,85.4,12.5,16:18:24,16:30:54,97.9
FARM100327,Farmer_0327,PC002,Mandya North,2026-03-17,13:56:00,13,1,1,21,17,18,3,Ragi,146.6,C,5,86.8,94.7,14.5,15:30:42,15:45:12,109.2
FARM100561,Farmer_0561,PC005,Bengaluru Rural,2026-04-15,15:44:00,15,2,0,4,0,3,6,Sugarcane,291.3,C,1,1.0,1.0,18.7,15:45:00,16:03:42,19.7
FARM101113,Farmer_1113,PC004,Tumakuru Main,2026-01-03,16:46:00,16,5,0,19,18,21,3,Ragi,340.6,B,3,86.7,80.8,12.1,18:06:48,18:18:54,92.9
FARM100701,Farmer_0701,PC005,Bengaluru Rural,2026-03-05,11:27:00,11,3,1,14,10,17,6,Groundnut,124.8,A,5,16.3,16.0,7.0,11:43:00,11:50:00,23.0
FARM101579,Farmer_1579,PC002,Mandya North,2026-02-08,10:43:00,10,6,1,38,36,39,1,Ragi,108.3,A,5,191.7,180.0,6.9,13:43:00,13:49:54,186.9
FARM101190,Farmer_1190,PC003,Hassan Market,2026-02-18,10:17:00,10,2,1,32,30,35,4,Cotton,325.5,A,4,114.2,113.7,15.8,12:10:42,12:26:30,129.5
FARM100342,Farmer_0342,PC001,Mysuru Central,2026-02-08,13:49:00,13,6,1,12,8,15,3,Tur Dal,74.1,C,1,32.6,31.3,11.7,14:20:18,14:32:00,43.0
FARM100630,Farmer_0630,PC004,Tumakuru Main,2026-02-27,14:09:00,14,4,0,35,33,38,2,Rice,259.5,C,2,168.7,180.0,13.3,17:09:00,17:22:18,193.3
FARM100148,Farmer_0148,PC005,Bengaluru Rural,2026-02-12,13:39:00,13,3,1,25,21,28,4,Tur Dal,203.4,B,5,59.9,55.6,11.3,14:34:36,14:45:54,66.9
FARM101310,Farmer_1310,PC004,Tumakuru Main,2026-04-23,11:14:00,11,3,1,31,28,29,2,Wheat,211.0,A,4,139.8,135.3,8.9,13:29:18,13:38:12,144.2
FARM100361,Farmer_0361,PC004,Tumakuru Main,2026-02-03,12:51:00,12,1,1,15,14,16,3,Wheat,40.0,B,8,37.3,33.9,6.6,13:24:54,13:31:30,40.5
FARM100084,Farmer_0084,PC001,Mysuru Central,2026-01-22,16:05:00,16,3,0,23,22,29,4,Tur Dal,314.1,B,6,60.3,62.5,10.9,17:07:30,17:18:24,73.4
FARM100049,Farmer_0049,PC001,Mysuru Central,2026-02-05,09:29:00,9,3,0,47,45,51,3,Sugarcane,193.5,B,3,164.1,180.0,14.4,12:29:00,12:43:24,194.4
FARM100469,Farmer_0469,PC002,Mandya North,2026-01-04,09:57:00,9,6,0,23,20,27,1,Rice,291.3,B,10,191.4,180.0,9.5,12:57:00,13:06:30,189.5
FARM100156,Farmer_0156,PC004,Tumakuru Main,2026-01-14,10:59:00,10,2,1,30,26,31,3,Maize,349.2,A,7,144.7,139.6,15.1,13:18:36,13:33:42,154.7
FARM100773,Farmer_0773,PC004,Tumakuru Main,2026-04-08,12:57:00,12,2,1,48,43,47,3,Groundnut,149.6,A,4,152.3,167.2,11.0,15:44:12,15:55:12,178.2
FARM101240,Farmer_1240,PC001,Mysuru Central,2026-04-18,16:03:00,16,5,0,42,39,46,3,Rice,279.3,B,6,124.4,134.4,10.2,18:17:24,18:27:36,144.6
FARM101201,Farmer_1201,PC003,Hassan Market,2026-04-21,13:53:00,13,1,1,23,19,24,5,Sugarcane,313.2,B,3,65.1,62.7,17.2,14:55:42,15:12:54,79.9
FARM101403,Farmer_1403,PC003,Hassan Market,2026-02-21,09:59:00,9,5,0,28,27,28,3,Maize,138.7,C,2,107.2,112.5,13.6,11:51:30,12:05:06,126.1
FARM101203,Farmer_1203,PC002,Mandya North,2026-01-13,16:59:00,16,1,0,24,22,27,2,Groundnut,404.8,A,6,152.2,147.3,12.6,19:26:18,19:38:54,159.9
FARM101631,Farmer_1631,PC002,Mandya North,2026-03-07,09:03:00,9,5,0,11,9,14,1,Rice,513.4,B,3,125.0,120.5,12.7,11:03:30,11:16:12,133.2
FARM100501,Farmer_0501,PC005,Bengaluru Rural,2026-04-08,15:48:00,15,2,0,46,45,50,5,Groundnut,219.7,C,4,92.0,89.2,11.2,17:17:12,17:28:24,100.4
FARM101765,Farmer_1765,PC003,Hassan Market,2026-03-17,08:53:00,8,1,0,35,31,35,4,Rice,112.7,B,1,70.1,69.5,9.9,10:02:30,10:12:24,79.4
FARM100180,Farmer_0180,PC003,Hassan Market,2026-01-20,12:07:00,12,1,1,15,12,15,4,Groundnut,302.6,A,6,39.2,41.7,14.4,12:48:42,13:03:06,56.1
FARM101048,Farmer_1048,PC002,Mandya North,2026-03-27,08:35:00,8,4,0,20,15,16,2,Ragi,297.2,C,10,90.9,84.6,10.6,09:59:36,10:10:12,95.2
FARM101756,Farmer_1756,PC005,Bengaluru Rural,2026-01-22,09:31:00,9,3,0,28,27,32,5,Groundnut,372.8,C,1,70.3,70.2,13.9,10:41:12,10:55:06,84.1
FARM100951,Farmer_0951,PC003,Hassan Market,2026-04-12,08:49:00,8,6,0,31,26,32,4,Rice,259.9,C,2,72.6,78.6,13.7,10:07:36,10:21:18,92.3
FARM101317,Farmer_1317,PC001,Mysuru Central,2026-01-11,11:57:00,11,6,1,23,21,28,4,Rice,196.6,C,9,60.2,63.5,11.8,13:00:30,13:12:18,75.3
FARM101620,Farmer_1620,PC002,Mandya North,2026-02-02,11:50:00,11,0,1,18,15,17,1,Groundnut,212.4,A,1,162.7,172.2,10.1,14:42:12,14:52:18,182.3
FARM100529,Farmer_0529,PC004,Tumakuru Main,2026-01-11,12:22:00,12,6,1,26,22,24,3,Wheat,328.1,C,1,96.4,99.1,12.5,14:01:06,14:13:36,111.6
FARM100347,Farmer_0347,PC004,Tumakuru Main,2026-03-27,10:21:00,10,4,1,44,43,46,4,Ragi,227.7,A,6,69.4,74.3,6.5,11:35:18,11:41:48,80.8
FARM101388,Farmer_1388,PC003,Hassan Market,2026-04-06,09:43:00,9,0,0,30,27,28,4,Maize,169.1,A,10,58.8,59.6,9.8,10:42:36,10:52:24,69.4
FARM101961,Farmer_1961,PC004,Tumakuru Main,2026-03-04,16:03:00,16,2,0,15,13,17,2,Ragi,215.1,C,1,90.3,94.5,14.1,17:37:30,17:51:36,108.6
FARM101051,Farmer_1051,PC003,Hassan Market,2026-03-04,13:42:00,13,2,1,30,29,35,3,Maize,449.5,C,6,109.5,119.8,13.3,15:41:48,15:55:06,133.1
FARM101973,Farmer_1973,PC003,Hassan Market,2026-04-26,10:17:00,10,6,1,34,31,32,5,Maize,288.0,A,4,70.4,68.0,10.1,11:25:00,11:35:06,78.1
FARM101442,Farmer_1442,PC004,Tumakuru Main,2026-03-20,13:00:00,13,4,1,22,18,23,4,Groundnut,374.5,A,3,69.0,74.2,13.9,14:14:12,14:28:06,88.1
FARM100602,Farmer_0602,PC004,Tumakuru Main,2026-02-01,10:58:00,10,6,1,30,25,29,2,Maize,208.9,A,4,137.5,136.5,9.9,13:14:30,13:24:24,146.4
FARM101282,Farmer_1282,PC003,Hassan Market,2026-01-12,10:25:00,10,0,1,46,41,44,4,Ragi,405.1,A,4,114.2,111.6,11.3,12:16:36,12:27:54,122.9
FARM100244,Farmer_0244,PC004,Tumakuru Main,2026-04-19,09:01:00,9,6,0,4,2,6,3,Groundnut,164.3,B,1,12.6,11.6,12.0,09:12:36,09:24:36,23.6
FARM101337,Farmer_1337,PC004,Tumakuru Main,2026-03-20,13:53:00,13,4,1,14,9,10,3,Ragi,312.3,B,10,40.6,43.9,13.5,14:36:54,14:50:24,57.4
FARM101068,Farmer_1068,PC002,Mandya North,2026-04-11,12:10:00,12,5,1,23,21,22,2,Cotton,110.0,B,5,130.7,129.9,11.4,14:19:54,14:31:18,141.3
FARM101476,Farmer_1476,PC003,Hassan Market,2026-04-24,15:42:00,15,4,0,42,37,41,3,Wheat,209.3,B,4,98.9,103.3,9.1,17:25:18,17:34:24,112.4
FARM100313,Farmer_0313,PC004,Tumakuru Main,2026-01-24,10:13:00,10,5,1,21,16,22,3,Ragi,110.6,A,1,78.7,72.0,11.3,11:25:00,11:36:18,83.3
FARM100436,Farmer_0436,PC004,Tumakuru Main,2026-02-14,16:46:00,16,5,0,9,8,15,3,Tur Dal,310.9,A,3,28.8,30.4,11.7,17:16:24,17:28:06,42.1
FARM101899,Farmer_1899,PC002,Mandya North,2026-02-27,14:23:00,14,4,0,24,23,29,3,Ragi,192.9,C,3,82.3,89.1,11.3,15:52:06,16:03:24,100.4
FARM101329,Farmer_1329,PC005,Bengaluru Rural,2026-02-02,08:16:00,8,0,0,13,10,15,6,Rice,125.5,C,7,8.5,8.9,8.8,08:24:54,08:33:42,17.7
FARM100309,Farmer_0309,PC001,Mysuru Central,2026-04-19,15:11:00,15,6,0,16,13,15,4,Maize,376.2,C,1,52.0,52.6,16.4,16:03:36,16:20:00,69.0
FARM100431,Farmer_0431,PC004,Tumakuru Main,2026-04-08,10:54:00,10,2,1,5,4,6,4,Groundnut,345.5,A,8,14.2,15.4,13.4,11:09:24,11:22:48,28.8
FARM100661,Farmer_0661,PC004,Tumakuru Main,2026-04-24,12:34:00,12,4,1,24,22,25,3,Rice,317.2,A,1,87.1,90.4,10.8,14:04:24,14:15:12,101.2
FARM100371,Farmer_0371,PC005,Bengaluru Rural,2026-02-04,13:42:00,13,2,1,45,44,49,4,Tur Dal,539.1,B,8,152.9,149.8,15.4,16:11:48,16:27:12,165.2
FARM100567,Farmer_0567,PC001,Mysuru Central,2026-04-11,16:04:00,16,5,0,37,36,37,2,Wheat,126.1,B,7,162.6,149.3,8.0,18:33:18,18:41:18,157.3
FARM100980,Farmer_0980,PC005,Bengaluru Rural,2026-04-22,16:38:00,16,2,0,22,19,24,6,Ragi,449.7,B,1,26.3,28.1,9.7,17:06:06,17:15:48,37.8
FARM100182,Farmer_0182,PC003,Hassan Market,2026-01-06,16:25:00,16,1,0,20,15,22,4,Rice,145.3,B,2,51.8,50.7,14.2,17:15:42,17:29:54,64.9
FARM101363,Farmer_1363,PC005,Bengaluru Rural,2026-01-15,12:27:00,12,3,1,15,12,17,6,Wheat,495.3,A,2,18.0,18.0,12.4,12:45:00,12:57:24,30.4
FARM100622,Farmer_0622,PC003,Hassan Market,2026-03-18,10:18:00,10,2,1,11,7,8,4,Sugarcane,236.7,B,3,29.1,27.0,15.2,10:45:00,11:00:12,42.2
FARM100819,Farmer_0819,PC005,Bengaluru Rural,2026-03-16,16:33:00,16,0,0,28,27,34,5,Cotton,141.3,C,2,76.5,79.3,15.5,17:52:18,18:07:48,94.8
FARM101193,Farmer_1193,PC004,Tumakuru Main,2026-02-17,13:10:00,13,1,1,15,14,18,3,Rice,243.0,A,4,52.5,51.4,9.0,14:01:24,14:10:24,60.4
FARM100953,Farmer_0953,PC005,Bengaluru Rural,2026-02-18,09:08:00,9,2,0,44,39,46,5,Cotton,340.9,B,7,104.6,104.7,15.1,10:52:42,11:07:48,119.8
FARM101422,Farmer_1422,PC004,Tumakuru Main,2026-03-07,09:56:00,9,5,0,24,21,28,4,Rice,103.9,A,8,43.5,46.8,8.2,10:42:48,10:51:00,55.0
FARM101841,Farmer_1841,PC001,Mysuru Central,2026-04-16,14:51:00,14,3,0,5,3,7,2,Maize,414.2,C,3,21.7,21.1,13.0,15:12:06,15:25:06,34.1
FARM100923,Farmer_0923,PC004,Tumakuru Main,2026-01-13,15:11:00,15,1,0,36,31,35,3,Tur Dal,292.5,A,5,147.4,147.4,13.3,17:38:24,17:51:42,160.7
FARM101074,Farmer_1074,PC004,Tumakuru Main,2026-04-21,10:25:00,10,1,1,16,13,17,4,Ragi,264.0,C,3,41.5,43.6,12.8,11:08:36,11:21:24,56.4
FARM100297,Farmer_0297,PC002,Mandya North,2026-03-21,08:24:00,8,5,0,20,15,22,1,Maize,179.1,B,9,168.8,177.8,10.9,11:21:48,11:32:42,188.7
FARM100967,Farmer_0967,PC005,Bengaluru Rural,2026-03-13,09:13:00,9,4,0,39,38,39,4,Ragi,475.3,B,6,107.8,116.7,13.9,11:09:42,11:23:36,130.6
FARM100462,Farmer_0462,PC002,Mandya North,2026-02-09,14:43:00,14,0,0,32,30,31,2,Groundnut,339.1,C,4,188.0,180.0,14.3,17:43:00,17:57:18,194.3
FARM101303,Farmer_1303,PC001,Mysuru Central,2026-03-10,12:37:00,12,1,1,4,3,8,3,Sugarcane,281.8,C,8,20.7,19.4,13.5,12:56:24,13:09:54,32.9
FARM101177,Farmer_1177,PC002,Mandya North,2026-02-28,10:36:00,10,5,1,14,13,18,2,Tur Dal,278.8,C,9,113.2,107.1,15.4,12:23:06,12:38:30,122.5
FARM100378,Farmer_0378,PC004,Tumakuru Main,2026-04-01,12:55:00,12,2,1,35,30,31,4,Tur Dal,228.7,B,5,88.4,88.2,10.7,14:23:12,14:33:54,98.9
FARM100799,Farmer_0799,PC004,Tumakuru Main,2026-01-14,10:18:00,10,2,1,20,15,22,3,Wheat,337.8,C,7,70.9,69.6,12.3,11:27:36,11:39:54,81.9
FARM101103,Farmer_1103,PC003,Hassan Market,2026-01-18,12:55:00,12,6,1,6,4,10,4,Wheat,340.6,A,6,17.2,17.3,9.1,13:12:18,13:21:24,26.4
FARM100106,Farmer_0106,PC002,Mandya North,2026-03-18,14:50:00,14,2,0,8,3,7,2,Rice,128.6,B,9,21.2,19.5,9.2,15:09:30,15:18:42,28.7
FARM100127,Farmer_0127,PC001,Mysuru Central,2026-03-06,11:10:00,11,4,1,31,28,34,3,Wheat,179.7,B,2,98.9,107.3,10.9,12:57:18,13:08:12,118.2
FARM101996,Farmer_1996,PC002,Mandya North,2026-04-24,11:59:00,11,4,1,12,7,8,2,Sugarcane,270.7,B,8,58.6,64.3,16.3,13:03:18,13:19:36,80.6
FARM100839,Farmer_0839,PC002,Mandya North,2026-02-20,08:09:00,8,4,0,19,14,19,2,Maize,563.1,A,3,118.8,112.3,14.8,10:01:18,10:16:06,127.1
FARM100356,Farmer_0356,PC003,Hassan Market,2026-02-07,16:40:00,16,5,0,8,4,8,5,Sugarcane,469.5,B,10,16.0,15.2,17.5,16:55:12,17:12:42,32.7
FARM101617,Farmer_1617,PC003,Hassan Market,2026-03-13,11:53:00,11,4,1,22,21,24,4,Cotton,376.8,A,3,86.1,82.8,16.2,13:15:48,13:32:00,99.0
FARM100683,Farmer_0683,PC001,Mysuru Central,2026-03-06,12:54:00,12,4,1,23,19,22,2,Sugarcane,290.0,A,8,170.1,166.0,17.5,15:40:00,15:57:30,183.5
FARM100813,Farmer_0813,PC002,Mandya North,2026-03-09,15:51:00,15,0,0,4,0,6,2,Tur Dal,342.4,C,7,1.0,1.0,13.5,15:52:00,16:05:30,14.5
FARM101681,Farmer_1681,PC003,Hassan Market,2026-04-18,11:22:00,11,5,1,25,24,30,5,Groundnut,365.0,C,1,65.8,69.4,13.5,12:31:24,12:44:54,82.9
FARM100210,Farmer_0210,PC003,Hassan Market,2026-02-16,10:58:00,10,0,1,29,24,30,3,Rice,366.8,C,2,97.5,106.7,13.7,12:44:42,12:58:24,120.4
FARM101493,Farmer_1493,PC003,Hassan Market,2026-04-24,12:22:00,12,4,1,48,43,50,4,Cotton,361.4,A,5,166.9,161.2,15.8,15:03:12,15:19:00,177.0
FARM100141,Farmer_0141,PC004,Tumakuru Main,2026-04-08,14:05:00,14,2,0,7,6,10,3,Maize,40.0,C,3,16.5,15.9,9.6,14:20:54,14:30:30,25.5
FARM101975,Farmer_1975,PC004,Tumakuru Main,2026-04-10,09:45:00,9,4,0,34,29,33,3,Wheat,360.2,C,7,136.2,131.5,12.4,11:56:30,12:08:54,143.9
FARM101340,Farmer_1340,PC004,Tumakuru Main,2026-03-09,14:10:00,14,0,0,7,5,9,3,Maize,157.0,C,7,24.5,24.2,13.7,14:34:12,14:47:54,37.9
FARM101798,Farmer_1798,PC004,Tumakuru Main,2026-01-20,09:48:00,9,1,0,15,14,19,2,Cotton,202.8,B,7,97.4,97.7,12.9,11:25:42,11:38:36,110.6
FARM101575,Farmer_1575,PC004,Tumakuru Main,2026-01-10,09:20:00,9,5,0,5,1,5,3,Sugarcane,309.2,C,6,8.0,8.8,18.0,09:28:48,09:46:48,26.8
FARM101182,Farmer_1182,PC005,Bengaluru Rural,2026-01-06,14:32:00,14,1,0,42,40,44,5,Tur Dal,43.7,A,2,48.1,52.7,8.1,15:24:42,15:32:48,60.8
FARM101394,Farmer_1394,PC002,Mandya North,2026-02-24,08:36:00,8,1,0,41,39,46,3,Maize,352.1,B,5,181.8,180.0,15.3,11:36:00,11:51:18,195.3
FARM101816,Farmer_1816,PC002,Mandya North,2026-01-19,16:42:00,16,0,0,8,6,7,2,Sugarcane,318.5,A,5,58.5,55.4,16.3,17:37:24,17:53:42,71.7
FARM100712,Farmer_0712,PC002,Mandya North,2026-04-07,14:09:00,14,1,0,8,7,8,1,Tur Dal,302.4,A,3,81.3,74.9,9.8,15:23:54,15:33:42,84.7
FARM101794,Farmer_1794,PC001,Mysuru Central,2026-03-02,15:00:00,15,0,0,6,5,12,3,Rice,348.1,B,1,25.7,25.4,12.8,15:25:24,15:38:12,38.2
FARM100893,Farmer_0893,PC005,Bengaluru Rural,2026-03-11,11:13:00,11,2,1,25,23,28,4,Sugarcane,178.3,A,5,73.1,78.0,14.1,12:31:00,12:45:06,92.1
FARM100860,Farmer_0860,PC004,Tumakuru Main,2026-04-07,10:35:00,10,1,1,41,36,37,3,Cotton,256.1,A,1,197.8,180.0,15.1,13:35:00,13:50:06,195.1
FARM100011,Farmer_0011,PC003,Hassan Market,2026-04-13,08:45:00,8,0,0,25,22,24,4,Sugarcane,282.4,B,2,82.9,85.8,16.5,10:10:48,10:27:18,102.3
FARM101695,Farmer_1695,PC004,Tumakuru Main,2026-04-16,09:24:00,9,3,0,14,10,11,3,Tur Dal,295.2,C,7,54.5,50.1,14.4,10:14:06,10:28:30,64.5
FARM101428,Farmer_1428,PC004,Tumakuru Main,2026-02-25,09:14:00,9,2,0,42,37,42,4,Rice,130.8,A,6,69.2,74.3,7.9,10:28:18,10:36:12,82.2
FARM100283,Farmer_0283,PC001,Mysuru Central,2026-03-25,10:04:00,10,2,1,1,0,3,3,Groundnut,123.6,B,5,11.2,10.9,11.5,10:14:54,10:26:24,22.4
FARM100811,Farmer_0811,PC001,Mysuru Central,2026-04-27,12:34:00,12,0,1,41,39,43,3,Cotton,247.8,C,2,179.2,180.0,16.3,15:34:00,15:50:18,196.3
FARM101342,Farmer_1342,PC003,Hassan Market,2026-01-21,16:07:00,16,2,0,48,43,50,3,Rice,378.6,C,8,163.7,168.1,12.5,18:55:06,19:07:36,180.6
FARM100292,Farmer_0292,PC003,Hassan Market,2026-03-24,10:35:00,10,1,1,33,31,35,4,Sugarcane,310.5,B,5,125.7,127.6,17.4,12:42:36,13:00:00,145.0
FARM100755,Farmer_0755,PC004,Tumakuru Main,2026-03-02,11:55:00,11,0,1,42,40,47,4,Sugarcane,279.2,B,10,171.9,180.0,17.5,14:55:00,15:12:30,197.5
FARM100627,Farmer_0627,PC001,Mysuru Central,2026-02-25,14:59:00,14,2,0,10,6,11,4,Rice,304.6,A,10,6.5,7.1,9.3,15:06:06,15:15:24,16.4
FARM100944,Farmer_0944,PC003,Hassan Market,2026-04-25,13:55:00,13,5,1,43,42,48,3,Tur Dal,385.2,B,7,157.0,161.2,12.3,16:36:12,16:48:30,173.5
FARM100862,Farmer_0862,PC001,Mysuru Central,2026-03-16,08:33:00,8,0,0,3,0,3,2,Maize,590.8,C,2,3.9,3.8,17.0,08:36:48,08:53:48,20.8
FARM100130,Farmer_0130,PC003,Hassan Market,2026-01-24,15:46:00,15,5,0,31,29,33,4,Maize,319.3,C,7,92.9,88.7,12.6,17:14:42,17:27:18,101.3
FARM101176,Farmer_1176,PC002,Mandya North,2026-04-27,13:11:00,13,0,1,6,2,5,3,Ragi,122.5,A,2,14.3,13.2,9.7,13:24:12,13:33:54,22.9
FARM100324,Farmer_0324,PC003,Hassan Market,2026-03-29,16:13:00,16,6,0,12,11,12,4,Sugarcane,308.2,C,5,48.9,46.9,18.8,16:59:54,17:18:42,65.7
FARM101091,Farmer_1091,PC005,Bengaluru Rural,2026-04-06,08:33:00,8,0,0,41,37,43,5,Ragi,379.1,A,7,81.1,80.8,11.7,09:53:48,10:05:30,92.5
FARM100844,Farmer_0844,PC001,Mysuru Central,2026-03-17,11:58:00,11,1,1,39,34,38,2,Cotton,260.7,C,3,181.1,180.0,15.4,14:58:00,15:13:24,195.4
FARM100964,Farmer_0964,PC001,Mysuru Central,2026-02-20,14:30:00,14,4,0,10,5,7,3,Rice,432.8,B,7,19.0,21.0,12.6,14:51:00,15:03:36,33.6
FARM101865,Farmer_1865,PC005,Bengaluru Rural,2026-03-06,11:24:00,11,4,1,38,35,36,5,Tur Dal,261.3,A,5,82.8,85.1,12.5,12:49:06,13:01:36,97.6
FARM100866,Farmer_0866,PC001,Mysuru Central,2026-02-24,14:04:00,14,1,0,26,23,29,2,Rice,310.0,B,10,144.5,154.7,13.4,16:38:42,16:52:06,168.1
FARM100922,Farmer_0922,PC004,Tumakuru Main,2026-03-28,12:09:00,12,5,1,26,21,22,3,Wheat,98.8,B,10,53.3,56.9,6.7,13:05:54,13:12:36,63.6
FARM100696,Farmer_0696,PC001,Mysuru Central,2026-03-10,09:01:00,9,1,0,21,18,23,3,Groundnut,345.0,B,10,86.3,88.2,14.9,10:29:12,10:44:06,103.1
FARM100216,Farmer_0216,PC002,Mandya North,2026-04-07,15:34:00,15,1,0,10,5,9,3,Cotton,171.9,A,5,24.7,26.2,13.6,16:00:12,16:13:48,39.8
FARM101781,Farmer_1781,PC002,Mandya North,2026-03-01,09:56:00,9,6,0,45,41,48,3,Rice,392.4,B,3,183.9,168.0,11.3,12:44:00,12:55:18,179.3
FARM101262,Farmer_1262,PC004,Tumakuru Main,2026-04-19,15:21:00,15,6,0,29,25,26,2,Tur Dal,305.1,C,9,173.8,180.0,15.0,18:21:00,18:36:00,195.0
FARM100159,Farmer_0159,PC002,Mandya North,2026-03-01,13:28:00,13,6,1,46,44,48,3,Cotton,313.2,B,5,163.2,180.0,12.3,16:28:00,16:40:18,192.3
FARM101059,Farmer_1059,PC002,Mandya North,2026-03-04,12:41:00,12,2,1,22,21,27,2,Sugarcane,349.7,B,9,162.2,180.0,16.6,15:41:00,15:57:36,196.6
FARM100989,Farmer_0989,PC004,Tumakuru Main,2026-03-06,12:20:00,12,4,1,21,19,23,3,Maize,349.3,C,4,104.7,99.0,14.2,13:59:00,14:13:12,113.2
FARM100842,Farmer_0842,PC002,Mandya North,2026-04-06,16:23:00,16,0,0,11,8,11,1,Rice,458.5,B,1,121.4,119.6,13.5,18:22:36,18:36:06,133.1
FARM100635,Farmer_0635,PC001,Mysuru Central,2026-03-19,16:29:00,16,3,0,3,1,2,2,Sugarcane,234.2,C,5,9.0,9.0,16.9,16:38:00,16:54:54,25.9
FARM100517,Farmer_0517,PC002,Mandya North,2026-01-06,14:32:00,14,1,0,25,21,22,3,Wheat,195.2,C,7,65.2,61.2,8.1,15:33:12,15:41:18,69.3
FARM101429,Farmer_1429,PC005,Bengaluru Rural,2026-04-08,12:53:00,12,2,1,11,6,9,5,Rice,346.3,A,7,8.6,7.9,10.3,13:00:54,13:11:12,18.2
FARM101748,Farmer_1748,PC001,Mysuru Central,2026-03-22,13:08:00,13,6,1,32,28,30,3,Wheat,431.3,C,5,151.0,164.1,16.4,15:52:06,16:08:30,180.5
FARM100598,Farmer_0598,PC005,Bengaluru Rural,2026-02-22,14:14:00,14,6,0,31,27,32,5,Sugarcane,442.8,A,8,82.3,78.4,16.7,15:32:24,15:49:06,95.1
FARM100196,Farmer_0196,PC003,Hassan Market,2026-02-05,12:07:00,12,3,1,44,41,45,5,Groundnut,347.2,C,5,126.8,137.0,16.4,14:24:00,14:40:24,153.4
FARM101784,Farmer_1784,PC001,Mysuru Central,2026-02-13,11:37:00,11,4,1,48,43,46,3,Sugarcane,265.6,A,5,173.7,180.0,14.8,14:37:00,14:51:48,194.8
FARM100870,Farmer_0870,PC001,Mysuru Central,2026-04-18,11:45:00,11,5,1,34,33,36,3,Tur Dal,266.2,A,5,133.4,122.2,10.8,13:47:12,13:58:00,133.0
FARM100411,Farmer_0411,PC002,Mandya North,2026-04-15,16:06:00,16,2,0,45,42,45,1,Wheat,148.1,B,2,195.6,180.0,7.8,19:06:00,19:13:48,187.8
FARM100097,Farmer_0097,PC005,Bengaluru Rural,2026-04-22,10:58:00,10,2,1,31,29,34,4,Tur Dal,327.6,A,3,79.9,81.1,12.5,12:19:06,12:31:36,93.6
FARM101001,Farmer_1001,PC005,Bengaluru Rural,2026-01-09,14:20:00,14,4,0,44,41,43,5,Rice,335.1,B,3,87.2,82.6,12.5,15:42:36,15:55:06,95.1
FARM101506,Farmer_1506,PC003,Hassan Market,2026-02-11,13:43:00,13,2,1,16,14,17,4,Wheat,338.1,C,2,37.7,40.6,13.8,14:23:36,14:37:24,54.4
FARM100157,Farmer_0157,PC004,Tumakuru Main,2026-01-09,14:26:00,14,4,0,5,2,3,3,Ragi,372.6,A,4,9.5,9.6,15.7,14:35:36,14:51:18,25.3
FARM100420,Farmer_0420,PC002,Mandya North,2026-01-09,15:19:00,15,4,0,6,5,12,3,Rice,379.0,B,5,21.0,22.0,12.4,15:41:00,15:53:24,34.4
FARM101803,Farmer_1803,PC002,Mandya North,2026-01-26,11:29:00,11,0,1,36,31,38,2,Rice,296.4,B,8,190.7,180.0,11.4,14:29:00,14:40:24,191.4
FARM100478,Farmer_0478,PC003,Hassan Market,2026-02-04,10:12:00,10,2,1,23,19,22,4,Sugarcane,311.6,C,10,89.3,83.6,17.6,11:35:36,11:53:12,101.2
FARM101856,Farmer_1856,PC002,Mandya North,2026-01-03,13:33:00,13,5,1,34,33,35,1,Cotton,367.0,B,10,170.6,180.0,15.3,16:33:00,16:48:18,195.3
FARM100669,Farmer_0669,PC002,Mandya North,2026-01-19,15:39:00,15,0,0,44,39,40,2,Wheat,455.2,B,1,180.3,180.0,12.8,18:39:00,18:51:48,192.8
FARM101418,Farmer_1418,PC003,Hassan Market,2026-03-12,10:00:00,10,3,1,21,17,22,4,Groundnut,378.8,A,2,62.5,62.8,14.3,11:02:48,11:17:06,77.1
FARM101872,Farmer_1872,PC002,Mandya North,2026-01-19,11:02:00,11,0,1,22,20,24,2,Wheat,294.1,A,4,113.6,118.9,11.1,13:00:54,13:12:00,130.0
FARM101300,Farmer_1300,PC002,Mandya North,2026-04-06,11:19:00,11,0,1,42,37,44,1,Rice,307.2,A,6,192.5,180.0,10.9,14:19:00,14:29:54,190.9
FARM100448,Farmer_0448,PC001,Mysuru Central,2026-04-17,08:14:00,8,4,0,10,8,9,3,Rice,278.0,C,6,30.2,28.1,11.7,08:42:06,08:53:48,39.8
FARM100554,Farmer_0554,PC001,Mysuru Central,2026-01-13,08:04:00,8,1,0,26,24,30,2,Wheat,450.6,B,10,121.5,123.1,10.2,10:07:06,10:17:18,133.3
FARM100179,Farmer_0179,PC002,Mandya North,2026-01-07,14:56:00,14,2,0,48,45,52,2,Groundnut,207.4,B,6,192.9,180.0,12.9,17:56:00,18:08:54,192.9
FARM100391,Farmer_0391,PC004,Tumakuru Main,2026-03-03,15:52:00,15,1,0,47,44,48,2,Cotton,265.1,A,7,189.8,180.0,11.9,18:52:00,19:03:54,191.9
FARM100579,Farmer_0579,PC003,Hassan Market,2026-02-24,14:03:00,14,1,0,10,8,15,5,Tur Dal,381.1,C,1,25.0,24.4,17.2,14:27:24,14:44:36,41.6
FARM101478,Farmer_1478,PC005,Bengaluru Rural,2026-01-29,10:14:00,10,3,1,32,29,34,4,Groundnut,524.9,C,1,122.7,122.1,18.2,12:16:06,12:34:18,140.3
FARM101707,Farmer_1707,PC002,Mandya North,2026-01-15,10:15:00,10,3,1,5,2,5,2,Maize,312.8,B,8,20.3,21.0,13.7,10:36:00,10:49:42,34.7
FARM101288,Farmer_1288,PC005,Bengaluru Rural,2026-01-28,08:53:00,8,2,0,20,17,20,6,Maize,302.7,C,7,41.3,40.4,16.1,09:33:24,09:49:30,56.5
FARM101645,Farmer_1645,PC002,Mandya North,2026-04-03,15:33:00,15,4,0,17,15,21,2,Cotton,328.1,C,5,114.8,116.6,14.8,17:29:36,17:44:24,131.4
FARM101024,Farmer_1024,PC004,Tumakuru Main,2026-03-14,16:16:00,16,5,0,41,39,40,4,Sugarcane,329.5,B,5,166.5,180.0,20.4,19:16:00,19:36:24,200.4
FARM100821,Farmer_0821,PC004,Tumakuru Main,2026-02-17,11:56:00,11,1,1,7,6,10,4,Ragi,94.4,B,2,9.9,9.6,7.8,12:05:36,12:13:24,17.4
FARM101825,Farmer_1825,PC002,Mandya North,2026-04-01,16:30:00,16,2,0,31,28,33,2,Rice,209.5,A,4,141.7,130.7,8.7,18:40:42,18:49:24,139.4
FARM100985,Farmer_0985,PC004,Tumakuru Main,2026-01-21,12:17:00,12,2,1,38,35,39,3,Ragi,111.0,B,9,92.0,84.0,6.7,13:41:00,13:47:42,90.7
FARM101339,Farmer_1339,PC005,Bengaluru Rural,2026-03-22,08:43:00,8,6,0,9,6,13,5,Ragi,351.4,B,9,9.7,8.9,9.7,08:51:54,09:01:36,18.6
FARM100665,Farmer_0665,PC003,Hassan Market,2026-04-13,15:01:00,15,0,0,33,31,38,5,Sugarcane,383.0,B,7,91.1,95.9,16.4,16:36:54,16:53:18,112.3
FARM100143,Farmer_0143,PC003,Hassan Market,2026-02-25,10:17:00,10,2,1,10,8,12,4,Wheat,237.8,C,7,19.2,20.3,10.2,10:37:18,10:47:30,30.5
FARM101517,Farmer_1517,PC004,Tumakuru Main,2026-04-16,11:53:00,11,3,1,37,32,38,2,Wheat,215.5,B,7,165.1,165.1,9.1,14:38:06,14:47:12,174.2
FARM101430,Farmer_1430,PC005,Bengaluru Rural,2026-01-20,12:29:00,12,1,1,16,14,20,6,Ragi,378.2,B,5,28.6,31.2,14.7,13:00:12,13:14:54,45.9
FARM100865,Farmer_0865,PC001,Mysuru Central,2026-02-14,11:28:00,11,5,1,2,1,3,3,Wheat,410.1,C,5,5.5,5.7,13.8,11:33:42,11:47:30,19.5
FARM100422,Farmer_0422,PC003,Hassan Market,2026-02-05,12:47:00,12,3,1,14,10,17,4,Sugarcane,299.7,C,4,52.2,48.8,18.3,13:35:48,13:54:06,67.1
FARM100637,Farmer_0637,PC002,Mandya North,2026-03-20,13:28:00,13,4,1,34,33,40,2,Sugarcane,346.3,C,5,172.7,180.0,19.2,16:28:00,16:47:12,199.2
FARM101407,Farmer_1407,PC001,Mysuru Central,2026-01-07,11:59:00,11,2,1,25,21,24,4,Maize,174.3,A,8,44.5,46.0,8.3,12:45:00,12:53:18,54.3
FARM100800,Farmer_0800,PC002,Mandya North,2026-02-27,12:56:00,12,4,1,17,16,18,2,Cotton,121.9,A,3,101.4,100.6,10.5,14:36:36,14:47:06,111.1
FARM101404,Farmer_1404,PC001,Mysuru Central,2026-04-01,11:24:00,11,2,1,25,24,26,4,Rice,266.3,A,9,67.7,72.9,10.5,12:36:54,12:47:24,83.4
FARM100616,Farmer_0616,PC002,Mandya North,2026-04-17,10:17:00,10,4,1,34,29,33,2,Ragi,295.0,A,10,192.6,180.0,12.5,13:17:00,13:29:30,192.5
FARM100295,Farmer_0295,PC003,Hassan Market,2026-03-19,15:04:00,15,3,0,29,24,30,5,Ragi,344.4,B,1,53.7,52.0,11.8,15:56:00,16:07:48,63.8
FARM100924,Farmer_0924,PC003,Hassan Market,2026-02-25,15:31:00,15,2,0,41,37,44,5,Groundnut,174.5,B,6,82.8,82.6,12.7,16:53:36,17:06:18,95.3
FARM101269,Farmer_1269,PC002,Mandya North,2026-04-05,13:56:00,13,6,1,23,21,25,2,Ragi,346.7,B,9,132.0,126.3,10.5,16:02:18,16:12:48,136.8
FARM101903,Farmer_1903,PC001,Mysuru Central,2026-02-14,14:18:00,14,5,0,10,8,14,3,Sugarcane,300.7,B,8,56.6,52.5,17.2,15:10:30,15:27:42,69.7
FARM100089,Farmer_0089,PC004,Tumakuru Main,2026-03-31,10:59:00,10,1,1,25,20,22,3,Groundnut,375.8,B,4,127.4,127.2,17.1,13:06:12,13:23:18,144.3
FARM100042,Farmer_0042,PC002,Mandya North,2026-03-15,11:47:00,11,6,1,30,28,31,2,Sugarcane,314.5,A,5,179.1,180.0,13.6,14:47:00,15:00:36,193.6
FARM101802,Farmer_1802,PC001,Mysuru Central,2026-04-21,10:24:00,10,1,1,41,36,43,3,Rice,157.2,B,2,118.1,122.1,10.0,12:26:06,12:36:06,132.1
FARM101934,Farmer_1934,PC002,Mandya North,2026-02-26,14:31:00,14,3,0,44,43,49,2,Rice,237.0,C,7,167.7,180.0,10.7,17:31:00,17:41:42,190.7
FARM100132,Farmer_0132,PC005,Bengaluru Rural,2026-02-03,09:23:00,9,1,0,18,13,15,5,Cotton,292.6,C,8,31.4,32.9,16.2,09:55:54,10:12:06,49.1
FARM101002,Farmer_1002,PC005,Bengaluru Rural,2026-03-11,09:59:00,9,2,0,10,5,8,6,Wheat,303.8,A,3,6.1,6.1,10.4,10:05:06,10:15:30,16.5
FARM101158,Farmer_1158,PC005,Bengaluru Rural,2026-01-22,15:31:00,15,3,0,36,35,38,6,Rice,250.4,B,4,77.6,75.0,13.8,16:46:00,16:59:48,88.8
FARM101095,Farmer_1095,PC003,Hassan Market,2026-02-09,13:33:00,13,0,1,6,5,9,4,Rice,379.7,A,3,20.8,22.4,13.0,13:55:24,14:08:24,35.4
FARM101855,Farmer_1855,PC003,Hassan Market,2026-01-29,16:36:00,16,3,0,18,13,19,3,Cotton,283.3,C,5,71.4,70.1,17.5,17:46:06,18:03:36,87.6
FARM101345,Farmer_1345,PC003,Hassan Market,2026-03-09,14:49:00,14,0,0,24,23,27,4,Groundnut,136.3,B,4,60.6,63.0,11.7,15:52:00,16:03:42,74.7
FARM101499,Farmer_1499,PC005,Bengaluru Rural,2026-02-03,09:39:00,9,1,0,24,22,28,5,Ragi,280.9,A,5,48.5,47.3,11.0,10:26:18,10:37:18,58.3
FARM100165,Farmer_0165,PC004,Tumakuru Main,2026-01-08,08:03:00,8,3,0,43,42,46,3,Groundnut,394.8,A,2,194.1,180.0,12.4,11:03:00,11:15:24,192.4
FARM100725,Farmer_0725,PC002,Mandya North,2026-02-20,13:29:00,13,4,1,6,5,10,2,Maize,326.0,A,6,37.4,36.2,11.7,14:05:12,14:16:54,47.9
FARM100291,Farmer_0291,PC001,Mysuru Central,2026-02-09,09:29:00,9,0,0,17,13,20,3,Cotton,471.8,B,6,69.3,72.0,15.6,10:41:00,10:56:36,87.6
FARM101209,Farmer_1209,PC001,Mysuru Central,2026-04-07,10:42:00,10,1,1,17,12,18,4,Groundnut,165.6,B,2,45.2,46.3,12.2,11:28:18,11:40:30,58.5
FARM101589,Farmer_1589,PC003,Hassan Market,2026-01-28,08:12:00,8,2,0,15,12,15,5,Groundnut,347.9,B,3,21.5,23.4,12.9,08:35:24,08:48:18,36.3
FARM101897,Farmer_1897,PC003,Hassan Market,2026-03-13,13:09:00,13,4,1,19,17,21,4,Tur Dal,400.3,A,7,52.5,53.3,12.2,14:02:18,14:14:30,65.5
FARM101642,Farmer_1642,PC002,Mandya North,2026-03-16,14:31:00,14,0,0,46,42,44,3,Cotton,298.1,C,7,179.8,180.0,16.3,17:31:00,17:47:18,196.3
FARM101362,Farmer_1362,PC002,Mandya North,2026-03-20,11:27:00,11,4,1,26,23,24,2,Ragi,317.2,B,1,186.3,180.0,14.1,14:27:00,14:41:06,194.1
FARM100779,Farmer_0779,PC004,Tumakuru Main,2026-01-02,15:42:00,15,4,0,38,37,39,2,Groundnut,330.2,B,7,192.4,180.0,14.6,18:42:00,18:56:36,194.6
FARM100840,Farmer_0840,PC005,Bengaluru Rural,2026-02-21,13:34:00,13,5,1,41,37,43,5,Ragi,151.4,B,8,54.8,60.8,9.2,14:34:48,14:44:00,70.0
FARM100349,Farmer_0349,PC003,Hassan Market,2026-04-19,14:47:00,14,6,0,14,11,13,5,Ragi,303.0,B,7,22.4,24.2,11.8,15:11:12,15:23:00,36.0
FARM101945,Farmer_1945,PC001,Mysuru Central,2026-02-18,14:47:00,14,2,0,34,31,32,3,Tur Dal,273.9,A,4,106.7,114.2,11.5,16:41:12,16:52:42,125.7
FARM100572,Farmer_0572,PC001,Mysuru Central,2026-03-01,14:24:00,14,6,0,12,11,13,3,Cotton,469.4,A,10,60.2,56.7,14.8,15:20:42,15:35:30,71.5
FARM100918,Farmer_0918,PC002,Mandya North,2026-01-23,15:06:00,15,4,0,10,6,10,2,Cotton,278.2,A,4,51.3,47.4,12.6,15:53:24,16:06:00,60.0
FARM100977,Farmer_0977,PC005,Bengaluru Rural,2026-03-29,14:52:00,14,6,0,50,45,49,5,Maize,280.3,B,5,106.4,99.0,12.7,16:31:00,16:43:42,111.7
FARM101914,Farmer_1914,PC005,Bengaluru Rural,2026-02-07,15:38:00,15,5,0,15,14,15,5,Wheat,277.3,C,3,34.7,33.3,14.7,16:11:18,16:26:00,48.0
FARM101469,Farmer_1469,PC001,Mysuru Central,2026-04-24,15:45:00,15,4,0,28,27,34,3,Ragi,371.0,B,1,118.0,118.7,13.5,17:43:42,17:57:12,132.2
FARM101592,Farmer_1592,PC001,Mysuru Central,2026-03-15,16:24:00,16,6,0,25,23,25,3,Cotton,297.4,A,6,111.9,103.3,14.0,18:07:18,18:21:18,117.3
FARM101318,Farmer_1318,PC005,Bengaluru Rural,2026-03-22,09:11:00,9,6,0,6,3,5,5,Sugarcane,395.0,A,2,15.9,17.0,17.7,09:28:00,09:45:42,34.7
FARM101845,Farmer_1845,PC002,Mandya North,2026-03-25,11:06:00,11,2,1,13,9,10,1,Wheat,352.2,A,4,96.2,97.7,10.2,12:43:42,12:53:54,107.9
FARM100137,Farmer_0137,PC001,Mysuru Central,2026-04-06,08:50:00,8,0,0,37,35,39,4,Sugarcane,251.3,C,2,161.0,159.2,18.0,11:29:12,11:47:12,177.2
FARM100459,Farmer_0459,PC001,Mysuru Central,2026-03-15,14:43:00,14,6,0,29,24,31,3,Wheat,273.4,A,1,83.9,86.6,10.6,16:09:36,16:20:12,97.2
FARM100376,Farmer_0376,PC005,Bengaluru Rural,2026-02-01,08:57:00,8,6,0,4,1,8,5,Cotton,350.5,C,2,3.4,3.4,15.7,09:00:24,09:16:06,19.1
FARM101343,Farmer_1343,PC003,Hassan Market,2026-03-03,13:13:00,13,1,1,20,17,22,4,Groundnut,88.5,C,5,68.3,67.0,14.9,14:20:00,14:34:54,81.9
FARM100334,Farmer_0334,PC002,Mandya North,2026-03-02,10:56:00,10,0,1,17,16,20,3,Ragi,408.7,A,3,73.4,81.0,13.0,12:17:00,12:30:00,94.0
FARM101160,Farmer_1160,PC002,Mandya North,2026-01-12,15:56:00,15,0,0,19,18,21,3,Wheat,255.8,B,4,76.6,70.0,10.9,17:06:00,17:16:54,80.9
FARM101761,Farmer_1761,PC003,Hassan Market,2026-04-13,11:29:00,11,0,1,36,34,38,5,Maize,316.6,C,9,101.6,93.3,13.4,13:02:18,13:15:42,106.7
FARM101458,Farmer_1458,PC002,Mandya North,2026-02-20,08:36:00,8,4,0,31,29,30,2,Tur Dal,343.1,A,5,173.1,180.0,13.4,11:36:00,11:49:24,193.4
FARM100817,Farmer_0817,PC003,Hassan Market,2026-03-27,11:16:00,11,4,1,8,6,7,4,Sugarcane,497.2,B,4,30.4,32.8,19.7,11:48:48,12:08:30,52.5
FARM101115,Farmer_1115,PC005,Bengaluru Rural,2026-03-12,12:16:00,12,3,1,6,4,5,5,Wheat,601.6,C,1,16.4,15.6,14.0,12:31:36,12:45:36,29.6
FARM101006,Farmer_1006,PC003,Hassan Market,2026-04-03,09:01:00,9,4,0,23,22,25,4,Cotton,224.9,B,8,65.9,64.5,12.1,10:05:30,10:17:36,76.6
FARM101857,Farmer_1857,PC003,Hassan Market,2026-03-14,16:20:00,16,5,0,37,34,38,4,Sugarcane,253.5,B,6,115.7,112.8,14.9,18:12:48,18:27:42,127.7
FARM101955,Farmer_1955,PC001,Mysuru Central,2026-02-27,09:26:00,9,4,0,19,17,20,2,Groundnut,419.7,B,3,137.2,140.4,15.9,11:46:24,12:02:18,156.3
FARM101851,Farmer_1851,PC001,Mysuru Central,2026-04-07,11:57:00,11,1,1,41,40,42,2,Ragi,84.2,C,1,159.1,167.3,8.4,14:44:18,14:52:42,175.7
FARM100911,Farmer_0911,PC005,Bengaluru Rural,2026-01-08,15:20:00,15,3,0,22,18,20,5,Wheat,370.2,A,2,30.5,32.7,10.7,15:52:42,16:03:24,43.4
FARM101930,Farmer_1930,PC003,Hassan Market,2026-01-29,10:42:00,10,3,1,15,10,16,4,Ragi,98.3,A,10,15.3,14.1,6.0,10:56:06,11:02:06,20.1
FARM101126,Farmer_1126,PC003,Hassan Market,2026-03-13,09:32:00,9,4,0,8,4,5,4,Rice,73.7,A,5,14.1,15.2,10.4,09:47:12,09:57:36,25.6
FARM100329,Farmer_0329,PC001,Mysuru Central,2026-01-03,15:09:00,15,5,0,8,4,5,3,Rice,249.4,B,5,12.6,13.5,11.8,15:22:30,15:34:18,25.3
FARM101248,Farmer_1248,PC002,Mandya North,2026-01-31,09:54:00,9,5,0,30,29,35,1,Wheat,330.9,A,7,190.6,180.0,7.3,12:54:00,13:01:18,187.3
FARM100319,Farmer_0319,PC005,Bengaluru Rural,2026-03-10,10:16:00,10,1,1,43,40,43,4,Rice,233.0,C,10,87.2,85.2,8.5,11:41:12,11:49:42,93.7
FARM101690,Farmer_1690,PC005,Bengaluru Rural,2026-03-06,08:17:00,8,4,0,3,2,9,5,Groundnut,268.9,A,5,4.5,4.2,9.4,08:21:12,08:30:36,13.6
FARM101359,Farmer_1359,PC003,Hassan Market,2026-03-21,09:55:00,9,5,0,8,7,14,5,Maize,264.0,B,1,21.9,23.7,12.0,10:18:42,10:30:42,35.7
FARM101733,Farmer_1733,PC004,Tumakuru Main,2026-04-18,13:58:00,13,5,1,6,5,9,3,Sugarcane,376.0,C,2,39.1,39.5,19.2,14:37:30,14:56:42,58.7
FARM100168,Farmer_0168,PC004,Tumakuru Main,2026-03-04,15:13:00,15,2,0,33,32,35,2,Rice,193.9,B,7,102.5,109.6,6.8,17:02:36,17:09:24,116.4
FARM100013,Farmer_0013,PC003,Hassan Market,2026-04-04,08:04:00,8,5,0,15,12,18,4,Sugarcane,325.6,B,2,36.0,39.8,14.4,08:43:48,08:58:12,54.2
FARM101927,Farmer_1927,PC003,Hassan Market,2026-01-15,10:28:00,10,3,1,33,28,31,4,Tur Dal,373.8,B,2,115.2,108.9,15.7,12:16:54,12:32:36,124.6
FARM100172,Farmer_0172,PC005,Bengaluru Rural,2026-01-12,09:56:00,9,0,0,43,39,46,5,Ragi,152.2,C,3,62.7,67.4,10.2,11:03:24,11:13:36,77.6
FARM100650,Farmer_0650,PC003,Hassan Market,2026-03-26,12:18:00,12,3,1,7,2,3,4,Sugarcane,406.1,C,6,15.3,15.8,22.3,12:33:48,12:56:06,38.1
FARM101062,Farmer_1062,PC004,Tumakuru Main,2026-04-14,16:40:00,16,1,0,45,43,48,3,Maize,286.6,A,3,152.4,146.1,10.0,19:06:06,19:16:06,156.1
FARM100261,Farmer_0261,PC004,Tumakuru Main,2026-03-12,12:06:00,12,3,1,20,15,21,2,Groundnut,247.7,C,4,113.2,123.3,14.6,14:09:18,14:23:54,137.9
FARM101367,Farmer_1367,PC004,Tumakuru Main,2026-03-29,09:46:00,9,6,0,25,23,29,3,Ragi,374.7,B,7,85.5,80.7,10.6,11:06:42,11:17:18,91.3
FARM101549,Farmer_1549,PC004,Tumakuru Main,2026-04-02,09:24:00,9,3,0,17,15,20,3,Rice,434.3,A,5,58.5,58.2,10.9,10:22:12,10:33:06,69.1
FARM100902,Farmer_0902,PC003,Hassan Market,2026-03-14,15:25:00,15,5,0,21,19,26,5,Cotton,271.3,C,7,57.6,53.2,14.5,16:18:12,16:32:42,67.7
FARM100673,Farmer_0673,PC005,Bengaluru Rural,2026-02-21,12:12:00,12,5,1,23,19,26,6,Sugarcane,406.1,A,1,55.6,53.5,17.1,13:05:30,13:22:36,70.6
FARM100259,Farmer_0259,PC004,Tumakuru Main,2026-03-14,09:03:00,9,5,0,35,34,41,3,Ragi,200.6,A,10,88.0,86.9,6.8,10:29:54,10:36:42,93.7
FARM100845,Farmer_0845,PC005,Bengaluru Rural,2026-01-31,16:39:00,16,5,0,22,18,21,5,Ragi,392.9,A,6,41.1,39.8,10.5,17:18:48,17:29:18,50.3
FARM100868,Farmer_0868,PC004,Tumakuru Main,2026-04-19,08:39:00,8,6,0,47,45,50,3,Tur Dal,318.3,C,7,174.0,180.0,13.0,11:39:00,11:52:00,193.0
FARM101800,Farmer_1800,PC004,Tumakuru Main,2026-01-14,12:28:00,12,2,1,45,41,46,3,Tur Dal,316.2,C,1,181.5,177.8,11.8,15:25:48,15:37:36,189.6
FARM100139,Farmer_0139,PC005,Bengaluru Rural,2026-02-01,16:54:00,16,6,0,37,35,42,4,Maize,153.8,C,5,83.4,87.7,11.1,18:21:42,18:32:48,98.8
FARM100894,Farmer_0894,PC001,Mysuru Central,2026-03-20,16:31:00,16,4,0,28,27,30,3,Tur Dal,180.6,A,8,84.2,78.9,9.4,17:49:54,17:59:18,88.3
FARM101838,Farmer_1838,PC005,Bengaluru Rural,2026-04-18,10:18:00,10,5,1,25,24,30,5,Groundnut,394.1,A,5,71.6,71.0,15.4,11:29:00,11:44:24,86.4
FARM100550,Farmer_0550,PC002,Mandya North,2026-02-11,10:25:00,10,2,1,48,43,46,1,Cotton,443.9,B,4,177.6,180.0,16.6,13:25:00,13:41:36,196.6
FARM100320,Farmer_0320,PC005,Bengaluru Rural,2026-02-12,11:41:00,11,3,1,4,1,2,5,Cotton,441.5,C,6,5.7,5.8,17.2,11:46:48,12:04:00,23.0
FARM101527,Farmer_1527,PC003,Hassan Market,2026-02-17,16:15:00,16,1,0,40,37,44,4,Cotton,340.3,A,2,132.2,122.6,14.5,18:17:36,18:32:06,137.1
FARM101806,Farmer_1806,PC002,Mandya North,2026-01-22,15:37:00,15,3,0,40,39,42,2,Wheat,333.4,A,1,192.3,180.0,9.7,18:37:00,18:46:42,189.7
FARM101178,Farmer_1178,PC003,Hassan Market,2026-02-01,16:57:00,16,6,0,4,2,9,4,Cotton,362.3,B,4,9.0,9.8,15.8,17:06:48,17:22:36,25.6
FARM100559,Farmer_0559,PC001,Mysuru Central,2026-03-27,16:13:00,16,4,0,10,7,13,3,Maize,253.8,C,1,41.2,42.0,15.3,16:55:00,17:10:18,57.3
FARM100140,Farmer_0140,PC003,Hassan Market,2026-04-04,14:36:00,14,5,0,37,35,37,4,Ragi,120.1,C,3,93.2,92.8,10.9,16:08:48,16:19:42,103.7
FARM101735,Farmer_1735,PC002,Mandya North,2026-03-28,15:38:00,15,5,0,10,7,9,2,Rice,237.7,A,4,50.2,47.8,11.2,16:25:48,16:37:00,59.0
FARM100532,Farmer_0532,PC004,Tumakuru Main,2026-03-24,13:23:00,13,1,1,40,35,38,3,Maize,346.7,C,8,165.5,180.0,14.5,16:23:00,16:37:30,194.5
FARM100225,Farmer_0225,PC005,Bengaluru Rural,2026-04-03,13:53:00,13,4,1,40,35,39,5,Groundnut,184.3,A,8,60.1,58.2,8.5,14:51:12,14:59:42,66.7
FARM100724,Farmer_0724,PC001,Mysuru Central,2026-03-07,11:18:00,11,5,1,6,5,11,3,Ragi,204.4,A,3,19.8,20.2,9.5,11:38:12,11:47:42,29.7
FARM100787,Farmer_0787,PC005,Bengaluru Rural,2026-02-25,09:23:00,9,2,0,12,9,12,5,Maize,216.4,C,10,21.8,22.0,12.8,09:45:00,09:57:48,34.8
FARM101718,Farmer_1718,PC002,Mandya North,2026-01-25,12:11:00,12,6,1,19,14,20,2,Rice,388.7,C,7,97.0,97.5,12.5,13:48:30,14:01:00,110.0
FARM101008,Farmer_1008,PC002,Mandya North,2026-04-17,11:30:00,11,4,1,34,30,35,2,Wheat,127.5,C,8,138.6,133.2,7.9,13:43:12,13:51:06,141.1
FARM100410,Farmer_0410,PC004,Tumakuru Main,2026-01-23,08:20:00,8,4,0,9,6,10,3,Sugarcane,373.1,A,3,35.5,34.7,17.5,08:54:42,09:12:12,52.2
FARM100326,Farmer_0326,PC002,Mandya North,2026-01-02,16:14:00,16,4,0,9,7,10,1,Tur Dal,130.3,B,1,76.0,73.6,9.7,17:27:36,17:37:18,83.3
FARM101766,Farmer_1766,PC003,Hassan Market,2026-04-03,09:29:00,9,4,0,22,18,21,5,Wheat,347.8,A,9,36.1,38.8,12.5,10:07:48,10:20:18,51.3
FARM100300,Farmer_0300,PC004,Tumakuru Main,2026-01-24,16:01:00,16,5,0,1,0,5,2,Groundnut,486.6,B,8,1.4,1.5,15.1,16:02:30,16:17:36,16.6
FARM101263,Farmer_1263,PC004,Tumakuru Main,2026-02-11,16:17:00,16,2,0,24,20,21,4,Maize,141.2,A,7,55.9,53.3,10.3,17:10:18,17:20:36,63.6
FARM101946,Farmer_1946,PC004,Tumakuru Main,2026-04-03,14:50:00,14,4,0,31,27,28,3,Sugarcane,162.3,C,1,182.4,171.9,18.2,17:41:54,18:00:06,190.1
FARM100026,Farmer_0026,PC005,Bengaluru Rural,2026-02-18,16:41:00,16,2,0,8,4,5,6,Groundnut,330.0,A,10,5.9,5.9,11.5,16:46:54,16:58:24,17.4
FARM101859,Farmer_1859,PC001,Mysuru Central,2026-04-17,08:53:00,8,4,0,42,38,39,4,Groundnut,73.9,B,9,95.7,87.0,9.2,10:20:00,10:29:12,96.2
FARM100715,Farmer_0715,PC004,Tumakuru Main,2026-04-10,11:56:00,11,4,1,43,42,45,3,Cotton,349.7,C,10,188.1,180.0,17.7,14:56:00,15:13:42,197.7
FARM101010,Farmer_1010,PC005,Bengaluru Rural,2026-04-10,11:56:00,11,4,1,20,18,23,6,Ragi,183.8,C,10,39.8,38.6,11.8,12:34:36,12:46:24,50.4
FARM100194,Farmer_0194,PC002,Mandya North,2026-02-23,08:47:00,8,0,0,48,43,44,3,Sugarcane,281.9,B,2,175.3,180.0,16.2,11:47:00,12:03:12,196.2
FARM100441,Farmer_0441,PC003,Hassan Market,2026-02-13,09:59:00,9,4,0,6,1,8,4,Rice,296.3,C,7,4.0,3.8,13.9,10:02:48,10:16:42,17.7
FARM100574,Farmer_0574,PC001,Mysuru Central,2026-03-19,13:13:00,13,3,1,39,36,38,3,Maize,565.3,C,8,174.2,180.0,17.3,16:13:00,16:30:18,197.3
FARM100947,Farmer_0947,PC004,Tumakuru Main,2026-04-09,12:27:00,12,3,1,13,11,16,3,Rice,389.3,B,7,53.3,53.4,12.4,13:20:24,13:32:48,65.8
FARM100998,Farmer_0998,PC005,Bengaluru Rural,2026-03-20,08:20:00,8,4,0,21,19,20,5,Groundnut,466.3,C,7,59.0,55.0,16.8,09:15:00,09:31:48,71.8
FARM100504,Farmer_0504,PC004,Tumakuru Main,2026-02-27,14:06:00,14,4,0,13,8,11,3,Maize,346.1,B,7,45.3,46.9,15.2,14:52:54,15:08:06,62.1
FARM100606,Farmer_0606,PC004,Tumakuru Main,2026-03-03,13:11:00,13,1,1,29,24,31,2,Tur Dal,381.2,C,9,162.2,180.0,14.5,16:11:00,16:25:30,194.5
FARM101717,Farmer_1717,PC003,Hassan Market,2026-03-11,09:47:00,9,2,0,22,17,23,4,Rice,499.9,A,9,42.3,46.7,12.6,10:33:42,10:46:18,59.3
FARM101164,Farmer_1164,PC001,Mysuru Central,2026-02-21,13:41:00,13,5,1,17,12,18,3,Sugarcane,398.5,C,3,84.6,92.9,22.4,15:13:54,15:36:18,115.3
FARM101787,Farmer_1787,PC005,Bengaluru Rural,2026-02-10,08:57:00,8,1,0,13,8,10,5,Wheat,269.2,B,9,14.1,14.4,9.2,09:11:24,09:20:36,23.6
FARM100847,Farmer_0847,PC004,Tumakuru Main,2026-04-19,13:14:00,13,6,1,39,38,40,2,Maize,252.8,A,6,153.4,168.6,8.2,16:02:36,16:10:48,176.8
FARM100004,Farmer_0004,PC002,Mandya North,2026-04-06,09:27:00,9,0,0,9,5,11,2,Ragi,189.3,B,7,36.0,33.9,10.9,10:00:54,10:11:48,44.8
FARM101287,Farmer_1287,PC005,Bengaluru Rural,2026-04-30,12:21:00,12,3,1,34,29,34,4,Ragi,358.1,C,4,81.3,82.9,12.9,13:43:54,13:56:48,95.8
FARM101223,Farmer_1223,PC001,Mysuru Central,2026-02-13,10:54:00,10,4,1,38,35,40,3,Rice,258.1,C,5,139.9,130.7,10.9,13:04:42,13:15:36,141.6
FARM100468,Farmer_0468,PC001,Mysuru Central,2026-02-17,14:30:00,14,1,0,20,16,22,2,Wheat,170.6,B,9,66.1,66.5,8.6,15:36:30,15:45:06,75.1
FARM100322,Farmer_0322,PC005,Bengaluru Rural,2026-04-25,16:34:00,16,5,0,37,34,38,6,Groundnut,415.0,B,8,83.8,78.3,15.4,17:52:18,18:07:42,93.7
FARM100006,Farmer_0006,PC003,Hassan Market,2026-01-05,09:14:00,9,0,0,9,5,8,4,Sugarcane,386.5,C,6,22.8,25.2,18.1,09:39:12,09:57:18,43.3
FARM100223,Farmer_0223,PC004,Tumakuru Main,2026-01-12,12:39:00,12,0,1,7,3,9,4,Ragi,215.5,A,7,14.8,16.0,11.3,12:55:00,13:06:18,27.3
FARM101375,Farmer_1375,PC004,Tumakuru Main,2026-03-18,15:16:00,15,2,0,30,25,29,3,Maize,322.9,C,4,92.2,100.5,11.5,16:56:30,17:08:00,112.0
FARM100548,Farmer_0548,PC002,Mandya North,2026-01-10,16:16:00,16,5,0,26,23,30,2,Ragi,160.7,C,4,170.4,157.6,12.4,18:53:36,19:06:00,170.0
FARM100229,Farmer_0229,PC002,Mandya North,2026-02-25,13:12:00,13,2,1,15,11,14,3,Ragi,386.5,A,9,56.2,53.0,11.5,14:05:00,14:16:30,64.5
FARM100040,Farmer_0040,PC005,Bengaluru Rural,2026-02-19,09:22:00,9,3,0,6,4,11,5,Wheat,162.3,B,5,7.4,7.7,9.4,09:29:42,09:39:06,17.1
FARM100543,Farmer_0543,PC005,Bengaluru Rural,2026-01-04,08:02:00,8,6,0,22,18,22,5,Sugarcane,334.0,A,2,58.7,55.0,17.2,08:57:00,09:14:12,72.2
FARM100243,Farmer_0243,PC005,Bengaluru Rural,2026-02-12,12:40:00,12,3,1,35,34,39,5,Maize,433.1,C,7,94.0,100.3,15.8,14:20:18,14:36:06,116.1
FARM100899,Farmer_0899,PC003,Hassan Market,2026-03-11,11:34:00,11,2,1,33,31,36,4,Cotton,419.9,B,5,119.3,117.3,15.8,13:31:18,13:47:06,133.1
FARM101134,Farmer_1134,PC001,Mysuru Central,2026-03-01,15:35:00,15,6,0,30,25,32,2,Tur Dal,217.2,C,7,149.7,159.3,12.9,18:14:18,18:27:12,172.2
FARM101449,Farmer_1449,PC004,Tumakuru Main,2026-04-22,08:59:00,8,2,0,5,4,7,2,Groundnut,340.6,C,6,39.3,36.4,17.1,09:35:24,09:52:30,53.5
FARM101869,Farmer_1869,PC001,Mysuru Central,2026-01-20,11:07:00,11,1,1,45,41,45,3,Wheat,307.0,C,7,183.0,171.1,11.8,13:58:06,14:09:54,182.9
FARM100843,Farmer_0843,PC005,Bengaluru Rural,2026-03-19,14:48:00,14,3,0,6,1,7,5,Wheat,254.6,B,5,1.0,1.0,9.8,14:49:00,14:58:48,10.8
FARM101419,Farmer_1419,PC002,Mandya North,2026-03-23,14:26:00,14,0,0,36,32,35,1,Ragi,368.2,C,9,166.5,180.0,12.0,17:26:00,17:38:00,192.0
FARM101654,Farmer_1654,PC005,Bengaluru Rural,2026-01-08,15:59:00,15,3,0,35,31,32,5,Tur Dal,372.3,B,9,81.5,79.3,14.0,17:18:18,17:32:18,93.3
FARM101970,Farmer_1970,PC002,Mandya North,2026-01-04,10:47:00,10,6,1,33,31,35,3,Maize,235.3,B,3,124.7,115.8,9.8,12:42:48,12:52:36,125.6
FARM100662,Farmer_0662,PC002,Mandya North,2026-04-27,14:41:00,14,0,0,38,37,38,3,Wheat,329.0,C,1,181.8,180.0,13.9,17:41:00,17:54:54,193.9
FARM101211,Farmer_1211,PC003,Hassan Market,2026-04-15,13:58:00,13,2,1,45,42,49,5,Ragi,261.8,B,4,97.9,102.2,12.3,15:40:12,15:52:30,114.5
FARM100315,Farmer_0315,PC004,Tumakuru Main,2026-04-26,12:35:00,12,6,1,40,35,40,3,Ragi,149.7,B,6,99.1,93.2,7.1,14:08:12,14:15:18,100.3
FARM100692,Farmer_0692,PC001,Mysuru Central,2026-03-04,08:07:00,8,2,0,18,15,16,3,Wheat,128.6,A,3,48.9,46.3,9.2,08:53:18,09:02:30,55.5
FARM101504,Farmer_1504,PC002,Mandya North,2026-01-08,13:11:00,13,3,1,14,11,16,2,Maize,121.6,C,8,86.3,87.4,12.9,14:38:24,14:51:18,100.3
FARM100425,Farmer_0425,PC003,Hassan Market,2026-01-27,15:07:00,15,1,0,12,10,11,4,Rice,405.5,B,9,26.8,27.4,12.5,15:34:24,15:46:54,39.9
FARM100595,Farmer_0595,PC003,Hassan Market,2026-03-02,16:01:00,16,0,0,42,41,47,4,Sugarcane,445.0,C,10,167.5,170.0,18.0,18:51:00,19:09:00,188.0
FARM101964,Farmer_1964,PC004,Tumakuru Main,2026-02-15,15:15:00,15,6,0,12,8,12,3,Ragi,443.0,C,6,39.1,39.2,14.4,15:54:12,16:08:36,53.6
FARM100623,Farmer_0623,PC002,Mandya North,2026-03-26,15:41:00,15,3,0,9,4,11,2,Maize,284.6,B,6,32.3,31.5,13.9,16:12:30,16:26:24,45.4
FARM101171,Farmer_1171,PC003,Hassan Market,2026-01-20,09:15:00,9,1,0,33,31,32,3,Sugarcane,77.8,C,10,129.1,118.1,12.3,11:13:06,11:25:24,130.4
FARM101044,Farmer_1044,PC004,Tumakuru Main,2026-03-03,11:50:00,11,1,1,3,1,8,2,Cotton,134.2,B,5,11.2,11.6,14.3,12:01:36,12:15:54,25.9
FARM100228,Farmer_0228,PC005,Bengaluru Rural,2026-01-18,11:42:00,11,6,1,29,25,29,5,Maize,331.6,C,3,71.1,72.1,15.3,12:54:06,13:09:24,87.4
FARM101118,Farmer_1118,PC001,Mysuru Central,2026-03-03,12:23:00,12,1,1,31,26,29,3,Ragi,182.4,A,10,83.2,80.4,8.9,13:43:24,13:52:18,89.3
FARM101332,Farmer_1332,PC004,Tumakuru Main,2026-02-01,09:49:00,9,6,0,22,19,23,3,Groundnut,106.9,A,1,76.7,78.4,11.7,11:07:24,11:19:06,90.1
FARM101316,Farmer_1316,PC004,Tumakuru Main,2026-03-30,15:13:00,15,0,0,15,11,16,3,Cotton,218.5,A,10,58.3,55.0,13.0,16:08:00,16:21:00,68.0
FARM100067,Farmer_0067,PC005,Bengaluru Rural,2026-01-23,15:01:00,15,4,0,10,7,11,4,Sugarcane,390.2,B,1,26.9,28.8,16.9,15:29:48,15:46:42,45.7
FARM100025,Farmer_0025,PC004,Tumakuru Main,2026-04-16,15:51:00,15,3,0,26,24,25,2,Ragi,589.5,A,3,163.9,180.0,16.7,18:51:00,19:07:42,196.7
FARM100145,Farmer_0145,PC003,Hassan Market,2026-01-07,15:52:00,15,2,0,25,24,25,4,Rice,296.1,B,7,66.8,66.4,11.5,16:58:24,17:09:54,77.9
FARM100537,Farmer_0537,PC002,Mandya North,2026-03-09,12:11:00,12,0,1,15,13,20,1,Groundnut,254.3,C,1,167.6,180.0,14.1,15:11:00,15:25:06,194.1
FARM100812,Farmer_0812,PC005,Bengaluru Rural,2026-03-31,12:52:00,12,1,1,41,40,46,5,Groundnut,539.4,C,1,142.9,138.2,18.2,15:10:12,15:28:24,156.4
FARM101467,Farmer_1467,PC003,Hassan Market,2026-04-27,10:53:00,10,0,1,19,18,23,3,Rice,252.3,C,10,67.0,65.9,10.3,11:58:54,12:09:12,76.2
FARM100086,Farmer_0086,PC005,Bengaluru Rural,2026-03-09,08:55:00,8,0,0,17,15,20,4,Groundnut,526.7,A,8,46.6,51.8,15.5,09:46:48,10:02:18,67.3
FARM101661,Farmer_1661,PC003,Hassan Market,2026-03-11,09:02:00,9,2,0,25,21,23,4,Cotton,214.5,C,10,64.0,61.8,13.6,10:03:48,10:17:24,75.4
FARM101646,Farmer_1646,PC003,Hassan Market,2026-04-03,09:48:00,9,4,0,31,28,32,3,Sugarcane,279.9,C,6,173.2,163.0,19.2,12:31:00,12:50:12,182.2
FARM101805,Farmer_1805,PC001,Mysuru Central,2026-03-01,09:37:00,9,6,0,17,16,21,3,Tur Dal,279.1,B,5,56.7,62.3,12.1,10:39:18,10:51:24,74.4
FARM101818,Farmer_1818,PC004,Tumakuru Main,2026-03-21,12:07:00,12,5,1,27,24,27,3,Wheat,170.8,B,6,102.0,95.2,10.5,13:42:12,13:52:42,105.7
FARM101577,Farmer_1577,PC004,Tumakuru Main,2026-01-25,15:52:00,15,6,0,5,3,7,3,Cotton,220.0,B,10,18.6,18.8,13.8,16:10:48,16:24:36,32.6
FARM101145,Farmer_1145,PC002,Mandya North,2026-02-07,16:59:00,16,5,0,8,3,7,1,Sugarcane,345.1,A,2,46.7,47.6,14.6,17:46:36,18:01:12,62.2
FARM100363,Farmer_0363,PC003,Hassan Market,2026-04-21,16:48:00,16,1,0,33,30,37,3,Tur Dal,195.8,A,10,97.6,97.2,10.3,18:25:12,18:35:30,107.5
FARM101612,Farmer_1612,PC004,Tumakuru Main,2026-01-28,08:11:00,8,2,0,21,16,19,3,Cotton,214.8,C,1,87.9,81.8,14.6,09:32:48,09:47:24,96.4
FARM101866,Farmer_1866,PC005,Bengaluru Rural,2026-04-02,11:04:00,11,3,1,41,39,40,5,Maize,330.5,A,9,66.6,70.9,10.1,12:14:54,12:25:00,81.0
FARM101027,Farmer_1027,PC004,Tumakuru Main,2026-03-03,12:22:00,12,1,1,44,40,46,3,Wheat,211.8,A,8,110.3,112.6,7.4,14:14:36,14:22:00,120.0
FARM101031,Farmer_1031,PC004,Tumakuru Main,2026-03-30,16:41:00,16,0,0,45,43,46,3,Tur Dal,146.3,C,10,162.8,159.7,10.5,19:20:42,19:31:12,170.2
FARM101304,Farmer_1304,PC002,Mandya North,2026-04-11,09:23:00,9,5,0,36,35,42,1,Wheat,326.3,B,4,187.6,180.0,10.9,12:23:00,12:33:54,190.9
FARM101356,Farmer_1356,PC001,Mysuru Central,2026-01-03,15:41:00,15,5,0,45,40,43,3,Groundnut,309.9,B,1,181.9,170.7,12.4,18:31:42,18:44:06,183.1
FARM101731,Farmer_1731,PC003,Hassan Market,2026-02-02,14:43:00,14,0,0,28,27,34,4,Maize,187.3,B,10,71.8,73.8,12.2,15:56:48,16:09:00,86.0
FARM100666,Farmer_0666,PC002,Mandya North,2026-02-05,13:18:00,13,3,1,15,14,17,2,Groundnut,386.7,A,6,110.8,110.6,14.0,15:08:36,15:22:36,124.6
FARM100365,Farmer_0365,PC004,Tumakuru Main,2026-01-08,12:26:00,12,3,1,37,34,37,3,Groundnut,213.0,C,1,197.1,180.0,15.7,15:26:00,15:41:42,195.7
FARM100078,Farmer_0078,PC001,Mysuru Central,2026-03-12,15:20:00,15,3,0,13,12,19,3,Wheat,132.4,B,6,27.8,27.0,7.5,15:47:00,15:54:30,34.5
FARM100028,Farmer_0028,PC002,Mandya North,2026-03-30,10:26:00,10,0,1,22,17,23,1,Sugarcane,243.2,C,10,185.5,180.0,16.9,13:26:00,13:42:54,196.9
FARM101437,Farmer_1437,PC003,Hassan Market,2026-03-25,13:15:00,13,2,1,33,32,33,4,Wheat,232.3,A,8,68.3,62.3,7.8,14:17:18,14:25:06,70.1
FARM100526,Farmer_0526,PC005,Bengaluru Rural,2026-03-26,13:39:00,13,3,1,20,16,22,6,Rice,156.6,A,2,24.2,24.2,9.9,14:03:12,14:13:06,34.1
FARM101835,Farmer_1835,PC002,Mandya North,2026-03-12,08:11:00,8,3,0,23,18,24,2,Groundnut,266.2,B,5,155.8,145.7,14.6,10:36:42,10:51:18,160.3
FARM100056,Farmer_0056,PC001,Mysuru Central,2026-04-02,14:39:00,14,3,0,38,35,36,2,Groundnut,138.9,B,9,180.5,180.0,11.2,17:39:00,17:50:12,191.2
FARM100639,Farmer_0639,PC004,Tumakuru Main,2026-04-24,09:03:00,9,4,0,25,24,25,2,Wheat,203.7,C,8,125.4,119.7,9.6,11:02:42,11:12:18,129.3
FARM100303,Farmer_0303,PC003,Hassan Market,2026-03-15,11:07:00,11,6,1,28,26,31,5,Wheat,287.2,C,4,69.6,66.7,13.0,12:13:42,12:26:42,79.7
FARM100719,Farmer_0719,PC005,Bengaluru Rural,2026-04-18,10:18:00,10,5,1,17,14,21,4,Wheat,360.0,A,6,45.0,44.6,11.0,11:02:36,11:13:36,55.6
FARM100625,Farmer_0625,PC003,Hassan Market,2026-01-24,09:31:00,9,5,0,37,36,37,3,Cotton,359.9,B,8,169.1,180.0,16.1,12:31:00,12:47:06,196.1
FARM100008,Farmer_0008,PC004,Tumakuru Main,2026-02-19,11:25:00,11,3,1,42,37,39,3,Wheat,240.1,A,1,112.7,108.4,8.0,13:13:24,13:21:24,116.4
FARM100804,Farmer_0804,PC003,Hassan Market,2026-04-07,14:05:00,14,1,0,8,3,6,4,Wheat,248.9,C,2,5.6,5.9,11.1,14:10:54,14:22:00,17.0
FARM101050,Farmer_1050,PC002,Mandya North,2026-04-22,15:03:00,15,2,0,9,6,13,3,Ragi,378.2,A,5,27.0,25.4,11.4,15:28:24,15:39:48,36.8
FARM100337,Farmer_0337,PC002,Mandya North,2026-01-05,13:59:00,13,0,1,4,3,10,3,Groundnut,274.5,C,6,23.5,24.4,13.2,14:23:24,14:36:36,37.6
FARM100048,Farmer_0048,PC005,Bengaluru Rural,2026-03-02,12:50:00,12,0,1,23,18,19,5,Rice,294.5,A,5,40.5,42.8,12.8,13:32:48,13:45:36,55.6
FARM101764,Farmer_1764,PC005,Bengaluru Rural,2026-04-13,12:17:00,12,0,1,39,35,38,5,Wheat,210.6,A,7,58.3,54.2,7.3,13:11:12,13:18:30,61.5
FARM100107,Farmer_0107,PC003,Hassan Market,2026-01-08,11:12:00,11,3,1,23,21,22,4,Ragi,178.1,A,1,48.9,45.6,8.5,11:57:36,12:06:06,54.1
FARM100350,Farmer_0350,PC003,Hassan Market,2026-01-08,11:39:00,11,3,1,18,14,18,5,Groundnut,274.4,A,9,26.0,27.3,8.9,12:06:18,12:15:12,36.2
FARM101080,Farmer_1080,PC003,Hassan Market,2026-04-12,09:29:00,9,6,0,5,0,2,5,Maize,477.9,C,9,1.0,1.0,14.7,09:30:00,09:44:42,15.7
FARM100239,Farmer_0239,PC001,Mysuru Central,2026-03-28,12:50:00,12,5,1,9,4,10,2,Cotton,239.8,C,10,36.9,40.1,15.4,13:30:06,13:45:30,55.5
FARM100214,Farmer_0214,PC001,Mysuru Central,2026-01-22,09:00:00,9,3,0,35,33,37,4,Groundnut,429.2,C,6,116.6,119.8,15.2,10:59:48,11:15:00,135.0
FARM101776,Farmer_1776,PC004,Tumakuru Main,2026-03-20,10:00:00,10,4,1,49,45,50,3,Groundnut,330.6,A,10,185.9,170.8,10.8,12:50:48,13:01:36,181.6
FARM101139,Farmer_1139,PC002,Mandya North,2026-04-12,09:28:00,9,6,0,26,24,25,1,Rice,280.5,A,10,168.6,180.0,11.7,12:28:00,12:39:42,191.7
FARM100794,Farmer_0794,PC005,Bengaluru Rural,2026-01-06,12:34:00,12,1,1,38,35,41,5,Rice,319.5,B,1,85.7,83.9,12.9,13:57:54,14:10:48,96.8
FARM101587,Farmer_1587,PC002,Mandya North,2026-01-05,11:20:00,11,0,1,9,6,13,2,Maize,379.1,A,7,48.3,44.7,12.1,12:04:42,12:16:48,56.8
FARM101583,Farmer_1583,PC002,Mandya North,2026-04-09,13:26:00,13,3,1,20,17,18,2,Cotton,332.8,B,3,160.9,146.9,15.7,15:52:54,16:08:36,162.6
FARM101672,Farmer_1672,PC002,Mandya North,2026-04-18,14:30:00,14,5,0,13,9,16,2,Tur Dal,263.0,B,3,68.5,67.0,12.7,15:37:00,15:49:42,79.7
FARM100524,Farmer_0524,PC003,Hassan Market,2026-04-03,10:15:00,10,4,1,3,1,3,4,Rice,263.1,B,6,11.1,11.3,11.3,10:26:18,10:37:36,22.6
FARM100233,Farmer_0233,PC002,Mandya North,2026-01-19,08:34:00,8,0,0,34,30,31,2,Groundnut,441.3,C,8,197.5,180.0,15.8,11:34:00,11:49:48,195.8
FARM100645,Farmer_0645,PC004,Tumakuru Main,2026-02-07,10:25:00,10,5,1,8,4,6,3,Sugarcane,330.6,C,6,24.5,27.0,17.1,10:52:00,11:09:06,44.1
FARM101508,Farmer_1508,PC002,Mandya North,2026-01-13,08:45:00,8,1,0,48,43,49,2,Rice,262.0,A,10,171.0,180.0,11.8,11:45:00,11:56:48,191.8
FARM100534,Farmer_0534,PC004,Tumakuru Main,2026-04-27,11:00:00,11,0,1,35,32,35,3,Tur Dal,334.8,B,4,142.4,146.2,12.2,13:26:12,13:38:24,158.4
FARM101942,Farmer_1942,PC004,Tumakuru Main,2026-03-02,11:38:00,11,0,1,26,22,27,4,Tur Dal,273.8,C,7,89.9,86.0,12.6,13:04:00,13:16:36,98.6
FARM100604,Farmer_0604,PC001,Mysuru Central,2026-01-01,14:37:00,14,3,0,45,44,45,2,Tur Dal,237.1,B,8,164.1,180.0,10.6,17:37:00,17:47:36,190.6
FARM101330,Farmer_1330,PC003,Hassan Market,2026-01-05,15:50:00,15,0,0,26,25,28,4,Wheat,303.1,A,9,50.6,54.2,8.9,16:44:12,16:53:06,63.1
FARM101075,Farmer_1075,PC001,Mysuru Central,2026-04-13,08:06:00,8,0,0,6,5,8,4,Tur Dal,273.7,C,10,15.1,15.3,12.7,08:21:18,08:34:00,28.0
FARM101305,Farmer_1305,PC005,Bengaluru Rural,2026-03-14,13:49:00,13,5,1,5,1,8,5,Wheat,255.0,B,5,5.5,5.5,10.4,13:54:30,14:04:54,15.9
FARM100061,Farmer_0061,PC005,Bengaluru Rural,2026-04-20,10:31:00,10,0,1,47,45,46,5,Wheat,310.0,B,1,92.0,86.9,9.5,11:57:54,12:07:24,96.4
FARM101264,Farmer_1264,PC005,Bengaluru Rural,2026-04-18,16:06:00,16,5,0,12,8,14,5,Groundnut,310.7,A,8,12.8,13.7,11.2,16:19:42,16:30:54,24.9
FARM100093,Farmer_0093,PC003,Hassan Market,2026-03-24,12:01:00,12,1,1,27,24,29,4,Sugarcane,388.5,C,4,124.2,121.0,20.1,14:02:00,14:22:06,141.1
FARM100667,Farmer_0667,PC001,Mysuru Central,2026-01-22,13:27:00,13,3,1,30,26,27,3,Maize,327.4,B,4,118.7,111.3,12.3,15:18:18,15:30:36,123.6
FARM100281,Farmer_0281,PC002,Mandya North,2026-02-12,14:19:00,14,3,0,32,30,35,3,Tur Dal,211.8,B,8,101.7,102.3,9.2,16:01:18,16:10:30,111.5
FARM101114,Farmer_1114,PC002,Mandya North,2026-03-14,16:03:00,16,5,0,40,39,40,1,Maize,427.4,C,9,184.5,180.0,15.7,19:03:00,19:18:42,195.7
FARM100360,Farmer_0360,PC003,Hassan Market,2026-04-29,10:29:00,10,2,1,26,24,26,4,Ragi,358.5,C,6,78.2,77.8,13.1,11:46:48,11:59:54,90.9
FARM101129,Farmer_1129,PC002,Mandya North,2026-03-09,15:24:00,15,0,0,6,3,9,2,Maize,212.9,A,3,14.6,16.0,9.4,15:40:00,15:49:24,25.4
FARM101170,Farmer_1170,PC003,Hassan Market,2026-02-25,08:22:00,8,2,0,10,9,10,5,Tur Dal,453.7,A,5,26.2,23.9,15.0,08:45:54,09:00:54,38.9
FARM100848,Farmer_0848,PC003,Hassan Market,2026-03-06,13:10:00,13,4,1,35,31,34,3,Sugarcane,165.1,A,9,136.2,139.5,14.4,15:29:30,15:43:54,153.9
FARM101522,Farmer_1522,PC002,Mandya North,2026-02-05,11:16:00,11,3,1,34,30,35,1,Tur Dal,377.6,C,10,197.0,180.0,14.8,14:16:00,14:30:48,194.8
FARM100111,Farmer_0111,PC005,Bengaluru Rural,2026-01-13,15:51:00,15,1,0,4,1,7,5,Cotton,221.6,B,5,1.9,1.9,13.7,15:52:54,16:06:36,15.6
FARM100043,Farmer_0043,PC001,Mysuru Central,2026-01-28,08:34:00,8,2,0,20,16,20,3,Cotton,248.7,C,6,78.5,80.8,15.8,09:54:48,10:10:36,96.6
FARM100126,Farmer_0126,PC004,Tumakuru Main,2026-03-02,15:51:00,15,0,0,33,28,31,3,Groundnut,418.7,A,4,140.2,133.0,13.1,18:04:00,18:17:06,146.1
FARM100205,Farmer_0205,PC005,Bengaluru Rural,2026-04-29,11:09:00,11,2,1,31,26,27,6,Tur Dal,430.6,A,1,63.7,63.4,14.7,12:12:24,12:27:06,78.1
FARM100053,Farmer_0053,PC004,Tumakuru Main,2026-04-19,12:43:00,12,6,1,14,13,16,4,Cotton,162.1,C,1,71.7,65.4,17.6,13:48:24,14:06:00,83.0
FARM100546,Farmer_0546,PC004,Tumakuru Main,2026-01-09,11:02:00,11,4,1,34,32,37,4,Wheat,166.2,A,10,68.4,68.6,7.6,12:10:36,12:18:12,76.2
FARM100069,Farmer_0069,PC001,Mysuru Central,2026-03-14,10:12:00,10,5,1,24,23,29,3,Sugarcane,350.1,A,9,104.1,99.4,13.1,11:51:24,12:04:30,112.5
FARM101741,Farmer_1741,PC005,Bengaluru Rural,2026-04-21,09:28:00,9,1,0,14,10,13,5,Maize,503.4,C,8,32.5,33.4,17.4,10:01:24,10:18:48,50.8
FARM101548,Farmer_1548,PC003,Hassan Market,2026-01-12,13:00:00,13,0,1,18,16,23,3,Wheat,215.6,C,10,47.1,45.9,7.5,13:45:54,13:53:24,53.4
FARM100184,Farmer_0184,PC005,Bengaluru Rural,2026-02-01,08:56:00,8,6,0,9,4,7,5,Wheat,251.2,C,1,7.6,7.9,11.0,09:03:54,09:14:54,18.9
FARM100138,Farmer_0138,PC002,Mandya North,2026-03-15,10:12:00,10,6,1,11,7,9,2,Wheat,200.3,B,10,36.9,34.7,7.9,10:46:42,10:54:36,42.6
FARM100900,Farmer_0900,PC003,Hassan Market,2026-01-02,09:07:00,9,4,0,13,9,13,3,Groundnut,174.1,C,7,33.0,34.3,12.5,09:41:18,09:53:48,46.8
FARM100797,Farmer_0797,PC004,Tumakuru Main,2026-02-15,14:08:00,14,6,0,24,19,26,2,Rice,153.9,A,9,108.4,112.1,12.0,16:00:06,16:12:06,124.1
FARM100133,Farmer_0133,PC002,Mandya North,2026-02-06,11:07:00,11,4,1,35,32,36,2,Groundnut,241.1,C,5,170.7,180.0,14.4,14:07:00,14:21:24,194.4
FARM100081,Farmer_0081,PC003,Hassan Market,2026-03-30,14:17:00,14,0,0,43,39,45,4,Groundnut,291.3,B,1,139.1,146.0,16.3,16:43:00,16:59:18,162.3
FARM101987,Farmer_1987,PC001,Mysuru Central,2026-02-17,13:00:00,13,1,1,37,32,33,4,Cotton,503.7,B,10,143.9,135.6,16.9,15:15:36,15:32:30,152.5
FARM101541,Farmer_1541,PC003,Hassan Market,2026-02-24,12:29:00,12,1,1,29,25,29,4,Wheat,240.8,A,6,55.6,60.6,9.1,13:29:36,13:38:42,69.7
FARM100542,Farmer_0542,PC005,Bengaluru Rural,2026-03-21,08:27:00,8,5,0,33,32,34,5,Ragi,439.7,A,1,72.2,70.9,11.5,09:37:54,09:49:24,82.4
FARM101669,Farmer_1669,PC005,Bengaluru Rural,2026-01-20,14:36:00,14,1,0,32,29,31,5,Sugarcane,134.0,A,5,76.0,80.6,15.5,15:56:36,16:12:06,96.1
FARM100984,Farmer_0984,PC001,Mysuru Central,2026-01-16,10:08:00,10,4,1,29,27,28,2,Maize,306.8,B,2,187.4,180.0,13.7,13:08:00,13:21:42,193.7
FARM100166,Farmer_0166,PC005,Bengaluru Rural,2026-01-16,08:32:00,8,4,0,13,8,15,5,Tur Dal,239.2,C,2,17.1,17.1,14.7,08:49:06,09:03:48,31.8
FARM100249,Farmer_0249,PC004,Tumakuru Main,2026-03-08,10:55:00,10,6,1,11,10,13,2,Groundnut,69.3,B,1,46.7,51.9,9.5,11:46:54,11:56:24,61.4
FARM100447,Farmer_0447,PC003,Hassan Market,2026-01-16,15:24:00,15,4,0,32,28,35,4,Maize,46.0,C,3,76.9,82.3,12.3,16:46:18,16:58:36,94.6
FARM101515,Farmer_1515,PC003,Hassan Market,2026-01-29,16:08:00,16,3,0,9,6,11,4,Maize,223.9,C,6,15.1,14.7,12.3,16:22:42,16:35:00,27.0
FARM100859,Farmer_0859,PC003,Hassan Market,2026-03-03,14:04:00,14,1,0,41,36,39,4,Ragi,345.2,B,3,117.5,108.7,13.2,15:52:42,16:05:54,121.9
FARM101212,Farmer_1212,PC002,Mandya North,2026-02-27,11:15:00,11,4,1,38,37,43,2,Sugarcane,273.6,A,6,176.1,180.0,12.8,14:15:00,14:27:48,192.8
FARM100098,Farmer_0098,PC001,Mysuru Central,2026-03-02,12:14:00,12,0,1,25,23,26,3,Sugarcane,299.8,A,10,133.9,134.9,16.5,14:28:54,14:45:24,151.4
FARM101974,Farmer_1974,PC004,Tumakuru Main,2026-04-11,14:59:00,14,5,0,32,30,33,3,Groundnut,241.1,B,4,102.8,111.5,10.8,16:50:30,17:01:18,122.3
FARM100738,Farmer_0738,PC004,Tumakuru Main,2026-03-29,10:35:00,10,6,1,33,29,30,3,Rice,194.8,C,10,93.8,98.6,8.9,12:13:36,12:22:30,107.5
FARM101256,Farmer_1256,PC002,Mandya North,2026-03-29,13:12:00,13,6,1,15,13,20,3,Tur Dal,455.0,A,4,68.4,67.1,12.9,14:19:06,14:32:00,80.0
FARM100103,Farmer_0103,PC002,Mandya North,2026-01-22,09:10:00,9,3,0,3,2,9,3,Rice,385.9,B,9,8.5,7.9,11.0,09:17:54,09:28:54,18.9
FARM100435,Farmer_0435,PC002,Mandya North,2026-03-18,10:36:00,10,2,1,37,36,39,2,Ragi,174.2,A,6,169.1,180.0,8.9,13:36:00,13:44:54,188.9
FARM100075,Farmer_0075,PC001,Mysuru Central,2026-03-31,13:43:00,13,1,1,29,24,28,3,Tur Dal,155.9,B,8,76.6,84.7,9.2,15:07:42,15:16:54,93.9
FARM101792,Farmer_1792,PC005,Bengaluru Rural,2026-04-28,09:54:00,9,1,0,9,6,7,5,Tur Dal,249.4,B,2,10.5,10.3,13.9,10:04:18,10:18:12,24.2
FARM101235,Farmer_1235,PC003,Hassan Market,2026-04-17,12:24:00,12,4,1,22,17,21,4,Maize,228.4,C,1,59.8,58.0,13.4,13:22:00,13:35:24,71.4
FARM100919,Farmer_0919,PC003,Hassan Market,2026-03-11,16:29:00,16,2,0,12,7,9,4,Sugarcane,218.5,A,4,24.0,23.4,17.6,16:52:24,17:10:00,41.0
FARM101712,Farmer_1712,PC004,Tumakuru Main,2026-01-11,14:48:00,14,6,0,11,8,14,3,Maize,284.2,B,8,28.1,29.3,9.8,15:17:18,15:27:06,39.1
FARM101671,Farmer_1671,PC002,Mandya North,2026-03-20,10:31:00,10,4,1,13,10,13,2,Ragi,270.8,C,3,72.0,79.3,13.7,11:50:18,12:04:00,93.0
FARM101621,Farmer_1621,PC001,Mysuru Central,2026-03-05,12:01:00,12,3,1,24,21,25,3,Rice,377.4,A,1,105.8,107.2,13.4,13:48:12,14:01:36,120.6
FARM100763,Farmer_0763,PC003,Hassan Market,2026-04-14,12:47:00,12,1,1,12,9,10,4,Sugarcane,290.5,C,1,47.9,43.9,18.1,13:30:54,13:49:00,62.0
FARM100990,Farmer_0990,PC001,Mysuru Central,2026-04-13,10:25:00,10,0,1,36,31,33,3,Cotton,195.1,B,10,80.6,88.5,8.1,11:53:30,12:01:36,96.6
FARM100389,Farmer_0389,PC004,Tumakuru Main,2026-02-04,14:32:00,14,2,0,46,45,47,3,Groundnut,100.8,C,8,189.7,180.0,12.0,17:32:00,17:44:00,192.0
FARM100236,Farmer_0236,PC002,Mandya North,2026-03-05,16:24:00,16,3,0,5,0,6,2,Cotton,260.2,C,9,1.0,1.0,13.1,16:25:00,16:38:06,14.1
FARM101507,Farmer_1507,PC002,Mandya North,2026-04-16,16:03:00,16,3,0,38,33,35,2,Sugarcane,385.8,B,9,173.8,180.0,15.8,19:03:00,19:18:48,195.8
FARM100268,Farmer_0268,PC003,Hassan Market,2026-04-06,16:23:00,16,0,0,44,40,42,3,Tur Dal,55.1,B,10,123.6,132.3,10.8,18:35:18,18:46:06,143.1
FARM101188,Farmer_1188,PC005,Bengaluru Rural,2026-04-29,12:38:00,12,2,1,31,27,32,5,Sugarcane,547.3,C,6,109.8,107.2,20.5,14:25:12,14:45:42,127.7
FARM100118,Farmer_0118,PC003,Hassan Market,2026-02-22,14:34:00,14,6,0,10,7,8,4,Sugarcane,277.6,C,7,21.8,23.2,17.4,14:57:12,15:14:36,40.6
FARM101607,Farmer_1607,PC004,Tumakuru Main,2026-02-13,11:55:00,11,4,1,24,21,26,3,Wheat,270.0,A,3,68.1,67.0,8.6,13:02:00,13:10:36,75.6
FARM100674,Farmer_0674,PC005,Bengaluru Rural,2026-04-21,15:40:00,15,1,0,25,24,26,6,Wheat,373.7,A,6,32.6,30.3,9.6,16:10:18,16:19:54,39.9
FARM100250,Farmer_0250,PC003,Hassan Market,2026-01-15,09:11:00,9,3,0,8,4,5,4,Cotton,362.8,B,6,8.2,8.8,12.9,09:19:48,09:32:42,21.7
FARM101453,Farmer_1453,PC003,Hassan Market,2026-04-22,08:56:00,8,2,0,41,37,42,5,Rice,402.4,B,8,90.4,82.2,12.2,10:18:12,10:30:24,94.4
FARM101995,Farmer_1995,PC004,Tumakuru Main,2026-03-28,12:45:00,12,5,1,7,6,11,3,Cotton,242.5,C,7,40.1,39.2,14.0,13:24:12,13:38:12,53.2
FARM100095,Farmer_0095,PC004,Tumakuru Main,2026-01-29,13:38:00,13,3,1,32,29,32,3,Maize,328.9,A,4,145.2,150.1,14.3,16:08:06,16:22:24,164.4
FARM100034,Farmer_0034,PC004,Tumakuru Main,2026-01-17,11:39:00,11,5,1,46,45,50,2,Sugarcane,372.6,B,2,162.4,180.0,21.2,14:39:00,15:00:12,201.2
FARM101464,Farmer_1464,PC003,Hassan Market,2026-02-01,13:48:00,13,6,1,43,39,46,4,Rice,129.5,A,6,66.5,68.1,6.3,14:56:06,15:02:24,74.4
FARM101668,Farmer_1668,PC005,Bengaluru Rural,2026-01-19,09:34:00,9,0,0,9,7,9,5,Sugarcane,405.6,C,1,29.9,29.9,20.8,10:03:54,10:24:42,50.7
FARM100449,Farmer_0449,PC002,Mandya North,2026-01-03,14:31:00,14,5,0,24,20,25,3,Maize,378.0,B,3,117.1,120.9,15.5,16:31:54,16:47:24,136.4
FARM100717,Farmer_0717,PC004,Tumakuru Main,2026-01-21,09:24:00,9,2,0,20,17,18,4,Rice,722.8,B,2,69.0,76.6,17.3,10:40:36,10:57:54,93.9
FARM101810,Farmer_1810,PC005,Bengaluru Rural,2026-03-27,16:09:00,16,4,0,3,2,5,6,Maize,317.0,B,1,5.2,5.2,15.0,16:14:12,16:29:12,20.2
FARM101518,Farmer_1518,PC002,Mandya North,2026-03-31,09:59:00,9,1,0,35,30,31,3,Ragi,134.3,B,6,99.0,96.7,8.7,11:35:42,11:44:24,105.4
FARM100001,Farmer_0001,PC001,Mysuru Central,2026-04-03,13:26:00,13,4,1,24,19,23,4,Rice,65.4,C,6,55.6,51.2,9.9,14:17:12,14:27:06,61.1
FARM101376,Farmer_1376,PC004,Tumakuru Main,2026-02-03,13:39:00,13,1,1,31,28,29,3,Groundnut,374.2,C,7,168.7,154.6,15.1,16:13:36,16:28:42,169.7
FARM101102,Farmer_1102,PC005,Bengaluru Rural,2026-01-21,09:37:00,9,2,0,27,26,27,6,Groundnut,260.1,C,9,49.1,48.4,12.2,10:25:24,10:37:36,60.6
FARM101109,Farmer_1109,PC003,Hassan Market,2026-03-20,16:50:00,16,4,0,21,20,27,5,Tur Dal,468.5,A,6,51.9,56.1,15.1,17:46:06,18:01:12,71.2
FARM101227,Farmer_1227,PC003,Hassan Market,2026-04-18,12:54:00,12,5,1,16,11,13,4,Cotton,133.2,A,2,45.4,43.2,13.7,13:37:12,13:50:54,56.9
FARM100083,Farmer_0083,PC002,Mandya North,2026-01-30,10:09:00,10,4,1,4,1,4,3,Rice,217.1,C,4,9.0,9.7,14.5,10:18:42,10:33:12,24.2
FARM101289,Farmer_1289,PC002,Mandya North,2026-02-18,13:01:00,13,2,1,48,43,44,2,Sugarcane,103.4,C,5,165.8,180.0,13.6,16:01:00,16:14:36,193.6
FARM100677,Farmer_0677,PC004,Tumakuru Main,2026-03-11,16:19:00,16,2,0,23,19,23,3,Cotton,352.8,C,10,92.8,101.1,15.8,18:00:06,18:15:54,116.9
FARM101921,Farmer_1921,PC001,Mysuru Central,2026-03-16,10:34:00,10,0,1,41,38,43,3,Rice,297.1,B,1,157.2,147.9,11.2,13:01:54,13:13:06,159.1
FARM101047,Farmer_1047,PC001,Mysuru Central,2026-03-25,08:06:00,8,2,0,16,13,14,3,Rice,372.6,A,2,39.7,38.0,9.0,08:44:00,08:53:00,47.0
FARM100771,Farmer_0771,PC002,Mandya North,2026-03-02,10:37:00,10,0,1,37,34,39,2,Groundnut,256.2,B,8,162.3,180.0,11.8,13:37:00,13:48:48,191.8
FARM101947,Farmer_1947,PC002,Mandya North,2026-02-22,08:41:00,8,6,0,6,4,11,2,Ragi,40.0,C,6,16.8,17.6,8.7,08:58:36,09:07:18,26.3
FARM101281,Farmer_1281,PC003,Hassan Market,2026-03-12,13:22:00,13,3,1,22,17,23,5,Wheat,298.9,B,9,41.7,38.8,10.6,14:00:48,14:11:24,49.4
FARM101581,Farmer_1581,PC001,Mysuru Central,2026-01-24,16:43:00,16,5,0,33,29,35,2,Maize,280.9,A,4,154.0,161.2,11.1,19:24:12,19:35:18,172.3
FARM101489,Farmer_1489,PC002,Mandya North,2026-04-06,11:11:00,11,0,1,19,16,17,3,Maize,416.1,C,8,97.1,102.6,16.1,12:53:36,13:09:42,118.7
FARM100405,Farmer_0405,PC005,Bengaluru Rural,2026-02-03,08:39:00,8,1,0,32,31,33,4,Rice,299.7,A,8,79.9,74.6,10.8,09:53:36,10:04:24,85.4
FARM101728,Farmer_1728,PC003,Hassan Market,2026-01-29,14:02:00,14,3,0,8,6,12,5,Sugarcane,236.6,A,3,19.0,20.8,18.2,14:22:48,14:41:00,39.0
FARM101299,Farmer_1299,PC002,Mandya North,2026-03-21,10:35:00,10,5,1,18,16,21,3,Groundnut,171.0,B,10,87.7,82.7,13.2,11:57:42,12:10:54,95.9
FARM101341,Farmer_1341,PC003,Hassan Market,2026-01-28,13:45:00,13,2,1,29,28,31,3,Cotton,226.6,B,1,123.6,129.1,14.2,15:54:06,16:08:18,143.3
FARM100105,Farmer_0105,PC005,Bengaluru Rural,2026-03-14,11:29:00,11,5,1,33,28,30,5,Maize,270.7,B,2,64.6,63.8,11.6,12:32:48,12:44:24,75.4
FARM100689,Farmer_0689,PC002,Mandya North,2026-04-23,14:08:00,14,3,0,14,13,16,2,Maize,220.5,C,5,110.2,107.3,14.2,15:55:18,16:09:30,121.5
FARM101306,Farmer_1306,PC002,Mandya North,2026-04-22,15:49:00,15,2,0,13,9,13,2,Maize,81.7,B,10,36.0,36.6,8.1,16:25:36,16:33:42,44.7
FARM100827,Farmer_0827,PC003,Hassan Market,2026-03-22,13:40:00,13,6,1,13,9,10,3,Cotton,280.8,A,9,32.5,35.2,11.9,14:15:12,14:27:06,47.1
FARM100063,Farmer_0063,PC004,Tumakuru Main,2026-03-03,16:25:00,16,1,0,7,6,12,2,Tur Dal,189.1,C,3,26.7,29.3,9.5,16:54:18,17:03:48,38.8
FARM100853,Farmer_0853,PC001,Mysuru Central,2026-01-19,13:30:00,13,0,1,16,13,19,2,Ragi,157.7,C,10,76.0,71.4,10.1,14:41:24,14:51:30,81.5
FARM101354,Farmer_1354,PC002,Mandya North,2026-01-26,15:48:00,15,0,0,7,2,8,3,Sugarcane,303.0,A,2,5.9,5.7,17.0,15:53:42,16:10:42,22.7
FARM100224,Farmer_0224,PC005,Bengaluru Rural,2026-01-17,16:22:00,16,5,0,3,1,5,5,Groundnut,488.2,C,2,2.7,2.8,17.4,16:24:48,16:42:12,20.2
FARM100146,Farmer_0146,PC005,Bengaluru Rural,2026-04-29,14:02:00,14,2,0,42,37,40,4,Sugarcane,229.3,B,2,125.1,118.3,14.1,16:00:18,16:14:24,132.4
FARM101089,Farmer_1089,PC002,Mandya North,2026-04-04,15:21:00,15,5,0,42,39,41,2,Groundnut,145.3,C,9,167.7,180.0,11.6,18:21:00,18:32:36,191.6
FARM100374,Farmer_0374,PC004,Tumakuru Main,2026-04-05,15:16:00,15,6,0,1,0,5,3,Cotton,413.0,C,8,1.5,1.6,18.9,15:17:36,15:36:30,20.5
FARM101421,Farmer_1421,PC004,Tumakuru Main,2026-02-05,14:54:00,14,3,0,11,7,10,3,Ragi,164.6,C,4,29.2,27.9,11.7,15:21:54,15:33:36,39.6
FARM101143,Farmer_1143,PC002,Mandya North,2026-03-15,13:31:00,13,6,1,32,30,31,2,Tur Dal,346.9,C,3,188.5,180.0,14.1,16:31:00,16:45:06,194.1
FARM101827,Farmer_1827,PC001,Mysuru Central,2026-01-02,13:30:00,13,4,1,5,2,4,4,Wheat,50.5,C,6,2.1,2.2,7.9,13:32:12,13:40:06,10.1
FARM101495,Farmer_1495,PC004,Tumakuru Main,2026-01-04,09:15:00,9,6,0,43,38,43,3,Rice,402.3,B,1,187.4,180.0,14.0,12:15:00,12:29:00,194.0
FARM101602,Farmer_1602,PC004,Tumakuru Main,2026-03-28,14:58:00,14,5,0,25,24,27,2,Groundnut,253.4,C,2,167.8,180.0,15.7,17:58:00,18:13:42,195.7
FARM101271,Farmer_1271,PC004,Tumakuru Main,2026-01-24,13:01:00,13,5,1,40,36,38,3,Ragi,323.9,B,7,149.6,164.6,12.5,15:45:36,15:58:06,177.1
FARM100010,Farmer_0010,PC002,Mandya North,2026-02-01,15:15:00,15,6,0,37,32,37,2,Ragi,257.4,A,1,168.4,180.0,10.4,18:15:00,18:25:24,190.4
FARM100450,Farmer_0450,PC003,Hassan Market,2026-03-31,14:12:00,14,1,0,26,24,31,5,Maize,373.3,C,2,54.7,59.8,13.7,15:11:48,15:25:30,73.5
FARM100709,Farmer_0709,PC001,Mysuru Central,2026-03-22,16:51:00,16,6,0,5,2,4,2,Sugarcane,307.3,C,2,19.7,20.7,20.1,17:11:42,17:31:48,40.8
FARM100256,Farmer_0256,PC004,Tumakuru Main,2026-03-19,15:55:00,15,3,0,9,7,9,2,Groundnut,295.6,B,10,47.9,44.2,12.1,16:39:12,16:51:18,56.3
FARM100883,Farmer_0883,PC001,Mysuru Central,2026-03-03,11:12:00,11,1,1,48,45,46,3,Rice,265.7,B,5,158.0,175.6,11.1,14:07:36,14:18:42,186.7
FARM100390,Farmer_0390,PC005,Bengaluru Rural,2026-02-23,08:40:00,8,0,0,21,20,23,5,Cotton,140.7,A,2,42.4,41.7,11.7,09:21:42,09:33:24,53.4
FARM100909,Farmer_0909,PC002,Mandya North,2026-01-03,12:46:00,12,5,1,4,1,3,2,Ragi,349.6,C,1,10.6,9.7,13.4,12:55:42,13:09:06,23.1
FARM100925,Farmer_0925,PC001,Mysuru Central,2026-01-09,14:13:00,14,4,0,7,3,5,3,Cotton,358.8,A,1,14.9,14.4,15.1,14:27:24,14:42:30,29.5
FARM101704,Farmer_1704,PC003,Hassan Market,2026-02-23,10:29:00,10,0,1,18,17,19,4,Wheat,529.0,C,7,66.6,69.2,15.3,11:38:12,11:53:30,84.5
FARM101233,Farmer_1233,PC005,Bengaluru Rural,2026-04-10,10:50:00,10,4,1,20,15,21,5,Wheat,313.0,B,10,33.3,35.6,9.6,11:25:36,11:35:12,45.2
FARM100461,Farmer_0461,PC002,Mandya North,2026-01-18,12:08:00,12,6,1,44,42,45,2,Maize,149.3,C,2,189.9,180.0,12.1,15:08:00,15:20:06,192.1
FARM101270,Farmer_1270,PC001,Mysuru Central,2026-02-06,09:51:00,9,4,0,38,35,40,3,Sugarcane,230.7,B,9,140.4,155.4,13.4,12:26:24,12:39:48,168.8
FARM101760,Farmer_1760,PC004,Tumakuru Main,2026-01-19,09:05:00,9,0,0,24,21,27,3,Sugarcane,326.1,B,9,120.7,130.2,16.9,11:15:12,11:32:06,147.1
FARM101169,Farmer_1169,PC005,Bengaluru Rural,2026-03-10,13:36:00,13,1,1,41,39,46,6,Rice,242.0,B,10,70.0,66.2,11.3,14:42:12,14:53:30,77.5
FARM100959,Farmer_0959,PC001,Mysuru Central,2026-03-29,12:35:00,12,6,1,25,23,26,4,Ragi,233.1,B,9,64.6,62.4,9.7,13:37:24,13:47:06,72.1
FARM100502,Farmer_0502,PC005,Bengaluru Rural,2026-03-10,11:53:00,11,1,1,21,19,20,5,Cotton,269.5,C,6,57.3,54.5,14.9,12:47:30,13:02:24,69.4
FARM100740,Farmer_0740,PC004,Tumakuru Main,2026-01-31,15:34:00,15,5,0,35,32,34,3,Groundnut,243.3,B,7,137.9,128.5,10.7,17:42:30,17:53:12,139.2
FARM101850,Farmer_1850,PC005,Bengaluru Rural,2026-01-16,13:26:00,13,4,1,40,36,41,4,Ragi,369.6,A,10,95.1,103.7,12.2,15:09:42,15:21:54,115.9
FARM100869,Farmer_0869,PC004,Tumakuru Main,2026-02-26,14:38:00,14,3,0,16,15,19,3,Tur Dal,346.3,C,5,62.3,69.0,13.9,15:47:00,16:00:54,82.9
FARM100732,Farmer_0732,PC004,Tumakuru Main,2026-01-05,16:28:00,16,0,0,34,30,33,3,Sugarcane,109.1,A,7,137.9,139.3,13.0,18:47:18,19:00:18,152.3
FARM100540,Farmer_0540,PC004,Tumakuru Main,2026-03-01,13:57:00,13,6,1,31,29,34,2,Wheat,243.1,A,8,135.2,138.6,9.1,16:15:36,16:24:42,147.7
FARM101202,Farmer_1202,PC002,Mandya North,2026-03-09,13:32:00,13,0,1,25,23,24,3,Rice,318.6,C,5,106.3,98.9,11.6,15:10:54,15:22:30,110.5
FARM100698,Farmer_0698,PC002,Mandya North,2026-03-17,14:26:00,14,1,0,48,43,45,2,Wheat,277.3,B,5,178.2,180.0,10.2,17:26:00,17:36:12,190.2
FARM101393,Farmer_1393,PC005,Bengaluru Rural,2026-04-22,09:48:00,9,2,0,26,25,31,5,Sugarcane,300.7,C,9,67.2,67.8,15.7,10:55:48,11:11:30,83.5
FARM101377,Farmer_1377,PC002,Mandya North,2026-02-07,13:00:00,13,5,1,5,4,10,3,Wheat,399.8,B,3,20.2,21.4,12.8,13:21:24,13:34:12,34.2
FARM101146,Farmer_1146,PC001,Mysuru Central,2026-01-01,10:56:00,10,3,1,37,32,34,2,Rice,116.7,B,7,137.2,141.8,8.3,13:17:48,13:26:06,150.1
FARM101032,Farmer_1032,PC004,Tumakuru Main,2026-03-12,09:28:00,9,3,0,32,29,31,4,Tur Dal,299.8,A,9,73.6,78.5,9.5,10:46:30,10:56:00,88.0
FARM100373,Farmer_0373,PC002,Mandya North,2026-03-27,09:59:00,9,4,0,17,14,21,2,Sugarcane,281.0,A,4,124.6,130.9,17.2,12:09:54,12:27:06,148.1
FARM100668,Farmer_0668,PC003,Hassan Market,2026-04-01,14:27:00,14,2,0,22,20,22,4,Wheat,450.8,A,1,56.5,55.4,12.9,15:22:24,15:35:18,68.3
FARM101526,Farmer_1526,PC001,Mysuru Central,2026-03-03,09:35:00,9,1,0,9,6,11,3,Sugarcane,57.1,C,3,32.2,32.3,17.0,10:07:18,10:24:18,49.3
FARM100358,Farmer_0358,PC001,Mysuru Central,2026-04-07,12:33:00,12,1,1,37,36,40,3,Tur Dal,521.9,C,7,192.8,180.0,15.0,15:33:00,15:48:00,195.0
FARM100968,Farmer_0968,PC003,Hassan Market,2026-04-04,13:18:00,13,5,1,29,27,28,4,Sugarcane,87.8,A,1,82.2,79.5,13.2,14:37:30,14:50:42,92.7
FARM100784,Farmer_0784,PC005,Bengaluru Rural,2026-03-01,12:10:00,12,6,1,37,36,39,5,Wheat,124.2,A,4,70.5,68.3,9.1,13:18:18,13:27:24,77.4
FARM100736,Farmer_0736,PC004,Tumakuru Main,2026-02-04,13:36:00,13,2,1,12,11,15,3,Tur Dal,124.5,A,3,44.3,40.8,9.2,14:16:48,14:26:00,50.0
FARM101036,Farmer_1036,PC002,Mandya North,2026-03-22,12:12:00,12,6,1,15,10,15,2,Ragi,159.0,B,2,65.7,60.6,11.1,13:12:36,13:23:42,71.7
FARM100971,Farmer_0971,PC001,Mysuru Central,2026-02-05,15:43:00,15,3,0,14,9,16,3,Ragi,203.9,C,4,44.9,42.7,13.2,16:25:42,16:38:54,55.9
FARM101525,Farmer_1525,PC005,Bengaluru Rural,2026-04-06,08:03:00,8,0,0,36,34,36,5,Cotton,417.6,A,2,77.0,79.3,12.9,09:22:18,09:35:12,92.2
FARM101487,Farmer_1487,PC002,Mandya North,2026-01-26,13:51:00,13,0,1,15,11,16,3,Ragi,325.8,A,8,54.3,51.0,10.7,14:42:00,14:52:42,61.7
FARM101524,Farmer_1524,PC001,Mysuru Central,2026-02-13,16:03:00,16,4,0,45,40,43,3,Sugarcane,318.1,A,6,177.6,180.0,15.6,19:03:00,19:18:36,195.6
FARM101491,Farmer_1491,PC001,Mysuru Central,2026-04-30,14:12:00,14,3,0,11,9,11,3,Groundnut,504.8,B,5,50.4,49.6,18.2,15:01:36,15:19:48,67.8
FARM101643,Farmer_1643,PC003,Hassan Market,2026-03-16,14:18:00,14,0,0,3,0,7,3,Tur Dal,429.2,A,3,2.8,3.0,12.6,14:21:00,14:33:36,15.6
FARM101253,Farmer_1253,PC001,Mysuru Central,2026-01-30,12:28:00,12,4,1,5,2,6,4,Wheat,187.2,A,1,10.1,9.8,8.7,12:37:48,12:46:30,18.5
FARM101694,Farmer_1694,PC003,Hassan Market,2026-03-26,13:39:00,13,3,1,47,43,46,4,Tur Dal,478.6,B,2,158.5,166.0,15.9,16:25:00,16:40:54,181.9
FARM101750,Farmer_1750,PC001,Mysuru Central,2026-02-16,09:36:00,9,0,0,39,34,39,3,Ragi,495.4,B,10,145.4,133.5,11.5,11:49:30,12:01:00,145.0
FARM101237,Farmer_1237,PC002,Mandya North,2026-02-27,16:57:00,16,4,0,24,20,23,1,Maize,169.1,B,10,178.5,180.0,10.5,19:57:00,20:07:30,190.5
FARM100886,Farmer_0886,PC001,Mysuru Central,2026-04-02,11:12:00,11,3,1,18,14,21,3,Groundnut,375.2,C,4,78.5,81.5,16.3,12:33:30,12:49:48,97.8
FARM100080,Farmer_0080,PC001,Mysuru Central,2026-04-23,10:13:00,10,3,1,26,25,31,3,Rice,92.6,C,7,79.2,77.9,9.1,11:30:54,11:40:00,87.0
FARM101173,Farmer_1173,PC005,Bengaluru Rural,2026-03-30,11:25:00,11,0,1,6,4,11,4,Maize,414.2,B,2,22.4,22.8,12.8,11:47:48,12:00:36,35.6
FARM100815,Farmer_0815,PC003,Hassan Market,2026-01-05,11:34:00,11,0,1,19,18,24,4,Maize,231.3,B,6,49.9,49.1,10.6,12:23:06,12:33:42,59.7
FARM101286,Farmer_1286,PC003,Hassan Market,2026-03-22,14:15:00,14,6,0,3,0,6,4,Groundnut,229.6,A,2,2.7,2.7,13.0,14:17:42,14:30:42,15.7
FARM100672,Farmer_0672,PC002,Mandya North,2026-02-27,13:17:00,13,4,1,4,0,7,3,Sugarcane,277.8,A,10,5.9,5.7,15.8,13:22:42,13:38:30,21.5
FARM101532,Farmer_1532,PC004,Tumakuru Main,2026-02-11,16:28:00,16,2,0,48,45,52,2,Rice,130.2,C,5,178.3,180.0,10.4,19:28:00,19:38:24,190.4
FARM100058,Farmer_0058,PC003,Hassan Market,2026-01-14,10:32:00,10,2,1,44,40,43,5,Wheat,343.8,C,4,77.2,83.2,10.3,11:55:12,12:05:30,93.5
FARM100134,Farmer_0134,PC005,Bengaluru Rural,2026-02-10,11:10:00,11,1,1,9,8,12,5,Ragi,334.9,C,3,22.1,23.0,13.4,11:33:00,11:46:24,36.4
FARM101141,Farmer_1141,PC005,Bengaluru Rural,2026-03-02,16:52:00,16,0,0,26,21,24,6,Ragi,250.5,A,10,29.9,30.6,9.2,17:22:36,17:31:48,39.8
FARM100934,Farmer_0934,PC001,Mysuru Central,2026-04-05,09:11:00,9,6,0,16,14,17,3,Tur Dal,137.6,A,2,48.0,50.8,11.1,10:01:48,10:12:54,61.9
FARM101685,Farmer_1685,PC001,Mysuru Central,2026-01-09,13:34:00,13,4,1,35,31,38,4,Rice,319.0,C,9,121.5,123.5,16.0,15:37:30,15:53:30,139.5
FARM100824,Farmer_0824,PC003,Hassan Market,2026-04-22,13:06:00,13,2,1,24,23,30,3,Rice,167.8,A,3,75.9,78.2,10.5,14:24:12,14:34:42,88.7
FARM101215,Farmer_1215,PC001,Mysuru Central,2026-02-17,09:03:00,9,1,0,46,45,49,3,Maize,167.1,B,10,156.3,153.3,10.2,11:36:18,11:46:30,163.5
FARM100505,Farmer_0505,PC002,Mandya North,2026-03-20,13:32:00,13,4,1,13,10,15,1,Tur Dal,249.4,C,9,146.4,147.5,13.2,15:59:30,16:12:42,160.7
FARM101775,Farmer_1775,PC001,Mysuru Central,2026-02-27,13:41:00,13,4,1,26,23,28,4,Tur Dal,261.5,A,9,55.0,53.3,9.0,14:34:18,14:43:18,62.3
FARM100348,Farmer_0348,PC002,Mandya North,2026-01-23,16:33:00,16,4,0,6,1,3,2,Cotton,353.2,B,3,4.5,4.7,16.7,16:37:42,16:54:24,21.4
FARM100387,Farmer_0387,PC005,Bengaluru Rural,2026-01-19,13:09:00,13,0,1,21,16,17,5,Tur Dal,386.6,C,1,44.5,44.2,15.2,13:53:12,14:08:24,59.4
FARM101025,Farmer_1025,PC002,Mandya North,2026-01-31,09:22:00,9,5,0,35,33,40,3,Wheat,472.8,A,8,160.1,150.0,12.1,11:52:00,12:04:06,162.1
FARM100895,Farmer_0895,PC003,Hassan Market,2026-03-07,08:33:00,8,5,0,33,30,36,4,Maize,263.5,C,4,87.3,84.6,12.2,09:57:36,10:09:48,96.8
FARM100829,Farmer_0829,PC005,Bengaluru Rural,2026-01-27,12:49:00,12,1,1,48,45,46,6,Maize,361.6,C,2,103.2,100.4,14.6,14:29:24,14:44:00,115.0
FARM101893,Farmer_1893,PC001,Mysuru Central,2026-03-18,12:27:00,12,2,1,30,27,28,4,Wheat,194.5,A,5,67.4,63.5,8.9,13:30:30,13:39:24,72.4
FARM100476,Farmer_0476,PC005,Bengaluru Rural,2026-01-28,08:33:00,8,2,0,14,11,14,6,Wheat,288.3,B,2,17.5,16.6,10.9,08:49:36,09:00:30,27.5
FARM101471,Farmer_1471,PC003,Hassan Market,2026-02-12,10:37:00,10,3,1,35,34,38,3,Ragi,230.4,A,7,113.9,108.6,9.3,12:25:36,12:34:54,117.9
FARM101448,Farmer_1448,PC001,Mysuru Central,2026-02-07,11:46:00,11,5,1,32,31,34,3,Cotton,149.0,A,6,124.0,136.6,12.2,14:02:36,14:14:48,148.8
FARM101582,Farmer_1582,PC002,Mandya North,2026-01-22,10:10:00,10,3,1,28,27,34,1,Wheat,360.4,B,7,183.6,180.0,11.6,13:10:00,13:21:36,191.6
FARM100653,Farmer_0653,PC005,Bengaluru Rural,2026-02-06,12:31:00,12,4,1,17,12,19,4,Maize,275.5,A,4,33.4,34.8,11.0,13:05:48,13:16:48,45.8
FARM100173,Farmer_0173,PC003,Hassan Market,2026-01-11,14:40:00,14,6,0,43,39,42,4,Maize,500.1,A,8,124.0,125.3,13.9,16:45:18,16:59:12,139.2
FARM101150,Farmer_1150,PC002,Mandya North,2026-02-23,13:48:00,13,0,1,34,30,32,2,Tur Dal,446.6,A,9,173.4,180.0,14.3,16:48:00,17:02:18,194.3
FARM100039,Farmer_0039,PC003,Hassan Market,2026-01-19,15:44:00,15,0,0,7,2,4,3,Rice,368.4,A,6,10.1,9.7,9.4,15:53:42,16:03:06,19.1
FARM100714,Farmer_0714,PC001,Mysuru Central,2026-01-05,08:31:00,8,0,0,21,18,21,2,Wheat,210.4,B,9,89.3,97.4,10.8,10:08:24,10:19:12,108.2
FARM100091,Farmer_0091,PC002,Mandya North,2026-01-03,15:19:00,15,5,0,39,37,39,1,Wheat,97.9,C,8,186.3,180.0,7.3,18:19:00,18:26:18,187.3
FARM101937,Farmer_1937,PC001,Mysuru Central,2026-01-13,14:36:00,14,1,0,5,1,4,3,Rice,246.8,A,1,5.8,5.9,8.1,14:41:54,14:50:00,14.0
FARM101206,Farmer_1206,PC005,Bengaluru Rural,2026-04-17,16:50:00,16,4,0,22,20,23,5,Tur Dal,329.8,C,10,47.9,45.6,14.4,17:35:36,17:50:00,60.0
FARM100876,Farmer_0876,PC001,Mysuru Central,2026-02-04,08:07:00,8,2,0,45,43,45,3,Rice,266.1,C,9,188.5,180.0,13.7,11:07:00,11:20:42,193.7
FARM101352,Farmer_1352,PC001,Mysuru Central,2026-01-31,15:19:00,15,5,0,30,27,29,3,Wheat,151.1,A,8,98.9,93.6,10.0,16:52:36,17:02:36,103.6
FARM101890,Farmer_1890,PC005,Bengaluru Rural,2026-03-03,09:56:00,9,1,0,37,34,41,5,Sugarcane,99.7,C,4,107.3,104.8,18.3,11:40:48,11:59:06,123.1
FARM101094,Farmer_1094,PC001,Mysuru Central,2026-01-25,09:39:00,9,6,0,36,34,36,3,Rice,351.1,A,3,150.9,138.4,12.5,11:57:24,12:09:54,150.9
FARM101156,Farmer_1156,PC003,Hassan Market,2026-01-02,14:34:00,14,4,0,34,29,35,4,Rice,255.8,C,1,81.1,76.6,11.7,15:50:36,16:02:18,88.3
FARM101782,Farmer_1782,PC001,Mysuru Central,2026-03-28,14:01:00,14,5,0,45,43,44,3,Maize,235.3,B,4,144.6,155.3,10.8,16:36:18,16:47:06,166.1
FARM101959,Farmer_1959,PC003,Hassan Market,2026-03-30,15:16:00,15,0,0,30,27,32,4,Groundnut,214.6,B,3,101.0,100.6,14.7,16:56:36,17:11:18,115.3
FARM100500,Farmer_0500,PC002,Mandya North,2026-03-24,14:40:00,14,1,0,26,25,31,2,Sugarcane,356.1,B,10,193.7,180.0,17.9,17:40:00,17:57:54,197.9
FARM100339,Farmer_0339,PC003,Hassan Market,2026-03-07,14:49:00,14,5,0,9,7,10,4,Rice,415.5,B,3,25.2,25.6,13.0,15:14:36,15:27:36,38.6
FARM101189,Farmer_1189,PC003,Hassan Market,2026-03-04,12:53:00,12,2,1,41,36,38,3,Cotton,40.0,A,9,92.9,97.3,9.0,14:30:18,14:39:18,106.3
FARM100029,Farmer_0029,PC002,Mandya North,2026-04-07,12:31:00,12,1,1,37,35,40,2,Rice,388.9,A,1,188.1,180.0,13.6,15:31:00,15:44:36,193.6
FARM101218,Farmer_1218,PC001,Mysuru Central,2026-02-05,09:18:00,9,3,0,26,22,29,3,Cotton,231.0,C,7,109.9,109.3,14.8,11:07:18,11:22:06,124.1
FARM101400,Farmer_1400,PC002,Mandya North,2026-03-13,10:27:00,10,4,1,15,11,16,2,Cotton,326.1,B,8,67.1,74.5,12.3,11:41:30,11:53:48,86.8
FARM101821,Farmer_1821,PC005,Bengaluru Rural,2026-02-19,15:43:00,15,3,0,23,21,26,5,Maize,244.8,C,2,52.6,48.0,13.1,16:31:00,16:44:06,61.1
FARM100946,Farmer_0946,PC002,Mandya North,2026-04-28,15:37:00,15,1,0,30,28,35,3,Ragi,359.2,A,7,128.1,117.3,12.0,17:34:18,17:46:18,129.3
FARM100170,Farmer_0170,PC005,Bengaluru Rural,2026-01-23,12:47:00,12,4,1,7,3,4,4,Groundnut,410.9,C,7,11.3,10.8,14.8,12:57:48,13:12:36,25.6
FARM101405,Farmer_1405,PC004,Tumakuru Main,2026-03-16,11:05:00,11,0,1,28,23,26,4,Ragi,400.5,C,7,71.7,76.7,11.8,12:21:42,12:33:30,88.5
FARM101198,Farmer_1198,PC001,Mysuru Central,2026-01-17,16:57:00,16,5,0,18,14,15,3,Cotton,568.9,A,5,87.8,85.9,18.3,18:22:54,18:41:12,104.2
FARM101254,Farmer_1254,PC001,Mysuru Central,2026-04-13,16:20:00,16,0,0,47,43,44,2,Tur Dal,311.7,C,7,184.3,180.0,13.0,19:20:00,19:33:00,193.0
FARM101614,Farmer_1614,PC005,Bengaluru Rural,2026-04-30,16:50:00,16,3,0,31,30,31,6,Rice,300.3,C,10,39.7,41.5,9.4,17:31:30,17:40:54,50.9
FARM100913,Farmer_0913,PC001,Mysuru Central,2026-04-03,13:55:00,13,4,1,14,9,14,3,Cotton,169.5,A,2,48.8,49.5,14.4,14:44:30,14:58:54,63.9
FARM100492,Farmer_0492,PC001,Mysuru Central,2026-04-13,11:49:00,11,0,1,3,0,6,3,Rice,210.4,C,8,4.2,4.0,11.3,11:53:00,12:04:18,15.3
FARM100954,Farmer_0954,PC005,Bengaluru Rural,2026-01-15,16:13:00,16,3,0,18,17,21,5,Maize,382.5,C,6,36.5,34.1,12.6,16:47:06,16:59:42,46.7
FARM101098,Farmer_1098,PC003,Hassan Market,2026-01-28,14:20:00,14,2,0,36,34,40,5,Groundnut,203.9,A,6,76.8,81.1,13.0,15:41:06,15:54:06,94.1
FARM101033,Farmer_1033,PC002,Mandya North,2026-03-17,11:08:00,11,1,1,41,36,42,2,Cotton,254.2,B,8,189.2,180.0,15.9,14:08:00,14:23:54,195.9
FARM100588,Farmer_0588,PC004,Tumakuru Main,2026-01-18,13:11:00,13,6,1,30,25,28,3,Groundnut,221.2,A,6,113.5,105.4,12.0,14:56:24,15:08:24,117.4
FARM100751,Farmer_0751,PC005,Bengaluru Rural,2026-04-04,14:41:00,14,5,0,13,8,10,4,Ragi,302.4,B,4,22.2,20.8,9.9,15:01:48,15:11:42,30.7
FARM100658,Farmer_0658,PC005,Bengaluru Rural,2026-02-20,13:26:00,13,4,1,42,41,46,4,Tur Dal,303.6,A,1,120.0,122.1,13.2,15:28:06,15:41:18,135.3
FARM100235,Farmer_0235,PC001,Mysuru Central,2026-02-26,12:53:00,12,3,1,19,14,21,3,Maize,312.0,A,9,52.2,52.2,9.6,13:45:12,13:54:48,61.8
FARM100733,Farmer_0733,PC002,Mandya North,2026-04-07,15:24:00,15,1,0,40,36,42,1,Wheat,582.9,A,6,191.8,180.0,14.5,18:24:00,18:38:30,194.5
FARM101989,Farmer_1989,PC001,Mysuru Central,2026-03-19,09:16:00,9,3,0,32,28,35,3,Wheat,381.7,B,9,69.2,72.4,8.0,10:28:24,10:36:24,80.4
FARM101633,Farmer_1633,PC002,Mandya North,2026-03-26,14:15:00,14,3,0,44,39,40,2,Tur Dal,263.1,C,4,174.4,180.0,12.3,17:15:00,17:27:18,192.3
FARM101157,Farmer_1157,PC003,Hassan Market,2026-04-14,09:15:00,9,1,0,19,15,18,4,Sugarcane,228.1,A,4,56.3,53.2,14.2,10:08:12,10:22:24,67.4
FARM101470,Farmer_1470,PC004,Tumakuru Main,2026-01-04,13:29:00,13,6,1,18,13,17,3,Rice,252.5,C,10,66.6,64.5,12.8,14:33:30,14:46:18,77.3
FARM101425,Farmer_1425,PC002,Mandya North,2026-03-16,12:59:00,12,0,1,26,25,27,2,Ragi,55.9,B,8,148.4,140.2,9.9,15:19:12,15:29:06,150.1
FARM101628,Farmer_1628,PC003,Hassan Market,2026-04-20,11:56:00,11,0,1,20,19,22,3,Rice,216.7,B,5,84.0,84.6,11.7,13:20:36,13:32:18,96.3
FARM100935,Farmer_0935,PC004,Tumakuru Main,2026-04-23,13:23:00,13,3,1,20,19,24,3,Sugarcane,391.0,A,7,134.2,123.0,17.6,15:26:00,15:43:36,140.6
FARM101210,Farmer_1210,PC002,Mandya North,2026-03-29,10:36:00,10,6,1,14,12,13,2,Ragi,68.3,B,5,54.0,50.6,7.3,11:26:36,11:33:54,57.9
FARM101066,Farmer_1066,PC003,Hassan Market,2026-03-02,10:44:00,10,0,1,30,25,29,4,Maize,260.2,B,7,78.8,75.4,13.0,11:59:24,12:12:24,88.4
FARM100109,Farmer_0109,PC001,Mysuru Central,2026-01-14,12:37:00,12,2,1,23,18,19,2,Wheat,275.1,C,2,133.1,122.1,12.5,14:39:06,14:51:36,134.6
FARM101543,Farmer_1543,PC002,Mandya North,2026-04-16,14:48:00,14,3,0,11,8,10,1,Rice,226.1,B,10,97.6,90.3,10.5,16:18:18,16:28:48,100.8
FARM100569,Farmer_0569,PC002,Mandya North,2026-03-16,09:26:00,9,0,0,48,43,49,2,Ragi,245.4,C,4,162.1,180.0,10.8,12:26:00,12:36:48,190.8
FARM101168,Farmer_1168,PC001,Mysuru Central,2026-02-20,10:17:00,10,4,1,40,37,38,3,Maize,408.8,B,8,158.3,161.0,13.2,12:58:00,13:11:12,174.2
FARM101175,Farmer_1175,PC005,Bengaluru Rural,2026-03-20,09:31:00,9,4,0,37,36,40,4,Cotton,300.2,B,9,107.9,105.3,13.4,11:16:18,11:29:42,118.7
FARM100891,Farmer_0891,PC005,Bengaluru Rural,2026-01-30,09:34:00,9,4,0,22,18,19,5,Tur Dal,196.8,B,5,36.7,36.8,11.5,10:10:48,10:22:18,48.3
FARM100948,Farmer_0948,PC003,Hassan Market,2026-02-13,16:20:00,16,4,0,15,10,15,5,Wheat,45.0,A,7,11.1,11.3,7.0,16:31:18,16:38:18,18.3
FARM101049,Farmer_1049,PC001,Mysuru Central,2026-03-03,08:10:00,8,1,0,25,22,25,3,Rice,180.9,C,2,82.6,80.3,10.9,09:30:18,09:41:12,91.2
FARM101353,Farmer_1353,PC005,Bengaluru Rural,2026-03-23,12:46:00,12,0,1,15,11,14,6,Rice,243.9,B,3,22.1,22.9,10.5,13:08:54,13:19:24,33.4
FARM101778,Farmer_1778,PC001,Mysuru Central,2026-01-13,09:43:00,9,1,0,7,5,8,3,Sugarcane,251.8,A,2,25.8,25.6,14.1,10:08:36,10:22:42,39.7
FARM101447,Farmer_1447,PC004,Tumakuru Main,2026-03-29,13:38:00,13,6,1,20,17,21,4,Sugarcane,201.1,B,10,61.6,61.4,12.5,14:39:24,14:51:54,73.9
FARM100885,Farmer_0885,PC001,Mysuru Central,2026-02-13,12:31:00,12,4,1,45,41,44,3,Ragi,259.9,B,9,156.5,165.2,11.6,15:16:12,15:27:48,176.8
FARM101673,Farmer_1673,PC004,Tumakuru Main,2026-01-28,09:05:00,9,2,0,50,45,47,4,Rice,304.7,A,9,116.3,117.8,10.0,11:02:48,11:12:48,127.8
FARM100851,Farmer_0851,PC003,Hassan Market,2026-02-26,08:51:00,8,3,0,24,23,27,5,Ragi,494.0,B,10,52.9,54.2,13.2,09:45:12,09:58:24,67.4
FARM100735,Farmer_0735,PC005,Bengaluru Rural,2026-03-14,13:31:00,13,5,1,1,0,3,4,Wheat,183.9,C,4,10.1,10.6,10.1,13:41:36,13:51:42,20.7
FARM100718,Farmer_0718,PC002,Mandya North,2026-01-13,11:59:00,11,1,1,36,32,35,1,Ragi,147.1,B,5,196.9,180.0,9.6,14:59:00,15:08:36,189.6
FARM100455,Farmer_0455,PC003,Hassan Market,2026-04-16,16:36:00,16,3,0,20,16,18,4,Groundnut,325.5,B,10,34.7,35.9,12.1,17:11:54,17:24:00,48.0
FARM100265,Farmer_0265,PC004,Tumakuru Main,2026-03-15,15:29:00,15,6,0,23,21,24,3,Wheat,454.5,A,6,96.5,97.6,13.3,17:06:36,17:19:54,110.9
FARM100076,Farmer_0076,PC004,Tumakuru Main,2026-01-26,16:59:00,16,0,0,18,17,22,4,Sugarcane,269.7,B,4,81.7,75.2,16.8,18:14:12,18:31:00,92.0
FARM101658,Farmer_1658,PC003,Hassan Market,2026-04-28,12:52:00,12,1,1,22,18,24,3,Groundnut,368.9,A,5,87.3,86.8,13.6,14:18:48,14:32:24,100.4
FARM100445,Farmer_0445,PC002,Mandya North,2026-04-12,14:37:00,14,6,0,3,1,7,2,Cotton,400.3,A,3,7.3,7.1,13.8,14:44:06,14:57:54,20.9
FARM100396,Farmer_0396,PC001,Mysuru Central,2026-04-21,13:30:00,13,1,1,18,13,17,2,Tur Dal,245.4,C,4,79.8,87.2,12.1,14:57:12,15:09:18,99.3
FARM100177,Farmer_0177,PC005,Bengaluru Rural,2026-04-24,10:01:00,10,4,1,49,45,48,5,Wheat,323.1,C,8,96.6,95.7,11.3,11:36:42,11:48:00,107.0
FARM101043,Farmer_1043,PC001,Mysuru Central,2026-01-14,08:44:00,8,2,0,13,10,17,3,Ragi,304.8,C,3,43.7,46.9,13.6,09:30:54,09:44:30,60.5
FARM101736,Farmer_1736,PC004,Tumakuru Main,2026-02-15,12:00:00,12,6,1,5,0,7,2,Wheat,367.2,A,9,6.2,6.4,9.3,12:06:24,12:15:42,15.7
FARM101402,Farmer_1402,PC002,Mandya North,2026-03-19,12:11:00,12,3,1,42,37,43,2,Ragi,357.8,A,10,168.6,180.0,10.6,15:11:00,15:21:36,190.6
FARM101381,Farmer_1381,PC003,Hassan Market,2026-01-05,16:12:00,16,0,0,12,11,18,4,Maize,265.7,A,9,36.7,33.6,11.7,16:45:36,16:57:18,45.3
FARM100596,Farmer_0596,PC005,Bengaluru Rural,2026-03-26,10:47:00,10,3,1,32,27,34,5,Sugarcane,446.8,B,4,72.1,79.9,17.6,12:06:54,12:24:30,97.5
FARM100062,Farmer_0062,PC003,Hassan Market,2026-03-12,15:38:00,15,3,0,23,20,25,5,Ragi,417.7,B,7,52.7,48.3,11.9,16:26:18,16:38:12,60.2
FARM101297,Farmer_1297,PC005,Bengaluru Rural,2026-01-21,16:18:00,16,2,0,13,12,19,6,Sugarcane,364.1,B,8,27.6,28.3,17.4,16:46:18,17:03:42,45.7
FARM100873,Farmer_0873,PC004,Tumakuru Main,2026-01-13,09:08:00,9,1,0,25,24,30,3,Rice,288.9,C,8,122.0,112.2,12.9,11:00:12,11:13:06,125.1
FARM101490,Farmer_1490,PC001,Mysuru Central,2026-01-26,13:25:00,13,0,1,9,5,10,2,Sugarcane,408.3,C,4,62.9,58.6,20.0,14:23:36,14:43:36,78.6
FARM101879,Farmer_1879,PC005,Bengaluru Rural,2026-04-24,16:29:00,16,4,0,46,41,43,6,Cotton,305.4,A,9,82.5,75.9,12.7,17:44:54,17:57:36,88.6
FARM100279,Farmer_0279,PC005,Bengaluru Rural,2026-03-31,10:21:00,10,1,1,30,28,34,4,Groundnut,236.2,A,9,86.7,83.7,12.4,11:44:42,11:57:06,96.1
FARM100037,Farmer_0037,PC005,Bengaluru Rural,2026-01-24,08:54:00,8,5,0,14,13,15,5,Tur Dal,267.1,A,2,15.7,14.8,9.1,09:08:48,09:17:54,23.9
FARM101976,Farmer_1976,PC004,Tumakuru Main,2026-02-09,14:13:00,14,0,0,46,43,50,4,Cotton,221.6,B,9,118.8,120.5,10.7,16:13:30,16:24:12,131.2
FARM100663,Farmer_0663,PC004,Tumakuru Main,2026-02-20,09:59:00,9,4,0,44,41,45,3,Sugarcane,299.9,C,7,168.3,180.0,16.5,12:59:00,13:15:30,196.5
FARM101954,Farmer_1954,PC004,Tumakuru Main,2026-01-06,12:37:00,12,1,1,25,20,21,3,Rice,456.7,B,6,94.5,96.1,13.3,14:13:06,14:26:24,109.4
FARM101445,Farmer_1445,PC005,Bengaluru Rural,2026-02-03,09:37:00,9,1,0,8,6,13,5,Maize,308.6,A,8,10.5,9.8,11.7,09:46:48,09:58:30,21.5
FARM100978,Farmer_0978,PC002,Mandya North,2026-03-10,08:10:00,8,1,0,11,10,11,3,Ragi,125.7,C,6,45.5,43.8,10.7,08:53:48,09:04:30,54.5
FARM101572,Farmer_1572,PC002,Mandya North,2026-01-19,08:27:00,8,0,0,8,3,6,3,Groundnut,147.5,B,9,13.7,12.8,11.9,08:39:48,08:51:42,24.7
FARM100739,Farmer_0739,PC001,Mysuru Central,2026-01-22,13:00:00,13,3,1,16,13,16,3,Tur Dal,404.2,C,6,66.8,64.9,13.1,14:04:54,14:18:00,78.0
FARM100192,Farmer_0192,PC003,Hassan Market,2026-03-27,08:43:00,8,4,0,49,45,52,4,Ragi,423.1,A,5,124.6,129.4,13.0,10:52:24,11:05:24,142.4
FARM100920,Farmer_0920,PC004,Tumakuru Main,2026-02-22,08:40:00,8,6,0,47,44,49,2,Tur Dal,341.2,C,4,173.6,180.0,15.1,11:40:00,11:55:06,195.1
FARM100457,Farmer_0457,PC004,Tumakuru Main,2026-01-22,13:43:00,13,3,1,37,35,41,4,Maize,47.1,A,2,66.6,65.2,7.1,14:48:12,14:55:18,72.3
FARM100676,Farmer_0676,PC005,Bengaluru Rural,2026-04-05,09:51:00,9,6,0,31,27,31,5,Sugarcane,280.5,C,6,76.1,73.9,14.9,11:04:54,11:19:48,88.8
FARM100761,Farmer_0761,PC003,Hassan Market,2026-03-31,13:33:00,13,1,1,18,17,24,4,Ragi,189.4,B,4,45.0,42.6,10.1,14:15:36,14:25:42,52.7
FARM101808,Farmer_1808,PC003,Hassan Market,2026-03-20,09:24:00,9,4,0,40,36,41,4,Tur Dal,312.5,B,10,91.5,96.1,10.7,11:00:06,11:10:48,106.8
FARM101603,Farmer_1603,PC004,Tumakuru Main,2026-03-25,08:50:00,8,2,0,34,32,34,4,Cotton,444.9,B,3,147.4,144.4,16.6,11:14:24,11:31:00,161.0
FARM100729,Farmer_0729,PC002,Mandya North,2026-03-08,12:47:00,12,6,1,26,25,30,2,Cotton,206.0,C,2,177.1,180.0,15.7,15:47:00,16:02:42,195.7
FARM100413,Farmer_0413,PC002,Mandya North,2026-02-17,13:00:00,13,1,1,3,0,5,2,Tur Dal,211.7,A,5,1.7,1.6,8.4,13:01:36,13:10:00,10.0
FARM101099,Farmer_1099,PC003,Hassan Market,2026-01-19,16:20:00,16,0,0,15,11,18,4,Wheat,45.7,B,9,18.6,19.0,6.9,16:39:00,16:45:54,25.9
FARM100826,Farmer_0826,PC004,Tumakuru Main,2026-02-22,12:30:00,12,6,1,8,6,11,4,Tur Dal,67.0,A,7,11.0,11.0,7.3,12:41:00,12:48:18,18.3
FARM101640,Farmer_1640,PC003,Hassan Market,2026-02-23,08:05:00,8,0,0,3,0,4,4,Groundnut,547.6,A,1,1.0,1.0,15.0,08:06:00,08:21:00,16.0
FARM100617,Farmer_0617,PC003,Hassan Market,2026-02-06,16:27:00,16,4,0,21,19,25,4,Tur Dal,242.8,A,1,51.1,51.9,10.7,17:18:54,17:29:36,62.6
FARM100115,Farmer_0115,PC003,Hassan Market,2026-04-05,16:19:00,16,6,0,42,40,42,5,Tur Dal,370.7,B,1,109.4,100.1,13.5,17:59:06,18:12:36,113.6
FARM100418,Farmer_0418,PC003,Hassan Market,2026-04-05,16:11:00,16,6,0,32,27,28,3,Maize,215.8,B,8,94.5,101.5,12.2,17:52:30,18:04:42,113.7
FARM101911,Farmer_1911,PC005,Bengaluru Rural,2026-04-10,12:33:00,12,4,1,7,6,10,5,Sugarcane,497.8,C,6,28.7,27.1,20.9,13:00:06,13:21:00,48.0
FARM100970,Farmer_0970,PC001,Mysuru Central,2026-04-23,08:21:00,8,3,0,41,40,41,4,Ragi,290.9,C,8,84.4,88.9,8.4,09:49:54,09:58:18,97.3
FARM100605,Farmer_0605,PC005,Bengaluru Rural,2026-01-16,08:15:00,8,4,0,40,35,38,6,Maize,169.4,B,2,65.7,60.8,13.0,09:15:48,09:28:48,73.8
FARM101919,Farmer_1919,PC005,Bengaluru Rural,2026-01-28,14:50:00,14,2,0,9,5,10,4,Wheat,265.8,C,2,12.5,12.2,12.8,15:02:12,15:15:00,25.0
FARM100090,Farmer_0090,PC004,Tumakuru Main,2026-03-29,16:19:00,16,6,0,20,19,24,2,Sugarcane,199.8,C,5,181.3,175.6,17.4,19:14:36,19:32:00,193.0
FARM100849,Farmer_0849,PC004,Tumakuru Main,2026-03-17,13:03:00,13,1,1,16,15,20,4,Maize,332.2,A,8,48.8,49.3,11.0,13:52:18,14:03:18,60.3
FARM101520,Farmer_1520,PC001,Mysuru Central,2026-01-26,12:04:00,12,0,1,10,5,9,3,Cotton,242.2,A,4,27.3,28.8,14.0,12:32:48,12:46:48,42.8
FARM101918,Farmer_1918,PC001,Mysuru Central,2026-02-07,15:37:00,15,5,0,42,37,38,3,Tur Dal,212.6,B,6,131.6,124.7,10.1,17:41:42,17:51:48,134.8
FARM100754,Farmer_0754,PC001,Mysuru Central,2026-01-11,14:23:00,14,6,0,5,0,6,3,Rice,151.0,B,1,1.1,1.0,10.0,14:24:00,14:34:00,11.0
FARM100499,Farmer_0499,PC005,Bengaluru Rural,2026-02-26,14:24:00,14,3,0,47,43,46,5,Groundnut,447.1,B,9,110.4,121.7,15.9,16:25:42,16:41:36,137.6
FARM101277,Farmer_1277,PC001,Mysuru Central,2026-02-05,15:49:00,15,3,0,48,45,46,2,Maize,275.3,C,9,193.1,180.0,9.7,18:49:00,18:58:42,189.7
FARM101326,Farmer_1326,PC003,Hassan Market,2026-01-12,11:05:00,11,0,1,23,19,22,4,Ragi,240.9,A,2,48.7,54.1,9.4,11:59:06,12:08:30,63.5
FARM100012,Farmer_0012,PC003,Hassan Market,2026-03-21,09:40:00,9,5,0,5,4,11,3,Cotton,209.6,A,10,15.3,15.4,11.2,09:55:24,10:06:36,26.6
FARM100397,Farmer_0397,PC004,Tumakuru Main,2026-03-23,13:47:00,13,0,1,47,43,49,4,Sugarcane,322.8,C,6,179.9,180.0,17.7,16:47:00,17:04:42,197.7
FARM100285,Farmer_0285,PC001,Mysuru Central,2026-01-23,15:38:00,15,4,0,4,1,3,3,Wheat,167.2,B,2,11.0,10.1,10.1,15:48:06,15:58:12,20.2
FARM101067,Farmer_1067,PC001,Mysuru Central,2026-03-16,15:26:00,15,0,0,44,39,46,4,Cotton,287.0,A,6,139.7,130.0,13.1,17:36:00,17:49:06,143.1
FARM101192,Farmer_1192,PC005,Bengaluru Rural,2026-04-02,13:34:00,13,3,1,13,10,15,5,Wheat,276.1,C,5,16.2,17.8,10.6,13:51:48,14:02:24,28.4
FARM101745,Farmer_1745,PC001,Mysuru Central,2026-01-09,11:32:00,11,4,1,50,45,47,3,Ragi,252.6,A,1,170.8,180.0,12.6,14:32:00,14:44:36,192.6
FARM100691,Farmer_0691,PC003,Hassan Market,2026-04-22,11:58:00,11,2,1,32,27,29,4,Groundnut,408.9,A,7,90.0,83.9,12.8,13:21:54,13:34:42,96.7
FARM101753,Farmer_1753,PC003,Hassan Market,2026-02-17,11:49:00,11,1,1,14,13,17,4,Cotton,167.6,B,8,38.7,38.7,12.3,12:27:42,12:40:00,51.0
FARM101876,Farmer_1876,PC004,Tumakuru Main,2026-04-06,09:13:00,9,0,0,19,18,19,2,Ragi,285.9,B,9,112.9,105.5,11.3,10:58:30,11:09:48,116.8
FARM100690,Farmer_0690,PC001,Mysuru Central,2026-01-26,09:29:00,9,0,0,28,24,27,3,Rice,259.7,C,9,91.3,84.6,9.9,10:53:36,11:03:30,94.5
FARM100852,Farmer_0852,PC002,Mandya North,2026-01-02,08:45:00,8,4,0,13,11,15,2,Sugarcane,40.0,C,2,104.8,104.8,16.8,10:29:48,10:46:36,121.6
FARM100160,Farmer_0160,PC004,Tumakuru Main,2026-01-26,13:58:00,13,0,1,8,7,9,2,Tur Dal,231.3,B,7,55.7,51.5,11.9,14:49:30,15:01:24,63.4
FARM100896,Farmer_0896,PC003,Hassan Market,2026-01-16,14:53:00,14,4,0,34,32,36,4,Groundnut,239.7,C,2,113.0,113.0,15.6,16:46:00,17:01:36,128.6
FARM101576,Farmer_1576,PC003,Hassan Market,2026-01-27,12:48:00,12,1,1,25,21,23,4,Wheat,262.9,A,8,46.2,45.8,7.8,13:33:48,13:41:36,53.6
FARM100258,Farmer_0258,PC003,Hassan Market,2026-01-31,09:15:00,9,5,0,47,42,44,5,Cotton,148.1,A,7,73.9,80.3,10.8,10:35:18,10:46:06,91.1
FARM100336,Farmer_0336,PC001,Mysuru Central,2026-03-11,16:38:00,16,2,0,23,18,22,3,Rice,475.9,A,1,87.2,79.6,12.9,17:57:36,18:10:30,92.5
FARM101880,Farmer_1880,PC002,Mandya North,2026-02-18,10:12:00,10,2,1,6,3,6,2,Groundnut,322.7,B,4,25.0,25.4,13.2,10:37:24,10:50:36,38.6
FARM101040,Farmer_1040,PC004,Tumakuru Main,2026-03-31,16:13:00,16,1,0,26,21,28,3,Maize,301.2,B,2,92.9,92.8,13.0,17:45:48,17:58:48,105.8
FARM100516,Farmer_0516,PC004,Tumakuru Main,2026-04-14,08:04:00,8,1,0,11,7,13,4,Ragi,335.8,C,7,26.0,26.6,16.3,08:30:36,08:46:54,42.9
FARM101349,Farmer_1349,PC003,Hassan Market,2026-01-18,13:24:00,13,6,1,10,6,9,4,Sugarcane,470.4,A,3,26.2,26.7,16.5,13:50:42,14:07:12,43.2
FARM101016,Farmer_1016,PC002,Mandya North,2026-03-13,10:37:00,10,4,1,36,34,37,1,Groundnut,380.2,C,7,172.8,180.0,15.8,13:37:00,13:52:48,195.8
FARM100769,Farmer_0769,PC005,Bengaluru Rural,2026-04-04,12:02:00,12,5,1,15,13,20,5,Rice,277.1,C,3,30.4,32.5,13.1,12:34:30,12:47:36,45.6
FARM101747,Farmer_1747,PC004,Tumakuru Main,2026-01-05,12:46:00,12,0,1,41,36,42,3,Wheat,270.6,C,7,149.3,140.0,10.6,15:06:00,15:16:36,150.6
FARM100762,Farmer_0762,PC002,Mandya North,2026-01-25,12:47:00,12,6,1,4,1,8,1,Groundnut,218.8,C,9,19.0,19.7,14.6,13:06:42,13:21:18,34.3
FARM101247,Farmer_1247,PC005,Bengaluru Rural,2026-02-17,10:41:00,10,1,1,48,43,50,5,Sugarcane,385.2,C,2,158.8,152.5,18.8,13:13:30,13:32:18,171.3
FARM101204,Farmer_1204,PC005,Bengaluru Rural,2026-01-02,12:57:00,12,4,1,21,18,24,5,Maize,415.8,A,6,44.8,45.6,11.8,13:42:36,13:54:24,57.4
FARM101468,Farmer_1468,PC001,Mysuru Central,2026-03-06,12:13:00,12,4,1,10,5,7,4,Ragi,176.1,B,8,11.7,12.9,8.5,12:25:54,12:34:24,21.4
FARM101984,Farmer_1984,PC005,Bengaluru Rural,2026-02-07,08:22:00,8,5,0,20,18,19,5,Wheat,406.0,B,6,33.8,34.5,11.6,08:56:30,09:08:06,46.1
FARM100522,Farmer_0522,PC001,Mysuru Central,2026-01-25,09:25:00,9,6,0,21,16,19,2,Ragi,499.8,C,10,117.5,118.6,14.2,11:23:36,11:37:48,132.8
FARM100023,Farmer_0023,PC005,Bengaluru Rural,2026-03-31,15:48:00,15,1,0,45,44,49,4,Tur Dal,239.5,A,4,128.2,134.0,13.6,18:02:00,18:15:36,147.6
FARM100357,Farmer_0357,PC002,Mandya North,2026-02-02,15:35:00,15,0,0,21,16,21,3,Tur Dal,173.9,A,8,58.5,58.3,10.5,16:33:18,16:43:48,68.8
FARM101278,Farmer_1278,PC003,Hassan Market,2026-01-04,15:03:00,15,6,0,26,22,26,4,Cotton,265.1,A,8,58.8,63.7,12.5,16:06:42,16:19:12,76.2
FARM101313,Farmer_1313,PC005,Bengaluru Rural,2026-02-06,12:35:00,12,4,1,39,38,45,5,Groundnut,399.3,C,5,140.5,136.5,19.4,14:51:30,15:10:54,155.9
FARM101683,Farmer_1683,PC001,Mysuru Central,2026-01-30,15:28:00,15,4,0,34,29,33,3,Tur Dal,111.7,A,2,89.0,82.3,8.7,16:50:18,16:59:00,91.0
FARM100341,Farmer_0341,PC004,Tumakuru Main,2026-03-12,10:30:00,10,3,1,34,32,39,2,Cotton,289.5,B,5,168.9,180.0,14.2,13:30:00,13:44:12,194.2
FARM100432,Farmer_0432,PC005,Bengaluru Rural,2026-02-24,08:20:00,8,1,0,42,39,44,5,Sugarcane,131.3,B,6,84.5,89.6,12.8,09:49:36,10:02:24,102.4
FARM100474,Farmer_0474,PC005,Bengaluru Rural,2026-04-20,14:03:00,14,0,0,6,5,12,6,Wheat,312.6,B,6,2.6,2.4,9.3,14:05:24,14:14:42,11.7
FARM100218,Farmer_0218,PC003,Hassan Market,2026-04-16,12:40:00,12,3,1,24,19,21,5,Rice,69.2,C,3,28.4,30.5,8.5,13:10:30,13:19:00,39.0
FARM100912,Farmer_0912,PC003,Hassan Market,2026-04-22,14:40:00,14,2,0,13,11,18,5,Groundnut,130.8,A,4,17.8,19.6,10.3,14:59:36,15:09:54,29.9
FARM101228,Farmer_1228,PC001,Mysuru Central,2026-01-17,16:06:00,16,5,0,5,2,9,4,Wheat,311.1,B,6,7.9,7.7,9.8,16:13:42,16:23:30,17.5
FARM101597,Farmer_1597,PC005,Bengaluru Rural,2026-04-06,08:20:00,8,0,0,1,0,5,6,Sugarcane,363.9,A,1,1.0,1.0,17.6,08:21:00,08:38:36,18.6
FARM101012,Farmer_1012,PC002,Mandya North,2026-04-05,09:57:00,9,6,0,28,23,24,1,Rice,335.8,A,6,165.4,180.0,12.1,12:57:00,13:09:06,192.1
FARM101950,Farmer_1950,PC005,Bengaluru Rural,2026-02-01,12:55:00,12,6,1,18,17,23,5,Wheat,198.7,C,8,37.8,41.5,12.3,13:36:30,13:48:48,53.8
FARM100094,Farmer_0094,PC003,Hassan Market,2026-04-08,11:48:00,11,2,1,12,11,15,4,Tur Dal,339.7,A,9,37.1,37.4,12.1,12:25:24,12:37:30,49.5
FARM101009,Farmer_1009,PC004,Tumakuru Main,2026-04-17,10:27:00,10,4,1,28,25,27,3,Ragi,299.2,B,2,110.2,110.0,12.7,12:17:00,12:29:42,122.7
FARM101071,Farmer_1071,PC003,Hassan Market,2026-02-15,11:11:00,11,6,1,13,11,13,4,Sugarcane,275.8,C,6,44.7,47.3,17.5,11:58:18,12:15:48,64.8
FARM101093,Farmer_1093,PC004,Tumakuru Main,2026-03-05,08:29:00,8,3,0,31,29,30,3,Cotton,140.0,B,7,117.2,118.9,11.6,10:27:54,10:39:30,130.5
FARM101915,Farmer_1915,PC001,Mysuru Central,2026-02-04,09:18:00,9,2,0,13,11,17,3,Rice,463.1,C,8,43.6,47.7,13.4,10:05:42,10:19:06,61.1
FARM101309,Farmer_1309,PC001,Mysuru Central,2026-01-13,09:57:00,9,1,0,19,18,24,4,Maize,387.9,A,6,72.7,75.4,15.7,11:12:24,11:28:06,91.1
FARM100697,Farmer_0697,PC002,Mandya North,2026-04-01,16:54:00,16,2,0,37,34,36,2,Groundnut,165.5,C,1,181.6,180.0,13.3,19:54:00,20:07:18,193.3
FARM101828,Farmer_1828,PC002,Mandya North,2026-02-07,11:42:00,11,5,1,24,20,24,2,Rice,248.5,A,5,137.3,128.8,11.1,13:50:48,14:01:54,139.9
FARM100997,Farmer_0997,PC003,Hassan Market,2026-03-14,12:34:00,12,5,1,36,35,40,3,Wheat,92.5,A,1,62.1,58.1,4.7,13:32:06,13:36:48,62.8
FARM100154,Farmer_0154,PC003,Hassan Market,2026-01-05,13:24:00,13,0,1,43,40,46,4,Sugarcane,256.4,C,8,144.4,151.7,15.9,15:55:42,16:11:36,167.6
FARM101100,Farmer_1100,PC004,Tumakuru Main,2026-03-13,10:49:00,10,4,1,15,13,17,3,Rice,260.5,C,10,49.6,48.2,9.6,11:37:12,11:46:48,57.8
FARM101719,Farmer_1719,PC005,Bengaluru Rural,2026-03-27,11:49:00,11,4,1,8,6,12,5,Tur Dal,350.7,B,7,17.9,16.3,14.4,12:05:18,12:19:42,30.7
FARM101998,Farmer_1998,PC005,Bengaluru Rural,2026-04-04,08:10:00,8,5,0,38,33,39,4,Sugarcane,161.4,B,4,123.7,119.1,15.7,10:09:06,10:24:48,134.8
FARM100790,Farmer_0790,PC004,Tumakuru Main,2026-01-06,14:01:00,14,1,0,23,19,23,2,Cotton,314.3,B,7,165.2,151.7,15.3,16:32:42,16:48:00,167.0
FARM100581,Farmer_0581,PC001,Mysuru Central,2026-03-17,08:37:00,8,1,0,21,17,18,4,Sugarcane,174.7,C,6,58.8,59.7,14.5,09:36:42,09:51:12,74.2
FARM100704,Farmer_0704,PC004,Tumakuru Main,2026-01-03,15:11:00,15,5,0,39,37,39,4,Maize,338.1,A,6,117.3,122.6,12.3,17:13:36,17:25:54,134.9
FARM101213,Farmer_1213,PC002,Mandya North,2026-03-24,10:14:00,10,1,1,45,40,44,2,Sugarcane,426.4,B,7,188.0,180.0,17.0,13:14:00,13:31:00,197.0
FARM101296,Farmer_1296,PC001,Mysuru Central,2026-01-26,14:02:00,14,0,0,44,40,46,2,Cotton,173.8,C,4,179.8,180.0,15.3,17:02:00,17:17:18,195.3
FARM101666,Farmer_1666,PC003,Hassan Market,2026-01-01,10:01:00,10,3,1,13,10,15,4,Groundnut,219.3,B,5,36.0,39.6,13.1,10:40:36,10:53:42,52.7
FARM101261,Farmer_1261,PC001,Mysuru Central,2026-02-24,14:55:00,14,1,0,21,20,25,4,Cotton,240.4,C,3,84.4,80.8,16.0,16:15:48,16:31:48,96.8
FARM100488,Farmer_0488,PC001,Mysuru Central,2026-03-03,10:06:00,10,1,1,37,32,33,3,Rice,145.2,A,4,103.1,104.5,9.6,11:50:30,12:00:06,114.1
FARM100560,Farmer_0560,PC005,Bengaluru Rural,2026-01-08,13:45:00,13,3,1,49,45,51,5,Cotton,414.4,A,1,137.7,138.7,16.2,16:03:42,16:19:54,154.9
FARM101142,Farmer_1142,PC003,Hassan Market,2026-03-09,16:01:00,16,0,0,29,24,31,4,Tur Dal,363.8,C,4,99.8,98.2,16.8,17:39:12,17:56:00,115.0
FARM101120,Farmer_1120,PC001,Mysuru Central,2026-04-09,12:13:00,12,3,1,44,42,48,4,Maize,254.7,B,5,129.5,122.9,10.6,14:15:54,14:26:30,133.5
FARM100802,Farmer_0802,PC005,Bengaluru Rural,2026-02-06,15:15:00,15,4,0,5,2,5,5,Groundnut,350.3,A,7,3.5,3.2,14.7,15:18:12,15:32:54,17.9
FARM100513,Farmer_0513,PC003,Hassan Market,2026-01-21,12:49:00,12,2,1,38,33,35,5,Sugarcane,231.3,C,2,95.1,100.3,16.0,14:29:18,14:45:18,116.3
FARM100634,Farmer_0634,PC005,Bengaluru Rural,2026-03-07,11:09:00,11,5,1,47,44,47,5,Ragi,231.1,B,5,115.9,107.3,12.4,12:56:18,13:08:42,119.7
FARM101922,Farmer_1922,PC002,Mandya North,2026-04-23,10:20:00,10,3,1,8,4,9,3,Maize,119.8,B,7,22.6,21.1,11.8,10:41:06,10:52:54,32.9
FARM101788,Farmer_1788,PC003,Hassan Market,2026-01-20,11:45:00,11,1,1,45,43,48,4,Sugarcane,222.3,C,10,143.1,155.1,15.5,14:20:06,14:35:36,170.6
FARM101546,Farmer_1546,PC002,Mandya North,2026-03-01,16:58:00,16,6,0,47,43,49,1,Wheat,241.9,A,5,162.2,180.0,10.7,19:58:00,20:08:42,190.7
FARM101151,Farmer_1151,PC004,Tumakuru Main,2026-03-10,12:40:00,12,1,1,23,21,22,2,Cotton,218.0,C,1,162.8,180.0,16.9,15:40:00,15:56:54,196.9
FARM100791,Farmer_0791,PC004,Tumakuru Main,2026-01-28,08:40:00,8,2,0,28,25,30,2,Tur Dal,396.0,C,3,197.0,180.0,17.1,11:40:00,11:57:06,197.1
FARM100117,Farmer_0117,PC005,Bengaluru Rural,2026-02-20,16:22:00,16,4,0,10,5,12,5,Wheat,368.5,A,3,9.3,9.4,11.4,16:31:24,16:42:48,20.8
FARM100741,Farmer_0741,PC001,Mysuru Central,2026-01-30,12:24:00,12,4,1,25,21,25,3,Sugarcane,376.1,C,9,143.5,131.6,18.2,14:35:36,14:53:48,149.8
FARM101691,Farmer_1691,PC004,Tumakuru Main,2026-04-29,16:45:00,16,2,0,40,39,40,4,Maize,209.0,B,2,128.9,131.4,12.9,18:56:24,19:09:18,144.3
FARM101082,Farmer_1082,PC001,Mysuru Central,2026-02-27,10:08:00,10,4,1,37,32,36,3,Cotton,54.4,C,6,140.8,129.4,12.0,12:17:24,12:29:24,141.4
FARM100831,Farmer_0831,PC003,Hassan Market,2026-04-24,11:30:00,11,4,1,12,7,9,4,Cotton,110.7,C,7,19.9,22.1,11.9,11:52:06,12:04:00,34.0
FARM100120,Farmer_0120,PC003,Hassan Market,2026-02-13,08:12:00,8,4,0,26,24,31,4,Tur Dal,534.1,B,1,87.5,82.0,15.0,09:34:00,09:49:00,97.0
FARM100657,Farmer_0657,PC004,Tumakuru Main,2026-04-19,16:49:00,16,6,0,2,0,1,4,Wheat,306.5,B,7,1.0,1.0,8.9,16:50:00,16:58:54,9.9
FARM101908,Farmer_1908,PC005,Bengaluru Rural,2026-01-24,11:19:00,11,5,1,25,21,24,5,Maize,84.9,C,2,56.5,53.4,10.6,12:12:24,12:23:00,64.0
FARM100636,Farmer_0636,PC002,Mandya North,2026-03-09,10:19:00,10,0,1,7,5,6,1,Rice,226.3,B,10,68.3,71.5,11.7,11:30:30,11:42:12,83.2
FARM100370,Farmer_0370,PC005,Bengaluru Rural,2026-03-26,12:19:00,12,3,1,22,19,22,5,Groundnut,346.8,A,8,50.9,47.5,11.7,13:06:30,13:18:12,59.2
FARM100269,Farmer_0269,PC005,Bengaluru Rural,2026-04-25,09:11:00,9,5,0,6,2,4,6,Sugarcane,269.0,C,1,6.7,7.0,16.3,09:18:00,09:34:18,23.3
FARM100656,Farmer_0656,PC001,Mysuru Central,2026-01-17,10:41:00,10,5,1,40,38,42,3,Wheat,379.8,B,6,141.8,145.6,11.3,13:06:36,13:17:54,156.9
FARM100936,Farmer_0936,PC002,Mandya North,2026-04-29,08:10:00,8,2,0,9,8,14,2,Ragi,238.9,A,7,30.9,34.0,7.5,08:44:00,08:51:30,41.5
FARM100823,Farmer_0823,PC001,Mysuru Central,2026-04-07,12:10:00,12,1,1,26,24,30,4,Groundnut,176.3,C,4,79.7,86.9,13.3,13:36:54,13:50:12,100.2
FARM100867,Farmer_0867,PC005,Bengaluru Rural,2026-02-04,15:18:00,15,2,0,7,2,5,6,Cotton,271.6,A,2,1.0,1.0,14.7,15:19:00,15:33:42,15.7
FARM100047,Farmer_0047,PC005,Bengaluru Rural,2026-03-18,11:00:00,11,2,1,32,31,37,5,Groundnut,353.5,B,8,80.4,86.6,14.9,12:26:36,12:41:30,101.5
FARM101374,Farmer_1374,PC001,Mysuru Central,2026-01-06,09:36:00,9,1,0,17,14,17,3,Groundnut,209.9,C,9,65.5,60.2,12.9,10:36:12,10:49:06,73.1
FARM101709,Farmer_1709,PC005,Bengaluru Rural,2026-01-21,11:50:00,11,2,1,20,19,24,5,Rice,291.2,A,5,45.6,49.2,12.5,12:39:12,12:51:42,61.7
FARM100992,Farmer_0992,PC002,Mandya North,2026-04-07,08:00:00,8,1,0,6,3,8,2,Rice,313.0,C,2,20.4,22.1,16.5,08:22:06,08:38:36,38.6
FARM100877,Farmer_0877,PC003,Hassan Market,2026-03-23,14:21:00,14,0,0,45,43,44,3,Tur Dal,415.6,A,7,165.1,167.9,12.4,17:08:54,17:21:18,180.3
FARM100774,Farmer_0774,PC004,Tumakuru Main,2026-04-19,14:23:00,14,6,0,22,20,25,3,Wheat,327.5,A,6,48.9,47.5,7.7,15:10:30,15:18:12,55.2
FARM101220,Farmer_1220,PC005,Bengaluru Rural,2026-03-02,12:27:00,12,0,1,11,10,12,4,Ragi,203.4,B,9,26.6,27.1,10.0,12:54:06,13:04:06,37.1
FARM102000,Farmer_2000,PC003,Hassan Market,2026-01-30,09:27:00,9,4,0,20,17,23,3,Groundnut,264.7,C,5,86.5,80.7,15.5,10:47:42,11:03:12,96.2
FARM100005,Farmer_0005,PC005,Bengaluru Rural,2026-02-16,16:17:00,16,0,0,12,11,15,5,Sugarcane,354.7,A,9,33.3,32.8,16.0,16:49:48,17:05:48,48.8
FARM101004,Farmer_1004,PC001,Mysuru Central,2026-03-20,08:16:00,8,4,0,27,24,26,3,Wheat,315.3,A,9,72.6,68.7,8.7,09:24:42,09:33:24,77.4
FARM101724,Farmer_1724,PC005,Bengaluru Rural,2026-01-14,12:05:00,12,2,1,46,45,47,5,Sugarcane,379.4,B,1,142.0,129.7,16.4,14:14:42,14:31:06,146.1
FARM100264,Farmer_0264,PC004,Tumakuru Main,2026-01-29,16:40:00,16,3,0,40,35,40,3,Ragi,193.7,A,7,111.0,105.1,8.2,18:25:06,18:33:18,113.3
FARM101570,Farmer_1570,PC004,Tumakuru Main,2026-04-05,16:09:00,16,6,0,22,17,21,3,Rice,348.6,C,5,95.0,89.1,14.8,17:38:06,17:52:54,103.9
FARM101831,Farmer_1831,PC005,Bengaluru Rural,2026-02-25,16:14:00,16,2,0,45,44,49,6,Maize,287.7,B,10,66.7,70.7,11.4,17:24:42,17:36:06,82.1
FARM100444,Farmer_0444,PC003,Hassan Market,2026-04-04,16:30:00,16,5,0,46,44,45,3,Maize,365.9,B,3,152.1,160.9,11.7,19:10:54,19:22:36,172.6
FARM101003,Farmer_1003,PC004,Tumakuru Main,2026-03-27,14:05:00,14,4,0,12,7,13,4,Tur Dal,256.4,A,10,15.5,17.2,8.9,14:22:12,14:31:06,26.1
FARM101078,Farmer_1078,PC005,Bengaluru Rural,2026-02-11,10:15:00,10,2,1,7,5,10,5,Wheat,381.2,A,8,15.4,14.9,8.1,10:29:54,10:38:00,23.0
FARM100838,Farmer_0838,PC001,Mysuru Central,2026-02-26,15:43:00,15,3,0,41,39,42,3,Rice,259.5,A,5,115.7,116.5,9.2,17:39:30,17:48:42,125.7
FARM101791,Farmer_1791,PC005,Bengaluru Rural,2026-02-04,12:49:00,12,2,1,42,38,43,6,Sugarcane,297.2,A,3,102.3,109.3,17.7,14:38:18,14:56:00,127.0
FARM100305,Farmer_0305,PC005,Bengaluru Rural,2026-03-15,15:10:00,15,6,0,8,3,8,5,Groundnut,248.7,C,7,7.1,7.6,16.5,15:17:36,15:34:06,24.1
FARM101366,Farmer_1366,PC005,Bengaluru Rural,2026-02-23,08:20:00,8,0,0,11,9,12,6,Sugarcane,450.4,C,4,33.2,36.7,21.8,08:56:42,09:18:30,58.5
FARM101558,Farmer_1558,PC005,Bengaluru Rural,2026-04-26,16:27:00,16,6,0,23,19,23,6,Rice,335.7,B,7,20.4,21.4,8.5,16:48:24,16:56:54,29.9
FARM100314,Farmer_0314,PC002,Mandya North,2026-03-02,13:14:00,13,0,1,13,12,14,2,Ragi,190.4,B,7,69.9,75.9,10.3,14:29:54,14:40:12,86.2
FARM100150,Farmer_0150,PC003,Hassan Market,2026-02-24,11:49:00,11,1,1,41,39,45,4,Rice,264.4,B,10,93.4,86.7,9.4,13:15:42,13:25:06,96.1
FARM101149,Farmer_1149,PC001,Mysuru Central,2026-04-27,16:34:00,16,0,0,43,39,42,4,Cotton,302.0,C,4,173.8,173.3,18.1,19:27:18,19:45:24,191.4
FARM101214,Farmer_1214,PC005,Bengaluru Rural,2026-03-06,15:58:00,15,4,0,40,37,44,5,Maize,492.2,C,10,102.2,95.8,14.4,17:33:48,17:48:12,110.2
FARM100575,Farmer_0575,PC004,Tumakuru Main,2026-03-17,08:05:00,8,1,0,2,0,3,2,Maize,256.3,A,2,1.0,1.0,11.2,08:06:00,08:17:12,12.2
FARM100051,Farmer_0051,PC002,Mandya North,2026-02-10,13:29:00,13,1,1,44,39,41,2,Cotton,272.2,A,10,195.4,180.0,12.5,16:29:00,16:41:30,192.5
FARM101553,Farmer_1553,PC004,Tumakuru Main,2026-04-17,11:36:00,11,4,1,35,30,36,4,Maize,424.0,C,7,100.3,110.8,13.2,13:26:48,13:40:00,124.0
FARM100727,Farmer_0727,PC004,Tumakuru Main,2026-03-12,12:50:00,12,3,1,35,31,34,4,Tur Dal,241.3,C,3,111.1,115.9,13.5,14:45:54,14:59:24,129.4
FARM100834,Farmer_0834,PC004,Tumakuru Main,2026-04-10,14:10:00,14,4,0,7,6,10,4,Tur Dal,362.4,C,9,24.3,22.7,16.6,14:32:42,14:49:18,39.3
FARM101378,Farmer_1378,PC002,Mandya North,2026-03-25,08:48:00,8,2,0,13,12,19,2,Wheat,288.0,A,6,55.3,53.0,7.9,09:41:00,09:48:54,60.9
FARM101116,Farmer_1116,PC005,Bengaluru Rural,2026-03-17,14:16:00,14,1,0,15,14,18,5,Rice,290.9,A,3,28.6,26.8,9.8,14:42:48,14:52:36,36.6
FARM101167,Farmer_1167,PC002,Mandya North,2026-02-01,12:25:00,12,6,1,23,21,23,1,Tur Dal,193.7,C,7,190.2,180.0,11.1,15:25:00,15:36:06,191.1
FARM100471,Farmer_0471,PC004,Tumakuru Main,2026-01-19,08:07:00,8,0,0,22,17,22,4,Wheat,426.3,C,3,55.4,61.5,13.9,09:08:30,09:22:24,75.4
FARM100972,Farmer_0972,PC003,Hassan Market,2026-03-29,14:38:00,14,6,0,9,6,8,3,Groundnut,265.1,B,7,26.8,26.6,11.4,15:04:36,15:16:00,38.0
FARM100654,Farmer_0654,PC005,Bengaluru Rural,2026-03-07,10:37:00,10,5,1,44,39,40,5,Tur Dal,200.2,A,3,63.6,61.9,8.2,11:38:54,11:47:06,70.1
FARM100400,Farmer_0400,PC003,Hassan Market,2026-03-08,10:34:00,10,6,1,9,6,7,4,Cotton,197.6,B,6,27.3,26.6,14.4,11:00:36,11:15:00,41.0
FARM100512,Farmer_0512,PC003,Hassan Market,2026-03-17,10:33:00,10,1,1,32,27,30,4,Groundnut,249.4,C,9,83.8,82.8,11.7,11:55:48,12:07:30,94.5
FARM100321,Farmer_0321,PC004,Tumakuru Main,2026-04-17,08:14:00,8,4,0,20,19,25,3,Tur Dal,202.9,C,1,87.4,83.1,12.9,09:37:06,09:50:00,96.0
FARM100020,Farmer_0020,PC001,Mysuru Central,2026-01-10,11:58:00,11,5,1,14,13,18,2,Ragi,339.2,A,10,68.2,74.0,10.1,13:12:00,13:22:06,84.1
FARM100685,Farmer_0685,PC003,Hassan Market,2026-04-15,16:54:00,16,2,0,41,36,43,5,Sugarcane,443.9,C,9,118.8,111.1,17.2,18:45:06,19:02:18,128.3
FARM100036,Farmer_0036,PC005,Bengaluru Rural,2026-04-04,15:02:00,15,5,0,7,4,6,5,Tur Dal,207.1,A,7,6.3,6.0,11.3,15:08:00,15:19:18,17.3
FARM100903,Farmer_0903,PC005,Bengaluru Rural,2026-02-20,08:18:00,8,4,0,28,25,32,5,Rice,154.1,C,10,38.3,38.5,9.3,08:56:30,09:05:48,47.8
FARM101779,Farmer_1779,PC002,Mandya North,2026-04-30,15:26:00,15,3,0,39,35,42,2,Ragi,540.1,C,6,179.9,180.0,14.6,18:26:00,18:40:36,194.6
FARM100828,Farmer_0828,PC004,Tumakuru Main,2026-01-03,13:23:00,13,5,1,21,19,24,3,Sugarcane,322.6,A,6,97.0,106.3,15.3,15:09:18,15:24:36,121.6
FARM101854,Farmer_1854,PC001,Mysuru Central,2026-01-16,11:30:00,11,4,1,43,42,47,3,Rice,124.4,C,8,106.5,98.3,6.5,13:08:18,13:14:48,104.8
FARM100408,Farmer_0408,PC004,Tumakuru Main,2026-02-22,13:03:00,13,6,1,13,8,13,4,Maize,361.7,A,6,28.2,30.9,12.2,13:33:54,13:46:06,43.1
FARM100921,Farmer_0921,PC005,Bengaluru Rural,2026-03-01,12:48:00,12,6,1,17,14,21,5,Rice,235.2,A,4,34.8,33.1,11.9,13:21:06,13:33:00,45.0
FARM100538,Farmer_0538,PC002,Mandya North,2026-03-21,12:20:00,12,5,1,35,31,32,2,Wheat,174.0,B,5,124.7,125.1,7.1,14:25:06,14:32:12,132.2
FARM100759,Farmer_0759,PC005,Bengaluru Rural,2026-01-13,10:58:00,10,1,1,26,25,28,5,Ragi,173.6,C,1,46.1,49.5,10.4,11:47:30,11:57:54,59.9
FARM101905,Farmer_1905,PC001,Mysuru Central,2026-04-22,10:49:00,10,2,1,8,3,8,3,Ragi,40.0,B,9,21.9,22.6,8.8,11:11:36,11:20:24,31.4
FARM101063,Farmer_1063,PC003,Hassan Market,2026-01-27,16:37:00,16,1,0,9,7,12,4,Ragi,40.0,C,5,15.5,15.0,9.4,16:52:00,17:01:24,24.4
FARM101200,Farmer_1200,PC002,Mandya North,2026-01-11,10:11:00,10,6,1,33,31,36,3,Wheat,504.0,C,4,153.9,165.4,14.4,12:56:24,13:10:48,179.8
FARM100246,Farmer_0246,PC002,Mandya North,2026-03-07,12:12:00,12,5,1,40,38,42,2,Sugarcane,253.1,C,7,177.8,180.0,16.2,15:12:00,15:28:12,196.2
FARM101417,Farmer_1417,PC001,Mysuru Central,2026-01-09,10:16:00,10,4,1,15,12,14,3,Maize,311.2,B,4,53.3,55.5,13.4,11:11:30,11:24:54,68.9
FARM101128,Farmer_1128,PC005,Bengaluru Rural,2026-02-24,13:02:00,13,1,1,31,28,30,5,Tur Dal,180.3,A,2,44.0,48.6,9.5,13:50:36,14:00:06,58.1
FARM100785,Farmer_0785,PC001,Mysuru Central,2026-03-23,09:44:00,9,0,0,27,26,33,2,Maize,378.3,C,8,153.8,170.0,13.4,12:34:00,12:47:24,183.4
FARM101743,Farmer_1743,PC001,Mysuru Central,2026-03-21,08:25:00,8,5,0,39,34,36,3,Groundnut,405.8,C,7,174.0,163.2,14.4,11:08:12,11:22:36,177.6
FARM100490,Farmer_0490,PC004,Tumakuru Main,2026-03-04,08:17:00,8,2,0,29,24,29,2,Wheat,200.9,C,7,132.9,123.8,10.1,10:20:48,10:30:54,133.9
FARM100155,Farmer_0155,PC003,Hassan Market,2026-01-19,14:14:00,14,0,0,41,36,40,5,Sugarcane,353.8,A,7,113.2,104.6,15.2,15:58:36,16:13:48,119.8
FARM100962,Farmer_0962,PC005,Bengaluru Rural,2026-02-08,14:51:00,14,6,0,5,3,5,4,Tur Dal,359.2,A,4,4.7,5.0,13.5,14:56:00,15:09:30,18.5
FARM100854,Farmer_0854,PC001,Mysuru Central,2026-02-13,13:15:00,13,4,1,15,11,12,3,Wheat,138.4,A,9,27.4,26.6,5.1,13:41:36,13:46:42,31.7
FARM101312,Farmer_1312,PC003,Hassan Market,2026-03-22,15:55:00,15,6,0,29,27,30,4,Tur Dal,405.3,B,1,78.6,81.4,12.4,17:16:24,17:28:48,93.8
FARM100626,Farmer_0626,PC002,Mandya North,2026-03-19,11:46:00,11,3,1,30,27,32,2,Groundnut,444.5,B,7,191.5,180.0,16.4,14:46:00,15:02:24,196.4
FARM100686,Farmer_0686,PC003,Hassan Market,2026-01-10,09:17:00,9,5,0,10,8,13,4,Ragi,277.2,A,7,17.8,18.5,9.2,09:35:30,09:44:42,27.7
FARM101562,Farmer_1562,PC005,Bengaluru Rural,2026-03-30,13:45:00,13,0,1,49,44,50,5,Sugarcane,337.1,C,2,167.7,163.4,20.5,16:28:24,16:48:54,183.9
FARM100570,Farmer_0570,PC002,Mandya North,2026-01-04,16:51:00,16,6,0,43,39,41,2,Cotton,274.6,C,7,171.6,180.0,16.4,19:51:00,20:07:24,196.4
FARM101909,Farmer_1909,PC001,Mysuru Central,2026-03-11,12:17:00,12,2,1,25,20,21,4,Rice,40.0,C,4,50.2,50.0,8.8,13:07:00,13:15:48,58.8
FARM100018,Farmer_0018,PC001,Mysuru Central,2026-02-14,13:43:00,13,5,1,41,40,42,2,Wheat,181.6,C,8,166.7,180.0,9.2,16:43:00,16:52:12,189.2
FARM100128,Farmer_0128,PC001,Mysuru Central,2026-03-12,12:31:00,12,3,1,27,23,28,2,Cotton,231.6,A,10,116.5,123.2,10.2,14:34:12,14:44:24,133.4
FARM101347,Farmer_1347,PC003,Hassan Market,2026-02-04,12:08:00,12,2,1,33,30,35,4,Rice,276.2,B,8,105.3,101.5,14.1,13:49:30,14:03:36,115.6
FARM101280,Farmer_1280,PC003,Hassan Market,2026-04-08,16:28:00,16,2,0,14,12,15,4,Groundnut,269.5,A,1,28.5,31.4,11.1,16:59:24,17:10:30,42.5
FARM101969,Farmer_1969,PC001,Mysuru Central,2026-03-28,14:36:00,14,5,0,37,34,35,3,Tur Dal,458.7,C,2,176.5,180.0,17.4,17:36:00,17:53:24,197.4
FARM100928,Farmer_0928,PC005,Bengaluru Rural,2026-01-10,13:19:00,13,5,1,37,35,38,4,Tur Dal,267.1,B,1,98.7,100.9,11.5,14:59:54,15:11:24,112.4
FARM100981,Farmer_0981,PC001,Mysuru Central,2026-02-09,10:11:00,10,0,1,13,12,18,3,Groundnut,437.5,B,2,61.0,65.6,14.7,11:16:36,11:31:18,80.3
FARM101965,Farmer_1965,PC001,Mysuru Central,2026-04-21,10:45:00,10,1,1,39,36,42,4,Sugarcane,412.7,B,8,133.8,135.3,14.8,13:00:18,13:15:06,150.1
FARM100191,Farmer_0191,PC003,Hassan Market,2026-03-03,10:15:00,10,1,1,8,3,7,4,Ragi,161.7,A,3,12.1,13.0,10.2,10:28:00,10:38:12,23.2
FARM101140,Farmer_1140,PC001,Mysuru Central,2026-01-13,13:01:00,13,1,1,13,12,15,3,Wheat,450.4,B,1,52.8,54.2,13.1,13:55:12,14:08:18,67.3
FARM100993,Farmer_0993,PC005,Bengaluru Rural,2026-03-25,14:16:00,14,2,0,37,35,42,5,Rice,138.4,C,5,87.7,84.4,13.8,15:40:24,15:54:12,98.2
FARM101956,Farmer_1956,PC003,Hassan Market,2026-02-02,15:13:00,15,0,0,41,39,41,3,Ragi,214.7,C,10,121.7,130.6,10.7,17:23:36,17:34:18,141.3
FARM101657,Farmer_1657,PC003,Hassan Market,2026-01-27,13:35:00,13,1,1,42,37,42,4,Rice,40.0,A,4,78.2,71.9,7.6,14:46:54,14:54:30,79.5
FARM100607,Farmer_0607,PC002,Mandya North,2026-03-28,14:14:00,14,5,0,38,37,44,3,Cotton,243.9,B,6,165.6,180.0,13.2,17:14:00,17:27:12,193.2
FARM100181,Farmer_0181,PC004,Tumakuru Main,2026-03-23,12:10:00,12,0,1,25,23,24,3,Maize,381.5,A,5,119.9,127.2,15.4,14:17:12,14:32:36,142.6
FARM100302,Farmer_0302,PC005,Bengaluru Rural,2026-02-04,11:20:00,11,2,1,37,32,33,4,Groundnut,142.8,B,7,101.1,94.4,13.6,12:54:24,13:08:00,108.0
FARM100497,Farmer_0497,PC001,Mysuru Central,2026-03-18,15:47:00,15,2,0,15,14,20,4,Maize,381.3,C,1,51.8,49.2,14.4,16:36:12,16:50:36,63.6
FARM101721,Farmer_1721,PC002,Mandya North,2026-04-22,13:02:00,13,2,1,47,42,46,3,Sugarcane,131.7,A,9,184.7,180.0,14.0,16:02:00,16:16:00,194.0
FARM101710,Farmer_1710,PC003,Hassan Market,2026-02-15,13:00:00,13,6,1,45,43,47,5,Rice,105.8,A,2,93.6,91.8,10.8,14:31:48,14:42:36,102.6
FARM101888,Farmer_1888,PC001,Mysuru Central,2026-02-03,10:09:00,10,1,1,43,38,40,3,Tur Dal,300.2,A,5,164.6,158.5,12.6,12:47:30,13:00:06,171.1
FARM101992,Farmer_1992,PC005,Bengaluru Rural,2026-03-26,15:27:00,15,3,0,21,18,24,5,Cotton,201.3,A,5,46.4,44.0,12.5,16:11:00,16:23:30,56.5
FARM100518,Farmer_0518,PC003,Hassan Market,2026-03-15,11:37:00,11,6,1,34,30,37,4,Maize,342.7,B,4,109.6,101.3,14.6,13:18:18,13:32:54,115.9
FARM101985,Farmer_1985,PC005,Bengaluru Rural,2026-03-19,11:07:00,11,3,1,14,12,15,6,Wheat,216.2,B,9,16.3,15.9,7.5,11:22:54,11:30:24,23.4
FARM101070,Farmer_1070,PC001,Mysuru Central,2026-03-19,09:14:00,9,3,0,13,8,11,2,Rice,103.6,A,8,33.2,32.8,7.9,09:46:48,09:54:42,40.7
FARM100477,Farmer_0477,PC001,Mysuru Central,2026-03-12,12:06:00,12,3,1,31,30,35,3,Rice,448.0,B,4,118.0,119.3,11.7,14:05:18,14:17:00,131.0
FARM100158,Farmer_0158,PC004,Tumakuru Main,2026-03-06,12:04:00,12,4,1,32,28,32,3,Tur Dal,131.9,C,6,112.4,103.7,9.9,13:47:42,13:57:36,113.6
FARM101244,Farmer_1244,PC003,Hassan Market,2026-03-22,14:58:00,14,6,0,12,10,16,4,Sugarcane,288.7,C,2,42.0,38.7,16.7,15:36:42,15:53:24,55.4
FARM101196,Farmer_1196,PC002,Mandya North,2026-04-29,11:48:00,11,2,1,39,38,44,2,Sugarcane,216.0,C,9,184.0,180.0,15.2,14:48:00,15:03:12,195.2
FARM100017,Farmer_0017,PC001,Mysuru Central,2026-04-03,11:39:00,11,4,1,20,18,25,3,Tur Dal,448.9,A,4,75.4,80.6,12.0,12:59:36,13:11:36,92.6
FARM101536,Farmer_1536,PC001,Mysuru Central,2026-03-02,09:17:00,9,0,0,42,41,42,4,Maize,186.7,C,5,156.2,145.3,14.3,11:42:18,11:56:36,159.6
FARM101073,Farmer_1073,PC005,Bengaluru Rural,2026-03-19,13:35:00,13,3,1,42,37,44,5,Rice,338.2,C,10,83.0,88.7,12.4,15:03:42,15:16:06,101.1
FARM101972,Farmer_1972,PC004,Tumakuru Main,2026-02-06,16:47:00,16,4,0,17,16,17,3,Sugarcane,240.0,A,1,74.6,74.6,14.1,18:01:36,18:15:42,88.7
FARM100547,Farmer_0547,PC004,Tumakuru Main,2026-03-14,16:13:00,16,5,0,13,10,11,3,Sugarcane,425.9,C,7,66.5,67.4,18.4,17:20:24,17:38:48,85.8
FARM101540,Farmer_1540,PC003,Hassan Market,2026-01-26,10:05:00,10,0,1,25,20,26,3,Cotton,240.0,B,7,75.7,83.7,12.7,11:28:42,11:41:24,96.4
FARM100659,Farmer_0659,PC002,Mandya North,2026-02-18,15:48:00,15,2,0,20,15,22,2,Cotton,438.9,C,10,111.7,122.6,15.1,17:50:36,18:05:42,137.7
FARM101626,Farmer_1626,PC004,Tumakuru Main,2026-01-17,13:42:00,13,5,1,41,36,39,2,Maize,289.3,A,9,186.5,180.0,11.5,16:42:00,16:53:30,191.5
FARM101020,Farmer_1020,PC004,Tumakuru Main,2026-01-07,14:58:00,14,2,0,38,33,39,3,Ragi,418.3,C,2,165.6,160.0,14.0,17:38:00,17:52:00,174.0
FARM101663,Farmer_1663,PC005,Bengaluru Rural,2026-03-27,08:06:00,8,4,0,21,19,24,5,Rice,390.9,A,7,40.0,42.3,12.8,08:48:18,09:01:06,55.1
FARM101505,Farmer_1505,PC001,Mysuru Central,2026-01-14,09:46:00,9,2,0,23,19,20,2,Sugarcane,361.4,B,3,162.7,180.0,19.0,12:46:00,13:05:00,199.0
FARM100960,Farmer_0960,PC001,Mysuru Central,2026-03-05,09:55:00,9,3,0,21,19,23,3,Groundnut,189.5,C,7,71.8,72.8,11.4,11:07:48,11:19:12,84.2
FARM101882,Farmer_1882,PC004,Tumakuru Main,2026-04-18,15:51:00,15,5,0,11,9,12,3,Ragi,228.3,A,10,24.0,25.7,8.2,16:16:42,16:24:54,33.9
FARM100284,Farmer_0284,PC003,Hassan Market,2026-03-24,14:34:00,14,1,0,33,32,34,4,Groundnut,408.0,B,6,110.9,120.7,16.2,16:34:42,16:50:54,136.9
FARM100798,Farmer_0798,PC002,Mandya North,2026-01-01,14:22:00,14,3,0,6,2,7,3,Groundnut,443.1,A,8,8.5,7.9,13.3,14:29:54,14:43:12,21.2
FARM101627,Farmer_1627,PC005,Bengaluru Rural,2026-02-21,15:52:00,15,5,0,30,29,35,5,Cotton,325.9,C,1,76.3,73.6,14.6,17:05:36,17:20:12,88.2
FARM100226,Farmer_0226,PC003,Hassan Market,2026-03-04,12:42:00,12,2,1,39,34,40,4,Rice,245.7,B,7,68.9,69.0,8.1,13:51:00,13:59:06,77.1
FARM100027,Farmer_0027,PC002,Mandya North,2026-03-03,16:51:00,16,1,0,40,38,41,2,Groundnut,299.4,B,3,175.2,180.0,13.3,19:51:00,20:04:18,193.3
FARM101771,Farmer_1771,PC001,Mysuru Central,2026-01-10,10:07:00,10,5,1,1,0,7,4,Cotton,574.9,C,7,11.0,10.7,19.7,10:17:42,10:37:24,30.4
FARM100438,Farmer_0438,PC003,Hassan Market,2026-03-02,08:33:00,8,0,0,9,7,9,4,Wheat,222.6,B,2,21.3,21.3,9.1,08:54:18,09:03:24,30.4
FARM101949,Farmer_1949,PC005,Bengaluru Rural,2026-02-17,09:58:00,9,1,0,33,32,39,5,Ragi,332.6,B,6,58.2,59.8,10.0,10:57:48,11:07:48,69.8
FARM101389,Farmer_1389,PC002,Mandya North,2026-02-24,09:19:00,9,1,0,8,6,9,2,Tur Dal,253.4,B,9,29.4,27.4,8.2,09:46:24,09:54:36,35.6
FARM100230,Farmer_0230,PC004,Tumakuru Main,2026-01-01,13:10:00,13,3,1,41,38,42,2,Tur Dal,331.7,A,9,165.8,180.0,9.1,16:10:00,16:19:06,189.1
FARM100038,Farmer_0038,PC001,Mysuru Central,2026-04-27,16:07:00,16,0,0,38,35,40,4,Sugarcane,426.0,B,1,172.3,161.0,17.7,18:48:00,19:05:42,178.7
FARM100750,Farmer_0750,PC004,Tumakuru Main,2026-03-01,14:17:00,14,6,0,28,27,33,3,Tur Dal,358.6,A,4,114.2,110.4,11.5,16:07:24,16:18:54,121.9
FARM101046,Farmer_1046,PC002,Mandya North,2026-01-25,11:37:00,11,6,1,18,17,22,2,Rice,448.1,B,7,127.8,124.2,13.5,13:41:12,13:54:42,137.7
FARM101399,Farmer_1399,PC004,Tumakuru Main,2026-04-06,14:56:00,14,0,0,25,20,21,2,Wheat,213.6,A,10,85.7,91.5,8.2,16:27:30,16:35:42,99.7
FARM100470,Farmer_0470,PC005,Bengaluru Rural,2026-03-19,16:08:00,16,3,0,30,27,29,4,Maize,478.4,C,7,93.9,86.2,15.0,17:34:12,17:49:12,101.2
FARM101693,Farmer_1693,PC003,Hassan Market,2026-02-04,16:33:00,16,2,0,45,42,45,5,Maize,389.3,B,9,60.3,66.0,8.1,17:39:00,17:47:06,74.1
FARM101968,Farmer_1968,PC002,Mandya North,2026-01-20,13:02:00,13,1,1,9,7,10,2,Sugarcane,215.8,C,1,56.7,58.1,14.6,14:00:06,14:14:42,72.7
FARM100688,Farmer_0688,PC005,Bengaluru Rural,2026-04-16,10:26:00,10,3,1,44,41,43,6,Sugarcane,67.0,A,9,70.2,76.2,10.8,11:42:12,11:53:00,87.0
FARM101844,Farmer_1844,PC005,Bengaluru Rural,2026-04-27,13:29:00,13,0,1,46,42,43,5,Ragi,109.4,A,1,108.8,100.8,12.3,15:09:48,15:22:06,113.1
FARM100640,Farmer_0640,PC002,Mandya North,2026-04-17,15:57:00,15,4,0,45,41,45,2,Ragi,183.7,B,10,181.5,180.0,9.4,18:57:00,19:06:24,189.4
FARM101713,Farmer_1713,PC001,Mysuru Central,2026-03-11,09:58:00,9,2,0,19,15,18,2,Wheat,506.5,B,8,114.9,105.7,14.5,11:43:42,11:58:12,120.2
FARM101219,Farmer_1219,PC005,Bengaluru Rural,2026-01-12,12:14:00,12,0,1,23,21,27,6,Cotton,407.3,C,2,63.4,64.2,17.4,13:18:12,13:35:36,81.6
FARM101159,Farmer_1159,PC003,Hassan Market,2026-01-10,08:29:00,8,5,0,28,27,32,3,Maize,501.6,B,4,125.4,130.7,15.6,10:39:42,10:55:18,146.3
FARM101416,Farmer_1416,PC002,Mandya North,2026-01-07,08:05:00,8,2,0,22,21,25,2,Maize,410.5,B,4,169.2,154.3,13.7,10:39:18,10:53:00,168.0
FARM101528,Farmer_1528,PC003,Hassan Market,2026-03-19,13:04:00,13,3,1,21,20,26,4,Maize,327.9,A,1,72.7,69.6,12.5,14:13:36,14:26:06,82.1
FARM101656,Farmer_1656,PC005,Bengaluru Rural,2026-01-21,15:34:00,15,2,0,28,23,25,5,Groundnut,332.0,C,3,66.4,63.2,14.6,16:37:12,16:51:48,77.8
FARM101301,Farmer_1301,PC002,Mandya North,2026-04-12,16:31:00,16,6,0,29,24,28,2,Rice,476.0,C,2,181.6,180.0,17.1,19:31:00,19:48:06,197.1
FARM101823,Farmer_1823,PC005,Bengaluru Rural,2026-01-21,15:42:00,15,2,0,38,35,37,4,Sugarcane,384.4,C,2,140.1,138.6,18.2,18:00:36,18:18:48,156.8
FARM100801,Farmer_0801,PC002,Mandya North,2026-04-19,10:23:00,10,6,1,31,27,33,2,Ragi,326.1,C,8,173.4,160.3,10.7,13:03:18,13:14:00,171.0
FARM101604,Farmer_1604,PC001,Mysuru Central,2026-04-08,13:59:00,13,2,1,29,28,33,4,Maize,360.7,B,5,102.2,102.0,13.4,15:41:00,15:54:24,115.4
FARM100161,Farmer_0161,PC005,Bengaluru Rural,2026-03-02,09:45:00,9,0,0,24,22,23,6,Maize,62.9,C,8,37.8,37.6,10.3,10:22:36,10:32:54,47.9
FARM100957,Farmer_0957,PC003,Hassan Market,2026-02-03,11:13:00,11,1,1,5,2,5,4,Maize,306.4,C,3,12.0,11.0,13.9,11:24:00,11:37:54,24.9
FARM101187,Farmer_1187,PC004,Tumakuru Main,2026-01-03,08:54:00,8,5,0,39,35,38,3,Maize,321.4,B,7,166.2,161.9,13.5,11:35:54,11:49:24,175.4
FARM100822,Farmer_0822,PC004,Tumakuru Main,2026-03-11,13:13:00,13,2,1,11,9,13,4,Cotton,279.7,B,6,35.2,37.0,14.4,13:50:00,14:04:24,51.4
FARM101682,Farmer_1682,PC005,Bengaluru Rural,2026-03-01,16:09:00,16,6,0,35,31,36,4,Maize,260.4,A,8,71.3,71.3,9.7,17:20:18,17:30:00,81.0
FARM100878,Farmer_0878,PC001,Mysuru Central,2026-03-28,14:00:00,14,5,0,24,21,24,3,Tur Dal,224.3,A,4,103.7,98.9,13.6,15:38:54,15:52:30,112.5
FARM100914,Farmer_0914,PC004,Tumakuru Main,2026-04-11,09:43:00,9,5,0,41,38,43,4,Maize,149.6,B,6,109.5,103.8,10.0,11:26:48,11:36:48,113.8
FARM100153,Farmer_0153,PC005,Bengaluru Rural,2026-02-09,15:10:00,15,0,0,14,13,19,5,Wheat,126.3,A,4,22.9,21.7,10.5,15:31:42,15:42:12,32.2
FARM101871,Farmer_1871,PC002,Mandya North,2026-03-17,13:49:00,13,1,1,23,19,25,2,Rice,212.2,C,9,124.1,124.5,11.5,15:53:30,16:05:00,136.0
FARM101777,Farmer_1777,PC002,Mandya North,2026-03-01,15:04:00,15,6,0,19,18,21,2,Groundnut,345.7,C,5,135.4,136.1,14.0,17:20:06,17:34:06,150.1
FARM100510,Farmer_0510,PC001,Mysuru Central,2026-04-12,13:19:00,13,6,1,25,23,29,3,Groundnut,259.3,C,8,66.6,73.5,8.9,14:32:30,14:41:24,82.4
FARM101136,Farmer_1136,PC001,Mysuru Central,2026-01-15,10:38:00,10,3,1,38,37,39,3,Sugarcane,274.2,C,2,180.4,180.0,17.9,13:38:00,13:55:54,197.9
FARM101251,Farmer_1251,PC001,Mysuru Central,2026-02-18,08:47:00,8,2,0,29,26,28,3,Ragi,224.2,C,7,101.5,98.0,11.2,10:25:00,10:36:12,109.2
FARM101684,Farmer_1684,PC001,Mysuru Central,2026-04-06,12:18:00,12,0,1,39,36,43,4,Maize,313.0,C,10,157.2,145.1,15.2,14:43:06,14:58:18,160.3
FARM100104,Farmer_0104,PC005,Bengaluru Rural,2026-02-24,09:37:00,9,1,0,13,10,11,5,Sugarcane,252.0,A,8,26.0,28.6,13.2,10:05:36,10:18:48,41.8
FARM101446,Farmer_1446,PC001,Mysuru Central,2026-03-17,15:59:00,15,1,0,9,4,10,3,Cotton,319.4,A,5,25.1,23.6,14.2,16:22:36,16:36:48,37.8
FARM101444,Farmer_1444,PC002,Mandya North,2026-02-12,11:57:00,11,3,1,24,21,23,2,Sugarcane,391.6,B,2,181.1,180.0,16.7,14:57:00,15:13:42,196.7
FARM100587,Farmer_0587,PC003,Hassan Market,2026-03-16,10:03:00,10,0,1,30,26,27,4,Rice,401.5,B,7,90.3,88.8,12.2,11:31:48,11:44:00,101.0
FARM101769,Farmer_1769,PC002,Mandya North,2026-03-01,09:40:00,9,6,0,40,38,43,2,Sugarcane,449.2,A,9,182.7,180.0,17.5,12:40:00,12:57:30,197.5
FARM101144,Farmer_1144,PC001,Mysuru Central,2026-04-01,12:43:00,12,2,1,27,25,26,3,Sugarcane,228.9,A,8,91.5,98.8,12.0,14:21:48,14:33:48,110.8
FARM100054,Farmer_0054,PC005,Bengaluru Rural,2026-01-19,10:49:00,10,0,1,38,33,37,6,Sugarcane,233.4,A,2,84.3,76.9,13.6,12:05:54,12:19:30,90.5
FARM100152,Farmer_0152,PC003,Hassan Market,2026-01-15,12:03:00,12,3,1,30,29,36,4,Wheat,262.0,C,9,55.4,51.1,7.3,12:54:06,13:01:24,58.4
FARM100404,Farmer_0404,PC004,Tumakuru Main,2026-02-18,12:09:00,12,2,1,6,3,6,3,Cotton,330.9,B,9,20.1,22.2,12.4,12:31:12,12:43:36,34.6
FARM101943,Farmer_1943,PC002,Mandya North,2026-04-03,08:41:00,8,4,0,41,36,41,1,Sugarcane,107.8,C,1,181.2,180.0,16.6,11:41:00,11:57:36,196.6
FARM100208,Farmer_0208,PC004,Tumakuru Main,2026-03-09,08:18:00,8,0,0,31,27,33,2,Tur Dal,260.6,B,2,194.1,180.0,14.7,11:18:00,11:32:42,194.7
FARM101895,Farmer_1895,PC001,Mysuru Central,2026-01-24,09:48:00,9,5,0,29,26,33,2,Tur Dal,300.2,A,6,131.0,123.0,9.4,11:51:00,12:00:24,132.4
FARM101123,Farmer_1123,PC004,Tumakuru Main,2026-01-05,09:37:00,9,0,0,35,33,35,3,Sugarcane,361.0,B,5,192.2,180.0,18.5,12:37:00,12:55:30,198.5
FARM101891,Farmer_1891,PC003,Hassan Market,2026-02-25,15:52:00,15,2,0,12,11,18,3,Groundnut,481.8,C,6,52.7,49.7,15.1,16:41:42,16:56:48,64.8
FARM100009,Farmer_0009,PC003,Hassan Market,2026-02-23,09:22:00,9,0,0,11,10,14,4,Sugarcane,94.4,B,10,29.4,26.9,11.3,09:48:54,10:00:12,38.2
FARM101015,Farmer_1015,PC001,Mysuru Central,2026-04-09,09:48:00,9,3,0,43,40,47,3,Wheat,178.9,C,4,160.2,172.2,12.8,12:40:12,12:53:00,185.0
FARM101907,Farmer_1907,PC005,Bengaluru Rural,2026-03-24,11:44:00,11,1,1,49,45,47,5,Tur Dal,200.4,B,7,87.7,91.2,9.6,13:15:12,13:24:48,100.8
FARM101061,Farmer_1061,PC001,Mysuru Central,2026-01-18,14:52:00,14,6,0,26,22,29,2,Tur Dal,264.0,A,4,126.6,139.4,12.6,17:11:24,17:24:00,152.0
FARM100453,Farmer_0453,PC002,Mandya North,2026-02-18,10:24:00,10,2,1,35,34,35,2,Cotton,367.5,B,4,171.4,180.0,16.3,13:24:00,13:40:18,196.3
FARM100254,Farmer_0254,PC001,Mysuru Central,2026-01-31,14:24:00,14,5,0,31,27,31,3,Maize,160.5,B,6,104.0,107.8,11.4,16:11:48,16:23:12,119.2
FARM101328,Farmer_1328,PC003,Hassan Market,2026-03-05,10:06:00,10,3,1,42,40,43,4,Rice,171.1,B,4,118.3,110.2,11.4,11:56:12,12:07:36,121.6
FARM100897,Farmer_0897,PC001,Mysuru Central,2026-04-29,13:14:00,13,2,1,40,36,40,2,Cotton,154.1,A,3,186.5,180.0,12.9,16:14:00,16:26:54,192.9
FARM101734,Farmer_1734,PC004,Tumakuru Main,2026-02-12,08:46:00,8,3,0,14,10,11,3,Tur Dal,506.1,B,4,49.4,54.1,15.7,09:40:06,09:55:48,69.8
FARM100881,Farmer_0881,PC002,Mandya North,2026-01-06,11:02:00,11,1,1,36,34,36,1,Sugarcane,392.4,B,4,162.0,180.0,20.2,14:02:00,14:22:12,200.2
FARM101596,Farmer_1596,PC004,Tumakuru Main,2026-02-02,12:15:00,12,0,1,32,29,33,3,Wheat,316.4,A,6,114.6,110.6,10.7,14:05:36,14:16:18,121.3
FARM101889,Farmer_1889,PC005,Bengaluru Rural,2026-01-17,10:50:00,10,5,1,26,22,26,5,Groundnut,464.6,A,1,67.1,64.7,14.3,11:54:42,12:09:00,79.0
FARM100624,Farmer_0624,PC001,Mysuru Central,2026-03-11,12:58:00,12,2,1,37,36,38,4,Sugarcane,146.6,B,9,114.7,121.7,12.8,14:59:42,15:12:30,134.5
FARM100346,Farmer_0346,PC003,Hassan Market,2026-02-26,16:52:00,16,3,0,49,45,48,4,Ragi,350.7,C,4,117.3,125.3,11.4,18:57:18,19:08:42,136.7
FARM101703,Farmer_1703,PC001,Mysuru Central,2026-02-12,12:00:00,12,3,1,9,7,14,3,Maize,451.0,A,7,36.7,34.6,11.0,12:34:36,12:45:36,45.6
FARM100263,Farmer_0263,PC004,Tumakuru Main,2026-02-15,12:47:00,12,6,1,22,17,22,2,Maize,104.0,A,2,86.1,88.2,8.9,14:15:12,14:24:06,97.1
FARM101635,Farmer_1635,PC004,Tumakuru Main,2026-01-24,14:11:00,14,5,0,20,16,22,2,Sugarcane,88.9,C,3,125.3,118.8,14.2,16:09:48,16:24:00,133.0
FARM101322,Farmer_1322,PC001,Mysuru Central,2026-02-16,09:41:00,9,0,0,10,9,12,3,Groundnut,476.1,A,3,45.7,44.8,14.0,10:25:48,10:39:48,58.8
FARM101439,Farmer_1439,PC005,Bengaluru Rural,2026-04-11,16:57:00,16,5,0,39,36,43,5,Sugarcane,390.0,C,8,131.1,132.8,20.4,19:09:48,19:30:12,153.2
FARM100151,Farmer_0151,PC002,Mandya North,2026-01-26,12:31:00,12,0,1,19,18,25,2,Groundnut,88.9,A,5,85.0,85.4,8.6,13:56:24,14:05:00,94.0
FARM100473,Farmer_0473,PC001,Mysuru Central,2026-01-13,14:44:00,14,1,0,14,13,18,2,Maize,300.7,C,5,83.1,88.3,13.9,16:12:18,16:26:12,102.2
FARM100641,Farmer_0641,PC005,Bengaluru Rural,2026-01-02,08:57:00,8,4,0,38,34,37,5,Tur Dal,381.0,B,9,81.0,86.1,14.2,10:23:06,10:37:18,100.3
FARM101983,Farmer_1983,PC001,Mysuru Central,2026-04-12,15:49:00,15,6,0,5,2,5,4,Ragi,291.2,C,2,1.9,1.9,11.8,15:50:54,16:02:42,13.7
FARM101883,Farmer_1883,PC003,Hassan Market,2026-04-11,14:42:00,14,5,0,11,7,13,3,Ragi,366.1,A,8,26.3,26.3,10.7,15:08:18,15:19:00,37.0
FARM100551,Farmer_0551,PC002,Mandya North,2026-01-25,11:33:00,11,6,1,10,5,10,2,Ragi,211.2,C,4,36.9,38.5,13.2,12:11:30,12:24:42,51.7
FARM101780,Farmer_1780,PC005,Bengaluru Rural,2026-02-02,13:52:00,13,0,1,23,20,23,6,Maize,225.1,C,10,35.0,37.0,9.9,14:29:00,14:38:54,46.9
FARM100929,Farmer_0929,PC001,Mysuru Central,2026-03-28,13:22:00,13,5,1,33,28,34,4,Tur Dal,344.6,C,6,90.2,96.8,13.6,14:58:48,15:12:24,110.4
FARM100489,Farmer_0489,PC002,Mandya North,2026-01-22,16:53:00,16,3,0,8,6,12,2,Sugarcane,171.4,B,4,50.6,51.4,16.0,17:44:24,18:00:24,67.4
FARM101812,Farmer_1812,PC002,Mandya North,2026-03-13,15:41:00,15,4,0,7,4,7,1,Cotton,400.9,B,8,71.4,69.4,16.1,16:50:24,17:06:30,85.5
FARM101172,Farmer_1172,PC001,Mysuru Central,2026-04-11,16:51:00,16,5,0,8,5,8,3,Cotton,114.4,B,9,14.6,14.1,9.6,17:05:06,17:14:42,23.7
FARM100147,Farmer_0147,PC005,Bengaluru Rural,2026-04-20,15:14:00,15,0,0,36,35,37,5,Maize,254.0,C,8,82.1,84.6,13.2,16:38:36,16:51:48,97.8
FARM101705,Farmer_1705,PC003,Hassan Market,2026-04-25,13:37:00,13,5,1,11,9,14,4,Tur Dal,175.5,B,10,34.3,36.3,10.9,14:13:18,14:24:12,47.2
FARM101929,Farmer_1929,PC001,Mysuru Central,2026-04-30,09:51:00,9,3,0,6,2,5,4,Rice,200.3,C,2,7.7,7.9,10.6,09:58:54,10:09:30,18.5
FARM100403,Farmer_0403,PC005,Bengaluru Rural,2026-02-25,09:50:00,9,2,0,30,25,28,6,Ragi,40.0,A,8,26.4,24.4,7.2,10:14:24,10:21:36,31.6
FARM100955,Farmer_0955,PC003,Hassan Market,2026-04-26,10:19:00,10,6,1,6,1,6,4,Rice,482.5,A,6,7.7,7.9,12.8,10:26:54,10:39:42,20.7
FARM101878,Farmer_1878,PC001,Mysuru Central,2026-03-13,16:06:00,16,4,0,21,19,24,2,Sugarcane,279.3,B,8,132.6,132.1,13.7,18:18:06,18:31:48,145.8
FARM100660,Farmer_0660,PC003,Hassan Market,2026-01-21,16:32:00,16,2,0,45,41,42,5,Rice,157.5,B,6,87.0,87.1,11.1,17:59:06,18:10:12,98.2
FARM101373,Farmer_1373,PC004,Tumakuru Main,2026-04-25,15:06:00,15,5,0,49,45,46,3,Groundnut,179.7,B,7,179.7,180.0,11.2,18:06:00,18:17:12,191.2
FARM100464,Farmer_0464,PC003,Hassan Market,2026-02-04,15:24:00,15,2,0,30,29,35,3,Rice,316.9,C,10,102.5,106.4,11.7,17:10:24,17:22:06,118.1
FARM101350,Farmer_1350,PC005,Bengaluru Rural,2026-02-05,10:35:00,10,3,1,37,34,41,5,Rice,378.1,B,5,78.1,74.3,11.4,11:49:18,12:00:42,85.7
FARM100187,Farmer_0187,PC001,Mysuru Central,2026-01-05,14:46:00,14,0,0,35,34,38,3,Groundnut,164.8,B,4,140.3,143.4,12.4,17:09:24,17:21:48,155.8
FARM101148,Farmer_1148,PC004,Tumakuru Main,2026-03-15,12:48:00,12,6,1,48,44,49,2,Maize,385.8,A,4,194.5,180.0,12.9,15:48:00,16:00:54,192.9
FARM101225,Farmer_1225,PC002,Mandya North,2026-04-11,09:15:00,9,5,0,42,39,40,2,Cotton,444.1,B,3,192.2,180.0,16.2,12:15:00,12:31:12,196.2
FARM100609,Farmer_0609,PC001,Mysuru Central,2026-01-13,15:44:00,15,1,0,13,12,15,4,Wheat,332.9,C,1,38.8,38.7,13.0,16:22:42,16:35:42,51.7
FARM100144,Farmer_0144,PC003,Hassan Market,2026-02-18,15:37:00,15,2,0,20,18,24,4,Rice,343.5,C,7,57.6,60.9,13.9,16:37:54,16:51:48,74.8
FARM100752,Farmer_0752,PC001,Mysuru Central,2026-04-05,12:34:00,12,6,1,17,15,16,2,Rice,241.5,A,8,53.5,56.0,6.9,13:30:00,13:36:54,62.9
FARM101535,Farmer_1535,PC005,Bengaluru Rural,2026-02-02,14:33:00,14,0,0,42,40,42,6,Sugarcane,237.8,B,9,90.8,94.2,16.0,16:07:12,16:23:12,110.2
FARM100982,Farmer_0982,PC001,Mysuru Central,2026-01-05,12:44:00,12,0,1,8,7,10,4,Cotton,304.6,A,3,38.6,37.6,16.7,13:21:36,13:38:18,54.3
FARM100198,Farmer_0198,PC003,Hassan Market,2026-01-19,15:45:00,15,0,0,33,29,35,4,Ragi,161.5,C,4,84.2,89.6,13.4,17:14:36,17:28:00,103.0
FARM101634,Farmer_1634,PC001,Mysuru Central,2026-03-19,16:03:00,16,3,0,40,36,37,2,Groundnut,252.6,A,4,194.6,180.0,13.7,19:03:00,19:16:42,193.7
FARM100884,Farmer_0884,PC004,Tumakuru Main,2026-02-01,08:02:00,8,6,0,36,32,33,3,Groundnut,313.3,B,7,154.0,168.7,15.2,10:50:42,11:05:54,183.9
FARM100280,Farmer_0280,PC005,Bengaluru Rural,2026-02-25,09:17:00,9,2,0,32,29,36,5,Ragi,194.6,A,2,46.7,48.8,9.6,10:05:48,10:15:24,58.4
FARM100294,Farmer_0294,PC003,Hassan Market,2026-03-04,11:08:00,11,2,1,16,12,13,5,Wheat,399.6,A,10,31.6,30.4,9.8,11:38:24,11:48:12,40.2
FARM101824,Farmer_1824,PC004,Tumakuru Main,2026-01-24,09:48:00,9,5,0,26,21,28,3,Maize,202.1,C,8,93.5,87.5,11.8,11:15:30,11:27:18,99.3
FARM100401,Farmer_0401,PC002,Mandya North,2026-04-12,15:19:00,15,6,0,24,21,27,1,Wheat,288.2,A,2,186.8,180.0,8.4,18:19:00,18:27:24,188.4
FARM100123,Farmer_0123,PC005,Bengaluru Rural,2026-04-06,10:32:00,10,0,1,21,17,19,5,Tur Dal,442.1,C,5,32.2,35.1,11.4,11:07:06,11:18:30,46.5
FARM101208,Farmer_1208,PC005,Bengaluru Rural,2026-01-13,10:18:00,10,1,1,6,1,6,5,Ragi,240.0,C,9,10.1,10.6,11.0,10:28:36,10:39:36,21.6
FARM100203,Farmer_0203,PC001,Mysuru Central,2026-03-24,09:52:00,9,1,0,39,38,39,3,Cotton,106.2,B,4,193.1,180.0,14.0,12:52:00,13:06:00,194.0
FARM101463,Farmer_1463,PC005,Bengaluru Rural,2026-04-30,13:57:00,13,3,1,37,32,37,5,Tur Dal,324.6,A,8,86.0,81.3,13.3,15:18:18,15:31:36,94.6
FARM100836,Farmer_0836,PC004,Tumakuru Main,2026-02-18,15:31:00,15,2,0,6,3,10,4,Sugarcane,423.8,C,10,12.3,12.2,18.6,15:43:12,16:01:48,30.8
FARM100247,Farmer_0247,PC004,Tumakuru Main,2026-01-30,14:12:00,14,4,0,21,17,20,3,Tur Dal,322.3,A,1,78.0,74.2,12.7,15:26:12,15:38:54,86.9
FARM101440,Farmer_1440,PC004,Tumakuru Main,2026-01-14,08:44:00,8,2,0,49,45,49,3,Wheat,257.2,A,7,187.0,171.4,10.5,11:35:24,11:45:54,181.9
FARM101754,Farmer_1754,PC004,Tumakuru Main,2026-04-22,16:26:00,16,2,0,36,32,36,3,Cotton,327.0,C,3,173.2,177.4,15.9,19:23:24,19:39:18,193.3
FARM101902,Farmer_1902,PC002,Mandya North,2026-02-15,12:17:00,12,6,1,7,3,8,2,Wheat,316.8,B,5,20.5,21.9,10.4,12:38:54,12:49:18,32.3
FARM101708,Farmer_1708,PC002,Mandya North,2026-02-18,15:13:00,15,2,0,3,0,3,2,Wheat,386.2,B,6,1.0,1.0,11.3,15:14:00,15:25:18,12.3
FARM101881,Farmer_1881,PC005,Bengaluru Rural,2026-01-26,08:25:00,8,0,0,47,43,49,4,Groundnut,402.1,A,2,135.8,128.0,13.4,10:33:00,10:46:24,141.4
FARM101154,Farmer_1154,PC001,Mysuru Central,2026-04-20,15:37:00,15,0,0,39,38,44,3,Groundnut,543.5,C,8,182.0,180.0,15.9,18:37:00,18:52:54,195.9
FARM101662,Farmer_1662,PC001,Mysuru Central,2026-03-10,10:56:00,10,1,1,21,18,19,3,Cotton,521.8,B,9,94.4,93.8,15.6,12:29:48,12:45:24,109.4
FARM101427,Farmer_1427,PC003,Hassan Market,2026-01-14,15:16:00,15,2,0,28,27,28,3,Tur Dal,258.5,A,6,67.5,63.1,8.5,16:19:06,16:27:36,71.6
FARM100385,Farmer_0385,PC001,Mysuru Central,2026-04-16,14:54:00,14,3,0,28,25,30,2,Tur Dal,271.1,B,5,140.1,135.7,11.4,17:09:42,17:21:06,147.1
FARM101759,Farmer_1759,PC005,Bengaluru Rural,2026-01-03,14:19:00,14,5,0,30,25,30,6,Tur Dal,339.6,A,7,40.6,43.9,10.6,15:02:54,15:13:30,54.5
FARM100855,Farmer_0855,PC003,Hassan Market,2026-02-11,11:13:00,11,2,1,28,27,32,5,Wheat,228.9,C,8,55.0,54.5,9.8,12:07:30,12:17:18,64.3
FARM101590,Farmer_1590,PC003,Hassan Market,2026-04-25,08:50:00,8,5,0,10,9,10,4,Sugarcane,609.5,C,2,48.7,53.9,25.3,09:43:54,10:09:12,79.2
FARM100220,Farmer_0220,PC004,Tumakuru Main,2026-03-05,08:02:00,8,3,0,47,44,47,4,Cotton,303.9,A,4,153.8,161.9,13.8,10:43:54,10:57:42,175.7
FARM100642,Farmer_0642,PC005,Bengaluru Rural,2026-01-14,15:42:00,15,2,0,25,21,28,5,Rice,400.9,B,2,48.9,52.4,13.8,16:34:24,16:48:12,66.2
FARM100002,Farmer_0002,PC002,Mandya North,2026-04-04,13:24:00,13,5,1,41,37,40,2,Ragi,185.5,A,6,180.3,164.8,7.8,16:08:48,16:16:36,172.6
FARM100113,Farmer_0113,PC005,Bengaluru Rural,2026-01-26,15:33:00,15,0,0,39,34,40,5,Cotton,188.0,A,10,85.5,78.8,12.4,16:51:48,17:04:12,91.2
FARM100699,Farmer_0699,PC004,Tumakuru Main,2026-04-29,08:29:00,8,2,0,39,34,40,2,Groundnut,153.1,A,7,186.2,175.0,9.7,11:24:00,11:33:42,184.7
FARM101916,Farmer_1916,PC001,Mysuru Central,2026-02-22,15:07:00,15,6,0,8,6,7,4,Wheat,554.6,A,10,13.5,14.1,10.2,15:21:06,15:31:18,24.3
FARM100952,Farmer_0952,PC004,Tumakuru Main,2026-02-21,15:35:00,15,5,0,31,29,33,3,Maize,273.1,B,6,150.1,149.6,14.3,18:04:36,18:18:54,163.9
FARM101649,Farmer_1649,PC002,Mandya North,2026-02-11,11:35:00,11,2,1,27,22,23,2,Maize,417.7,A,10,163.3,164.3,13.5,14:19:18,14:32:48,177.8
FARM101637,Farmer_1637,PC005,Bengaluru Rural,2026-03-23,13:12:00,13,0,1,9,7,8,5,Ragi,295.6,C,2,18.7,20.7,14.3,13:32:42,13:47:00,35.0
FARM101886,Farmer_1886,PC003,Hassan Market,2026-01-05,16:38:00,16,0,0,35,30,36,4,Maize,156.7,A,5,98.0,89.3,11.7,18:07:18,18:19:00,101.0
FARM101411,Farmer_1411,PC001,Mysuru Central,2026-03-01,08:35:00,8,6,0,21,19,26,3,Wheat,423.2,A,1,87.5,94.9,14.5,10:09:54,10:24:24,109.4
FARM101410,Farmer_1410,PC005,Bengaluru Rural,2026-02-20,08:29:00,8,4,0,50,45,50,5,Sugarcane,455.9,A,5,115.8,124.8,16.3,10:33:48,10:50:06,141.1
FARM101534,Farmer_1534,PC004,Tumakuru Main,2026-02-27,15:59:00,15,4,0,12,11,14,2,Rice,286.4,A,6,61.5,60.5,11.1,16:59:30,17:10:36,71.6
FARM101292,Farmer_1292,PC001,Mysuru Central,2026-02-11,15:05:00,15,2,0,23,19,22,2,Groundnut,130.2,A,5,99.4,92.4,9.6,16:37:24,16:47:00,102.0
FARM101809,Farmer_1809,PC004,Tumakuru Main,2026-04-07,15:35:00,15,1,0,20,17,24,4,Sugarcane,278.2,C,5,86.1,79.5,17.1,16:54:30,17:11:36,96.6
FARM100442,Farmer_0442,PC004,Tumakuru Main,2026-01-27,12:51:00,12,1,1,8,7,8,4,Maize,310.3,C,9,32.9,30.3,14.3,13:21:18,13:35:36,44.6
FARM101521,Farmer_1521,PC002,Mandya North,2026-01-22,09:06:00,9,3,0,42,41,44,1,Cotton,338.7,B,6,183.8,180.0,14.1,12:06:00,12:20:06,194.1
FARM101137,Farmer_1137,PC003,Hassan Market,2026-01-30,09:44:00,9,4,0,21,16,21,4,Ragi,364.1,B,3,47.9,53.0,14.3,10:37:00,10:51:18,67.3
FARM101716,Farmer_1716,PC005,Bengaluru Rural,2026-02-06,08:16:00,8,4,0,26,23,27,5,Tur Dal,465.8,B,9,66.7,68.2,17.1,09:24:12,09:41:18,85.3
FARM101257,Farmer_1257,PC004,Tumakuru Main,2026-04-16,09:03:00,9,3,0,46,45,51,3,Sugarcane,324.3,B,3,184.1,180.0,17.8,12:03:00,12:20:48,197.8
FARM101864,Farmer_1864,PC003,Hassan Market,2026-02-21,13:10:00,13,5,1,7,3,4,5,Ragi,161.5,A,10,3.4,3.2,10.0,13:13:12,13:23:12,13.2
FARM101632,Farmer_1632,PC001,Mysuru Central,2026-02-22,15:31:00,15,6,0,8,3,10,3,Cotton,300.2,B,2,17.1,16.8,15.6,15:47:48,16:03:24,32.4
FARM101696,Farmer_1696,PC004,Tumakuru Main,2026-02-04,10:29:00,10,2,1,37,35,42,4,Sugarcane,539.1,A,5,169.0,173.5,17.7,13:22:30,13:40:12,191.2
FARM101398,Farmer_1398,PC005,Bengaluru Rural,2026-01-13,14:07:00,14,1,0,33,31,32,4,Maize,193.0,B,10,58.4,57.3,8.2,15:04:18,15:12:30,65.5
FARM100664,Farmer_0664,PC005,Bengaluru Rural,2026-04-06,16:36:00,16,0,0,22,18,23,5,Ragi,256.9,A,3,25.6,25.9,8.7,17:01:54,17:10:36,34.6
FARM101836,Farmer_1836,PC003,Hassan Market,2026-01-20,11:17:00,11,1,1,27,25,27,3,Rice,358.6,B,10,88.7,88.8,10.4,12:45:48,12:56:12,99.2
FARM101258,Farmer_1258,PC005,Bengaluru Rural,2026-03-24,14:44:00,14,1,0,4,1,7,5,Groundnut,253.5,B,4,3.9,3.9,13.4,14:47:54,15:01:18,17.3
FARM101774,Farmer_1774,PC003,Hassan Market,2026-02-13,12:41:00,12,4,1,26,21,25,5,Cotton,354.6,B,1,84.3,82.6,18.4,14:03:36,14:22:00,101.0
FARM101701,Farmer_1701,PC005,Bengaluru Rural,2026-01-09,08:28:00,8,4,0,39,35,38,5,Groundnut,235.7,A,3,73.9,71.5,11.5,09:39:30,09:51:00,83.0
FARM100318,Farmer_0318,PC002,Mandya North,2026-02-10,09:20:00,9,1,0,9,5,12,3,Ragi,314.0,C,4,18.5,19.2,11.6,09:39:12,09:50:48,30.8
FARM100649,Farmer_0649,PC003,Hassan Market,2026-01-03,08:30:00,8,5,0,29,26,27,4,Cotton,176.9,A,10,53.0,51.9,7.7,09:21:54,09:29:36,59.6
FARM101435,Farmer_1435,PC004,Tumakuru Main,2026-01-16,14:06:00,14,4,0,41,39,42,3,Rice,373.4,A,6,151.9,147.2,10.9,16:33:12,16:44:06,158.1
FARM101480,Farmer_1480,PC002,Mandya North,2026-03-19,16:14:00,16,3,0,18,13,20,1,Tur Dal,440.7,C,8,165.7,180.0,15.0,19:14:00,19:29:00,195.0
FARM100710,Farmer_0710,PC005,Bengaluru Rural,2026-03-26,13:54:00,13,3,1,17,13,18,6,Maize,324.5,C,4,39.5,38.7,14.4,14:32:42,14:47:06,53.1
FARM101383,Farmer_1383,PC005,Bengaluru Rural,2026-01-11,14:06:00,14,6,0,43,40,42,6,Groundnut,427.2,C,10,96.1,95.6,16.8,15:41:36,15:58:24,112.4
FARM101283,Farmer_1283,PC004,Tumakuru Main,2026-01-05,08:10:00,8,0,0,36,35,39,3,Tur Dal,462.5,B,5,145.5,142.3,11.5,10:32:18,10:43:48,153.8
FARM100973,Farmer_0973,PC003,Hassan Market,2026-02-25,08:46:00,8,2,0,16,15,21,4,Groundnut,331.0,A,8,48.6,45.2,13.3,09:31:12,09:44:30,58.5
FARM100628,Farmer_0628,PC003,Hassan Market,2026-02-07,12:23:00,12,5,1,42,41,42,5,Sugarcane,394.3,C,9,143.6,148.9,19.3,14:51:54,15:11:12,168.2
FARM100633,Farmer_0633,PC004,Tumakuru Main,2026-03-16,10:18:00,10,0,1,29,26,33,2,Groundnut,326.3,C,1,188.3,180.0,16.9,13:18:00,13:34:54,196.9
FARM101307,Farmer_1307,PC002,Mandya North,2026-02-02,09:34:00,9,0,0,13,10,13,1,Maize,117.4,C,6,124.3,136.3,12.3,11:50:18,12:02:36,148.6
FARM101401,Farmer_1401,PC004,Tumakuru Main,2026-03-30,16:30:00,16,0,0,27,23,29,3,Ragi,419.6,A,8,99.6,99.2,11.8,18:09:12,18:21:00,111.0
FARM101409,Farmer_1409,PC005,Bengaluru Rural,2026-02-22,08:24:00,8,6,0,32,29,34,6,Groundnut,253.1,C,6,69.3,63.4,15.0,09:27:24,09:42:24,78.4
FARM101249,Farmer_1249,PC001,Mysuru Central,2026-04-20,11:04:00,11,0,1,26,24,30,3,Ragi,436.7,C,7,120.4,116.7,13.5,13:00:42,13:14:12,130.2
FARM101953,Farmer_1953,PC003,Hassan Market,2026-01-31,16:33:00,16,5,0,27,25,26,4,Sugarcane,294.2,C,7,111.1,106.8,17.0,18:19:48,18:36:48,123.8
FARM101255,Farmer_1255,PC005,Bengaluru Rural,2026-02-07,10:18:00,10,5,1,30,26,27,4,Cotton,208.5,C,6,81.0,88.1,13.7,11:46:06,11:59:48,101.8
FARM101497,Farmer_1497,PC005,Bengaluru Rural,2026-04-28,14:06:00,14,1,0,37,34,38,5,Groundnut,355.1,B,10,90.1,84.4,14.4,15:30:24,15:44:48,98.8
FARM101372,Farmer_1372,PC004,Tumakuru Main,2026-04-24,16:57:00,16,4,0,32,29,36,4,Groundnut,304.0,C,5,102.6,111.8,14.3,18:48:48,19:03:06,126.1
FARM101530,Farmer_1530,PC004,Tumakuru Main,2026-04-17,12:13:00,12,4,1,48,44,49,4,Cotton,402.6,B,7,163.4,180.0,18.6,15:13:00,15:31:36,198.6
FARM101664,Farmer_1664,PC005,Bengaluru Rural,2026-03-04,12:51:00,12,2,1,31,26,27,6,Sugarcane,332.6,A,1,61.0,67.1,15.9,13:58:06,14:14:00,83.0
FARM101355,Farmer_1355,PC001,Mysuru Central,2026-02-19,12:01:00,12,3,1,5,0,7,4,Wheat,322.7,A,10,7.7,7.8,7.4,12:08:48,12:16:12,15.2
FARM101926,Farmer_1926,PC005,Bengaluru Rural,2026-04-13,14:32:00,14,0,0,13,9,15,5,Maize,304.2,A,5,19.6,21.4,14.1,14:53:24,15:07:30,35.5
FARM101901,Farmer_1901,PC002,Mandya North,2026-01-04,10:40:00,10,6,1,47,44,48,2,Sugarcane,177.6,C,2,169.8,180.0,16.7,13:40:00,13:56:42,196.7
FARM101644,Farmer_1644,PC001,Mysuru Central,2026-02-09,08:34:00,8,0,0,41,38,39,3,Sugarcane,271.7,C,8,183.2,180.0,18.0,11:34:00,11:52:00,198.0
FARM101849,Farmer_1849,PC005,Bengaluru Rural,2026-01-03,11:02:00,11,5,1,41,38,40,5,Sugarcane,254.1,C,10,126.2,124.2,17.1,13:06:12,13:23:18,141.3
FARM100796,Farmer_0796,PC002,Mandya North,2026-02-26,09:32:00,9,3,0,46,44,50,2,Ragi,40.0,A,1,196.0,180.0,10.3,12:32:00,12:42:18,190.3
FARM100646,Farmer_0646,PC003,Hassan Market,2026-03-12,16:34:00,16,3,0,45,43,46,4,Rice,108.2,A,2,85.5,86.2,8.4,18:00:12,18:08:36,94.6
FARM101013,Farmer_1013,PC004,Tumakuru Main,2026-02-12,14:50:00,14,3,0,42,39,41,4,Groundnut,60.5,A,2,121.1,133.2,13.3,17:03:12,17:16:30,146.5
FARM101840,Farmer_1840,PC004,Tumakuru Main,2026-03-25,08:15:00,8,2,0,20,18,21,3,Cotton,169.3,B,6,75.9,70.2,11.6,09:25:12,09:36:48,81.8
FARM100557,Farmer_0557,PC001,Mysuru Central,2026-03-02,15:18:00,15,0,0,45,40,42,4,Wheat,42.9,B,7,108.0,108.7,10.7,17:06:42,17:17:24,119.4
FARM100682,Farmer_0682,PC004,Tumakuru Main,2026-03-05,16:07:00,16,3,0,14,12,17,3,Rice,154.8,C,8,54.0,52.3,11.6,16:59:18,17:10:54,63.9
FARM100578,Farmer_0578,PC005,Bengaluru Rural,2026-01-13,12:35:00,12,1,1,32,30,34,4,Tur Dal,68.0,A,9,48.1,48.3,6.6,13:23:18,13:29:54,54.9
FARM101110,Farmer_1110,PC002,Mandya North,2026-02-23,16:38:00,16,0,0,16,13,17,2,Cotton,40.0,C,6,82.9,84.1,12.0,18:02:06,18:14:06,96.1
FARM101267,Farmer_1267,PC002,Mandya North,2026-02-11,15:15:00,15,2,0,28,25,32,2,Maize,318.5,B,2,168.0,178.1,12.9,18:13:06,18:26:00,191.0
FARM101723,Farmer_1723,PC002,Mandya North,2026-04-30,11:41:00,11,3,1,49,45,52,1,Cotton,216.1,B,7,182.7,180.0,12.0,14:41:00,14:53:00,192.0
FARM101184,Farmer_1184,PC001,Mysuru Central,2026-01-17,08:33:00,8,5,0,12,10,13,4,Wheat,380.3,A,2,32.8,35.7,12.9,09:08:42,09:21:36,48.6
FARM100525,Farmer_0525,PC005,Bengaluru Rural,2026-02-09,16:52:00,16,0,0,15,14,15,5,Groundnut,174.7,A,6,32.0,31.9,12.3,17:23:54,17:36:12,44.2
FARM101060,Farmer_1060,PC004,Tumakuru Main,2026-04-05,10:41:00,10,6,1,39,35,37,3,Ragi,83.5,B,5,119.7,131.6,10.2,12:52:36,13:02:48,141.8
FARM100541,Farmer_0541,PC001,Mysuru Central,2026-04-10,09:12:00,9,4,0,26,21,22,3,Maize,313.8,B,6,76.5,82.5,12.1,10:34:30,10:46:36,94.6
FARM101195,Farmer_1195,PC002,Mandya North,2026-04-30,08:54:00,8,3,0,35,31,38,2,Rice,333.0,C,8,163.5,180.0,14.0,11:54:00,12:08:00,194.0
FARM101679,Farmer_1679,PC003,Hassan Market,2026-03-13,10:02:00,10,4,1,41,37,44,5,Maize,243.4,C,2,110.4,109.5,15.7,11:51:30,12:07:12,125.2
FARM100749,Farmer_0749,PC002,Mandya North,2026-01-25,09:11:00,9,6,0,32,30,34,2,Rice,335.5,B,4,178.4,180.0,12.6,12:11:00,12:23:36,192.6
FARM101852,Farmer_1852,PC001,Mysuru Central,2026-02-19,12:08:00,12,3,1,5,1,7,2,Sugarcane,240.7,A,8,11.3,11.3,16.1,12:19:18,12:35:24,27.4
FARM101431,Farmer_1431,PC004,Tumakuru Main,2026-01-26,09:31:00,9,0,0,38,36,37,3,Cotton,273.8,A,1,180.5,180.0,14.8,12:31:00,12:45:48,194.8
FARM100485,Farmer_0485,PC003,Hassan Market,2026-01-09,10:53:00,10,4,1,21,20,24,5,Cotton,237.5,B,1,52.8,55.1,13.0,11:48:06,12:01:06,68.1
FARM101758,Farmer_1758,PC005,Bengaluru Rural,2026-01-18,08:22:00,8,6,0,39,38,40,6,Ragi,87.1,C,1,59.0,55.5,10.5,09:17:30,09:28:00,66.0
FARM100096,Farmer_0096,PC001,Mysuru Central,2026-02-24,15:08:00,15,1,0,39,38,41,3,Wheat,258.3,B,2,133.0,129.9,10.2,17:17:54,17:28:06,140.1
FARM101021,Farmer_1021,PC002,Mandya North,2026-03-22,14:36:00,14,6,0,9,4,11,2,Sugarcane,188.7,A,6,40.8,39.7,16.7,15:15:42,15:32:24,56.4
FARM100564,Farmer_0564,PC003,Hassan Market,2026-04-19,13:45:00,13,6,1,11,9,10,4,Maize,368.8,A,5,38.1,38.0,14.1,14:23:00,14:37:06,52.1
FARM101265,Farmer_1265,PC003,Hassan Market,2026-03-19,16:44:00,16,3,0,31,27,29,4,Wheat,273.6,A,9,41.4,43.3,6.9,17:27:18,17:34:12,50.2
FARM100743,Farmer_0743,PC003,Hassan Market,2026-01-17,10:26:00,10,5,1,28,27,34,4,Tur Dal,316.5,B,6,98.1,95.3,14.7,12:01:18,12:16:00,110.0
FARM100864,Farmer_0864,PC005,Bengaluru Rural,2026-03-02,15:38:00,15,0,0,16,15,18,5,Maize,336.4,B,4,25.6,27.4,8.8,16:05:24,16:14:12,36.2
FARM101599,Farmer_1599,PC002,Mandya North,2026-02-07,14:24:00,14,5,0,38,33,34,3,Ragi,288.5,B,1,125.0,121.3,9.8,16:25:18,16:35:06,131.1
FARM101715,Farmer_1715,PC002,Mandya North,2026-03-28,13:43:00,13,5,1,34,29,34,2,Rice,264.2,C,6,171.9,180.0,13.2,16:43:00,16:56:12,193.2
FARM101485,Farmer_1485,PC003,Hassan Market,2026-02-07,08:50:00,8,5,0,40,38,40,3,Cotton,229.0,B,9,149.7,157.1,13.4,11:27:06,11:40:30,170.5
FARM100892,Farmer_0892,PC001,Mysuru Central,2026-03-16,13:32:00,13,0,1,49,45,49,3,Sugarcane,448.0,B,4,170.1,180.0,18.6,16:32:00,16:50:36,198.6
FARM101578,Farmer_1578,PC003,Hassan Market,2026-03-14,14:46:00,14,5,0,22,17,19,4,Ragi,340.7,A,7,37.5,39.1,9.7,15:25:06,15:34:48,48.8
FARM101039,Farmer_1039,PC003,Hassan Market,2026-02-16,12:03:00,12,0,1,16,14,19,5,Rice,399.7,C,10,41.6,40.7,13.3,12:43:42,12:57:00,54.0
FARM100207,Farmer_0207,PC001,Mysuru Central,2026-01-29,11:09:00,11,3,1,31,26,29,2,Rice,289.3,A,2,166.0,170.8,12.3,13:59:48,14:12:06,183.1
FARM100393,Farmer_0393,PC003,Hassan Market,2026-03-02,09:05:00,9,0,0,2,0,2,4,Ragi,299.9,C,2,1.0,1.0,14.4,09:06:00,09:20:24,15.4
FARM100795,Farmer_0795,PC002,Mandya North,2026-04-01,12:39:00,12,2,1,30,28,30,2,Rice,330.7,A,7,123.2,123.2,7.7,14:42:12,14:49:54,130.9
FARM100871,Farmer_0871,PC001,Mysuru Central,2026-01-27,10:06:00,10,1,1,34,29,30,3,Cotton,341.5,C,4,165.9,159.1,16.0,12:45:06,13:01:06,175.1
FARM100398,Farmer_0398,PC002,Mandya North,2026-04-27,14:02:00,14,0,0,11,9,16,2,Wheat,473.6,C,5,65.5,59.7,12.8,15:01:42,15:14:30,72.5
FARM100767,Farmer_0767,PC005,Bengaluru Rural,2026-04-13,11:35:00,11,0,1,4,1,2,4,Cotton,239.5,B,9,2.9,3.2,13.3,11:38:12,11:51:30,16.5
FARM101842,Farmer_1842,PC003,Hassan Market,2026-02-07,09:03:00,9,5,0,23,19,26,5,Groundnut,359.2,C,8,66.6,61.1,15.1,10:04:06,10:19:12,76.2
FARM101242,Farmer_1242,PC005,Bengaluru Rural,2026-04-18,11:50:00,11,5,1,47,42,46,5,Rice,363.9,B,5,95.7,97.2,12.5,13:27:12,13:39:42,109.7
FARM101029,Farmer_1029,PC004,Tumakuru Main,2026-01-31,16:22:00,16,5,0,40,37,44,4,Cotton,397.3,A,4,136.5,139.1,14.6,18:41:06,18:55:42,153.7
FARM101793,Farmer_1793,PC005,Bengaluru Rural,2026-03-14,11:19:00,11,5,1,32,31,38,6,Maize,87.1,B,5,40.1,36.6,6.5,11:55:36,12:02:06,43.1
FARM100643,Farmer_0643,PC002,Mandya North,2026-03-13,16:55:00,16,4,0,43,42,43,3,Cotton,173.8,B,7,195.0,180.0,12.8,19:55:00,20:07:48,192.8
FARM101892,Farmer_1892,PC005,Bengaluru Rural,2026-02-13,09:49:00,9,4,0,13,8,9,5,Groundnut,267.2,A,3,21.4,20.8,15.2,10:09:48,10:25:00,36.0
FARM100613,Farmer_0613,PC005,Bengaluru Rural,2026-01-25,16:37:00,16,6,0,34,33,37,5,Wheat,349.3,C,2,80.3,77.6,13.8,17:54:36,18:08:24,91.4
FARM101763,Farmer_1763,PC005,Bengaluru Rural,2026-03-23,10:23:00,10,0,1,47,42,43,4,Wheat,185.6,A,2,107.6,105.3,10.0,12:08:18,12:18:18,115.3
FARM100961,Farmer_0961,PC001,Mysuru Central,2026-02-13,08:23:00,8,4,0,37,33,38,3,Sugarcane,356.6,A,3,181.8,180.0,17.7,11:23:00,11:40:42,197.7
FARM101571,Farmer_1571,PC001,Mysuru Central,2026-03-18,12:08:00,12,2,1,28,23,27,3,Rice,313.2,B,3,85.7,87.3,11.0,13:35:18,13:46:18,98.3
FARM100726,Farmer_0726,PC003,Hassan Market,2026-01-14,11:21:00,11,2,1,23,20,24,3,Sugarcane,218.5,A,6,81.7,87.5,13.7,12:48:30,13:02:12,101.2
FARM100684,Farmer_0684,PC002,Mandya North,2026-04-06,16:23:00,16,0,0,31,30,31,2,Tur Dal,152.7,B,7,176.8,180.0,11.9,19:23:00,19:34:54,191.9
FARM100099,Farmer_0099,PC001,Mysuru Central,2026-02-20,09:03:00,9,4,0,21,16,22,3,Groundnut,357.1,B,7,72.1,72.2,12.7,10:15:12,10:27:54,84.9
FARM100805,Farmer_0805,PC005,Bengaluru Rural,2026-03-10,11:00:00,11,1,1,38,36,43,5,Cotton,219.6,C,6,87.1,93.2,14.2,12:33:12,12:47:24,107.4
FARM101752,Farmer_1752,PC002,Mandya North,2026-03-11,09:09:00,9,2,0,42,38,44,1,Rice,226.9,C,7,190.6,180.0,12.3,12:09:00,12:21:18,192.3
FARM101598,Farmer_1598,PC002,Mandya North,2026-01-05,08:35:00,8,0,0,30,29,34,2,Tur Dal,222.5,A,4,189.1,180.0,11.9,11:35:00,11:46:54,191.9
FARM100407,Farmer_0407,PC003,Hassan Market,2026-04-28,16:26:00,16,1,0,37,35,37,4,Tur Dal,260.2,B,9,119.8,110.9,13.5,18:16:54,18:30:24,124.4
FARM100503,Farmer_0503,PC005,Bengaluru Rural,2026-03-03,15:04:00,15,1,0,33,29,33,5,Cotton,322.1,C,7,90.4,84.6,16.8,16:28:36,16:45:24,101.4
FARM101072,Farmer_1072,PC002,Mandya North,2026-03-07,11:53:00,11,5,1,7,4,8,2,Cotton,150.5,A,8,24.6,26.1,10.7,12:19:06,12:29:48,36.8
FARM101057,Farmer_1057,PC001,Mysuru Central,2026-03-28,13:03:00,13,5,1,28,23,28,3,Ragi,286.9,A,4,118.5,109.4,12.9,14:52:24,15:05:18,122.3
FARM100930,Farmer_0930,PC003,Hassan Market,2026-01-06,10:14:00,10,1,1,14,12,19,5,Sugarcane,359.7,C,7,45.6,48.7,19.6,11:02:42,11:22:18,68.3
FARM100780,Farmer_0780,PC005,Bengaluru Rural,2026-01-27,13:05:00,13,1,1,20,18,22,5,Sugarcane,333.5,B,4,79.0,75.1,19.7,14:20:06,14:39:48,94.8
FARM100201,Farmer_0201,PC002,Mandya North,2026-02-16,08:10:00,8,0,0,39,35,36,2,Wheat,346.9,A,2,139.1,151.8,8.2,10:41:48,10:50:00,160.0
FARM100135,Farmer_0135,PC005,Bengaluru Rural,2026-02-14,16:14:00,16,5,0,28,24,30,5,Rice,424.3,C,7,51.4,48.6,11.1,17:02:36,17:13:42,59.7
FARM101052,Farmer_1052,PC004,Tumakuru Main,2026-02-28,08:06:00,8,5,0,22,21,28,4,Tur Dal,304.9,A,7,61.1,63.2,11.5,09:09:12,09:20:42,74.7
FARM100041,Farmer_0041,PC003,Hassan Market,2026-03-11,12:41:00,12,2,1,14,11,18,4,Ragi,322.2,C,5,37.7,39.2,13.5,13:20:12,13:33:42,52.7
FARM101018,Farmer_1018,PC002,Mandya North,2026-01-25,12:26:00,12,6,1,19,15,16,3,Sugarcane,189.8,B,1,88.1,87.6,15.8,13:53:36,14:09:24,103.4
FARM100231,Farmer_0231,PC004,Tumakuru Main,2026-01-28,10:50:00,10,2,1,34,31,34,3,Tur Dal,409.7,B,2,147.7,144.4,13.0,13:14:24,13:27:24,157.4
FARM101514,Farmer_1514,PC003,Hassan Market,2026-04-06,13:36:00,13,0,1,20,19,25,4,Groundnut,300.3,C,10,64.9,69.3,13.8,14:45:18,14:59:06,83.1
FARM101797,Farmer_1797,PC002,Mandya North,2026-01-08,13:59:00,13,3,1,48,43,46,3,Sugarcane,464.7,C,8,194.7,180.0,19.1,16:59:00,17:18:06,199.1
FARM100379,Farmer_0379,PC001,Mysuru Central,2026-01-20,16:35:00,16,1,0,14,9,11,2,Ragi,323.3,C,8,61.9,57.9,13.5,17:32:54,17:46:24,71.4
FARM100289,Farmer_0289,PC001,Mysuru Central,2026-04-24,12:16:00,12,4,1,33,31,33,2,Rice,460.9,A,2,191.6,180.0,12.7,15:16:00,15:28:42,192.7
FARM100419,Farmer_0419,PC001,Mysuru Central,2026-04-16,11:25:00,11,3,1,31,29,30,3,Sugarcane,244.6,B,1,177.2,169.4,17.0,14:14:24,14:31:24,186.4
FARM101699,Farmer_1699,PC005,Bengaluru Rural,2026-02-27,16:27:00,16,4,0,23,21,25,5,Sugarcane,364.7,A,6,47.0,49.8,14.7,17:16:48,17:31:30,64.5
FARM100392,Farmer_0392,PC003,Hassan Market,2026-04-22,15:24:00,15,2,0,37,33,38,3,Cotton,123.6,C,7,114.8,115.2,11.8,17:19:12,17:31:00,127.0
FARM100593,Farmer_0593,PC003,Hassan Market,2026-03-27,12:24:00,12,4,1,17,15,18,3,Rice,370.1,B,2,70.4,73.0,15.0,13:37:00,13:52:00,88.0
FARM101523,Farmer_1523,PC001,Mysuru Central,2026-03-27,13:24:00,13,4,1,41,38,43,4,Rice,227.7,C,9,98.5,106.0,10.3,15:10:00,15:20:18,116.3
FARM101163,Farmer_1163,PC001,Mysuru Central,2026-02-19,13:37:00,13,3,1,10,7,9,3,Maize,121.2,B,9,35.0,35.0,9.8,14:12:00,14:21:48,44.8
FARM101087,Farmer_1087,PC005,Bengaluru Rural,2026-02-25,08:40:00,8,2,0,36,32,33,6,Tur Dal,470.4,B,8,62.4,67.0,14.5,09:47:00,10:01:30,81.5
FARM101496,Farmer_1496,PC005,Bengaluru Rural,2026-04-07,09:44:00,9,1,0,13,8,9,6,Tur Dal,269.8,B,9,21.8,20.9,12.5,10:04:54,10:17:24,33.4
FARM100648,Farmer_0648,PC002,Mandya North,2026-02-17,10:50:00,10,1,1,4,0,4,2,Wheat,315.6,A,10,12.7,12.3,8.0,11:02:18,11:10:18,20.3
FARM101153,Farmer_1153,PC002,Mandya North,2026-02-08,09:29:00,9,6,0,25,21,27,2,Tur Dal,518.7,A,1,140.9,151.3,13.7,12:00:18,12:14:00,165.0
FARM101368,Farmer_1368,PC001,Mysuru Central,2026-01-07,11:47:00,11,2,1,48,43,47,4,Cotton,307.3,C,8,175.7,172.2,15.1,14:39:12,14:54:18,187.3
FARM100521,Farmer_0521,PC003,Hassan Market,2026-04-09,12:44:00,12,3,1,33,32,38,5,Ragi,240.2,C,8,81.7,75.3,11.4,13:59:18,14:10:42,86.7
FARM101863,Farmer_1863,PC001,Mysuru Central,2026-03-14,16:41:00,16,5,0,15,12,14,3,Wheat,155.7,C,2,50.8,48.5,11.1,17:29:30,17:40:36,59.6
FARM100065,Farmer_0065,PC001,Mysuru Central,2026-01-01,08:30:00,8,3,0,16,12,19,3,Rice,355.4,A,6,33.6,32.4,9.8,09:02:24,09:12:12,42.2
FARM101837,Farmer_1837,PC003,Hassan Market,2026-02-22,15:47:00,15,6,0,33,31,33,4,Maize,351.5,C,4,99.2,108.1,15.2,17:35:06,17:50:18,123.3
FARM100015,Farmer_0015,PC004,Tumakuru Main,2026-04-20,16:13:00,16,0,0,15,10,15,2,Wheat,514.1,B,4,76.7,80.6,14.4,17:33:36,17:48:00,95.0
FARM101181,Farmer_1181,PC002,Mandya North,2026-02-27,16:36:00,16,4,0,23,18,22,1,Tur Dal,349.5,B,10,184.5,180.0,11.5,19:36:00,19:47:30,191.5
FARM101065,Farmer_1065,PC001,Mysuru Central,2026-04-12,14:31:00,14,6,0,4,1,3,3,Cotton,454.8,C,4,4.5,4.8,19.5,14:35:48,14:55:18,24.3
FARM100493,Farmer_0493,PC001,Mysuru Central,2026-02-04,09:07:00,9,2,0,31,26,27,4,Sugarcane,194.9,C,4,130.6,120.8,18.5,11:07:48,11:26:18,139.3
FARM100380,Farmer_0380,PC003,Hassan Market,2026-03-03,16:30:00,16,1,0,14,13,16,4,Wheat,466.2,A,6,30.0,30.4,10.6,17:00:24,17:11:00,41.0
FARM100188,Farmer_0188,PC002,Mandya North,2026-04-13,11:02:00,11,0,1,42,40,44,1,Maize,303.7,C,5,167.5,180.0,14.5,14:02:00,14:16:30,194.5
FARM100764,Farmer_0764,PC004,Tumakuru Main,2026-03-02,09:43:00,9,0,0,45,43,49,2,Rice,364.4,B,1,168.3,180.0,11.3,12:43:00,12:54:18,191.3
FARM100217,Farmer_0217,PC004,Tumakuru Main,2026-04-09,14:29:00,14,3,0,14,9,10,2,Sugarcane,364.6,C,5,83.4,81.1,17.7,15:50:06,16:07:48,98.8
FARM100792,Farmer_0792,PC003,Hassan Market,2026-03-29,12:02:00,12,6,1,47,42,47,4,Ragi,40.0,A,3,78.2,78.3,7.4,13:20:18,13:27:42,85.7
FARM101077,Farmer_1077,PC004,Tumakuru Main,2026-03-05,16:52:00,16,3,0,8,7,12,3,Tur Dal,193.6,B,7,28.3,26.8,12.1,17:18:48,17:30:54,38.9
FARM100879,Farmer_0879,PC001,Mysuru Central,2026-01-18,08:33:00,8,6,0,21,16,19,3,Cotton,110.8,B,8,58.6,60.8,11.3,09:33:48,09:45:06,72.1
FARM100338,Farmer_0338,PC004,Tumakuru Main,2026-01-05,11:52:00,11,0,1,7,6,12,3,Wheat,309.4,C,9,29.3,27.2,10.4,12:19:12,12:29:36,37.6
FARM101773,Farmer_1773,PC005,Bengaluru Rural,2026-02-27,16:47:00,16,4,0,20,15,21,6,Wheat,311.2,A,2,22.5,22.8,8.6,17:09:48,17:18:24,31.4
FARM100720,Farmer_0720,PC001,Mysuru Central,2026-04-22,08:46:00,8,2,0,44,43,48,3,Groundnut,112.5,C,7,164.9,180.0,13.9,11:46:00,11:59:54,193.9
FARM101749,Farmer_1749,PC005,Bengaluru Rural,2026-03-17,09:43:00,9,1,0,34,33,35,4,Rice,306.0,A,9,62.8,69.7,9.1,10:52:42,11:01:48,78.8
FARM100296,Farmer_0296,PC001,Mysuru Central,2026-04-30,09:32:00,9,3,0,25,23,30,3,Rice,333.7,B,3,79.1,81.7,10.0,10:53:42,11:03:42,91.7
FARM101726,Farmer_1726,PC004,Tumakuru Main,2026-03-28,11:09:00,11,5,1,35,32,37,3,Maize,365.9,A,4,135.5,137.2,11.6,13:26:12,13:37:48,148.8
FARM101017,Farmer_1017,PC002,Mandya North,2026-03-11,14:25:00,14,2,0,47,42,47,2,Ragi,299.0,A,2,175.6,180.0,12.4,17:25:00,17:37:24,192.4
FARM101276,Farmer_1276,PC002,Mandya North,2026-01-17,13:21:00,13,5,1,15,10,15,2,Wheat,371.7,C,1,79.2,79.9,13.9,14:40:54,14:54:48,93.8
FARM101751,Farmer_1751,PC005,Bengaluru Rural,2026-01-10,11:46:00,11,5,1,8,4,6,4,Cotton,279.3,B,6,17.6,18.8,14.1,12:04:48,12:18:54,32.9
FARM101486,Farmer_1486,PC003,Hassan Market,2026-04-16,10:36:00,10,3,1,9,7,12,4,Groundnut,183.2,B,3,21.8,23.4,12.7,10:59:24,11:12:06,36.1
FARM100456,Farmer_0456,PC001,Mysuru Central,2026-04-18,15:07:00,15,5,0,47,42,47,2,Ragi,196.3,B,9,170.6,163.4,7.7,17:50:24,17:58:06,171.1
FARM101997,Farmer_1997,PC004,Tumakuru Main,2026-02-10,08:21:00,8,1,0,6,1,2,3,Groundnut,283.9,A,5,5.3,5.5,12.5,08:26:30,08:39:00,18.0
FARM100816,Farmer_0816,PC002,Mandya North,2026-03-19,12:56:00,12,3,1,38,35,40,1,Cotton,235.0,B,8,172.8,180.0,13.5,15:56:00,16:09:30,193.5
FARM101887,Farmer_1887,PC001,Mysuru Central,2026-03-08,12:40:00,12,6,1,37,36,39,3,Wheat,337.1,C,7,108.2,109.8,9.1,14:29:48,14:38:54,118.9
FARM100270,Farmer_0270,PC002,Mandya North,2026-02-15,14:35:00,14,6,0,35,30,33,1,Ragi,266.9,A,2,173.9,180.0,10.2,17:35:00,17:45:12,190.2
FARM100996,Farmer_0996,PC005,Bengaluru Rural,2026-02-19,10:33:00,10,3,1,28,26,32,4,Ragi,323.6,C,9,77.4,73.4,11.8,11:46:24,11:58:12,85.2
FARM100202,Farmer_0202,PC003,Hassan Market,2026-02-05,10:23:00,10,3,1,47,45,46,4,Wheat,487.5,A,6,100.4,101.9,9.0,12:04:54,12:13:54,110.9
FARM100162,Farmer_0162,PC005,Bengaluru Rural,2026-02-10,13:43:00,13,1,1,42,39,46,5,Tur Dal,414.4,B,6,102.0,94.3,12.5,15:17:18,15:29:48,106.8
FARM101580,Farmer_1580,PC003,Hassan Market,2026-04-30,08:51:00,8,3,0,42,39,42,4,Ragi,89.1,A,10,87.1,82.0,9.2,10:13:00,10:22:12,91.2
FARM100730,Farmer_0730,PC004,Tumakuru Main,2026-02-17,15:24:00,15,1,0,44,43,47,2,Wheat,301.8,C,4,186.5,180.0,10.5,18:24:00,18:34:30,190.5
FARM100402,Farmer_0402,PC002,Mandya North,2026-01-21,09:58:00,9,2,0,11,10,12,2,Wheat,279.2,A,5,44.6,46.4,8.2,10:44:24,10:52:36,54.6
FARM100703,Farmer_0703,PC002,Mandya North,2026-02-15,16:34:00,16,6,0,44,42,49,2,Tur Dal,220.9,A,1,194.5,180.0,12.7,19:34:00,19:46:42,192.7
FARM101501,Farmer_1501,PC002,Mandya North,2026-02-26,09:26:00,9,3,0,47,43,50,2,Groundnut,181.9,B,7,179.5,180.0,12.5,12:26:00,12:38:30,192.5
FARM101846,Farmer_1846,PC002,Mandya North,2026-03-10,16:03:00,16,1,0,30,25,29,1,Cotton,211.1,B,2,194.6,180.0,14.5,19:03:00,19:17:30,194.5
FARM101796,Farmer_1796,PC002,Mandya North,2026-03-13,11:20:00,11,4,1,33,31,35,1,Cotton,250.6,C,8,173.4,180.0,13.5,14:20:00,14:33:30,193.5
FARM101130,Farmer_1130,PC005,Bengaluru Rural,2026-01-21,13:00:00,13,2,1,35,30,36,6,Wheat,330.3,C,3,69.1,62.9,12.8,14:02:54,14:15:42,75.7
FARM100566,Farmer_0566,PC004,Tumakuru Main,2026-01-23,10:09:00,10,4,1,44,42,49,3,Cotton,273.7,A,9,165.4,174.5,11.4,13:03:30,13:14:54,185.9
FARM101414,Farmer_1414,PC003,Hassan Market,2026-03-07,09:56:00,9,5,0,15,14,16,4,Tur Dal,160.0,C,4,42.5,43.6,12.6,10:39:36,10:52:12,56.2
FARM101022,Farmer_1022,PC004,Tumakuru Main,2026-01-26,10:54:00,10,0,1,7,2,6,4,Ragi,360.5,A,4,11.9,12.7,11.3,11:06:42,11:18:00,24.0
FARM101026,Farmer_1026,PC005,Bengaluru Rural,2026-04-18,15:44:00,15,5,0,19,16,21,5,Cotton,337.7,C,8,39.8,44.2,17.0,16:28:12,16:45:12,61.2
FARM101412,Farmer_1412,PC002,Mandya North,2026-02-06,16:08:00,16,4,0,25,23,27,2,Rice,258.4,B,7,156.1,146.6,11.9,18:34:36,18:46:30,158.5
FARM101896,Farmer_1896,PC001,Mysuru Central,2026-03-28,16:26:00,16,5,0,29,24,28,2,Maize,317.2,C,2,183.1,180.0,15.8,19:26:00,19:41:48,195.8
FARM101586,Farmer_1586,PC001,Mysuru Central,2026-04-29,10:48:00,10,2,1,9,5,12,3,Rice,472.0,B,7,29.2,29.1,14.2,11:17:06,11:31:18,43.3
FARM101105,Farmer_1105,PC002,Mandya North,2026-01-02,10:28:00,10,4,1,31,28,35,2,Cotton,141.5,A,7,187.8,177.9,11.3,13:25:54,13:37:12,189.2
FARM100206,Farmer_0206,PC002,Mandya North,2026-02-01,12:25:00,12,6,1,18,15,20,2,Maize,281.3,C,4,133.0,124.4,14.4,14:29:24,14:43:48,138.8
FARM100035,Farmer_0035,PC001,Mysuru Central,2026-02-24,14:49:00,14,1,0,21,19,20,3,Tur Dal,192.6,B,1,70.3,73.5,12.7,16:02:30,16:15:12,86.2
FARM100776,Farmer_0776,PC005,Bengaluru Rural,2026-02-27,15:51:00,15,4,0,19,17,22,6,Groundnut,204.6,A,3,29.4,29.2,12.3,16:20:12,16:32:30,41.5
FARM100509,Farmer_0509,PC005,Bengaluru Rural,2026-02-03,09:18:00,9,1,0,12,9,16,5,Ragi,79.9,C,4,16.9,15.5,9.2,09:33:30,09:42:42,24.7
FARM101452,Farmer_1452,PC003,Hassan Market,2026-01-18,12:57:00,12,6,1,23,20,25,4,Ragi,114.7,C,8,54.2,55.7,10.1,13:52:42,14:02:48,65.8
FARM101479,Farmer_1479,PC002,Mandya North,2026-03-29,13:03:00,13,6,1,27,24,28,2,Tur Dal,334.5,A,6,175.4,172.3,12.9,15:55:18,16:08:12,185.2
FARM101971,Farmer_1971,PC004,Tumakuru Main,2026-03-22,14:38:00,14,6,0,30,29,31,3,Sugarcane,268.3,C,2,165.9,167.6,16.2,17:25:36,17:41:48,183.8
FARM101391,Farmer_1391,PC003,Hassan Market,2026-02-06,08:23:00,8,4,0,28,24,27,3,Cotton,411.4,B,9,103.6,111.4,14.2,10:14:24,10:28:36,125.6
FARM100092,Farmer_0092,PC002,Mandya North,2026-04-20,16:44:00,16,0,0,13,9,16,3,Cotton,48.1,C,10,33.1,33.8,8.7,17:17:48,17:26:30,42.5
FARM101364,Farmer_1364,PC002,Mandya North,2026-03-28,08:20:00,8,5,0,50,45,48,2,Maize,348.3,B,8,186.7,180.0,10.9,11:20:00,11:30:54,190.9
FARM100898,Farmer_0898,PC001,Mysuru Central,2026-03-01,13:48:00,13,6,1,4,1,6,4,Groundnut,291.9,A,4,11.0,10.1,12.5,13:58:06,14:10:36,22.6
FARM100565,Farmer_0565,PC002,Mandya North,2026-01-11,10:16:00,10,6,1,22,19,26,3,Maize,176.4,C,6,98.6,91.4,12.9,11:47:24,12:00:18,104.3
FARM101370,Farmer_1370,PC005,Bengaluru Rural,2026-03-12,16:16:00,16,3,0,46,41,48,6,Groundnut,168.1,A,8,56.4,54.7,8.9,17:10:42,17:19:36,63.6
FARM100777,Farmer_0777,PC005,Bengaluru Rural,2026-03-10,10:38:00,10,1,1,45,43,50,6,Ragi,90.1,B,6,44.0,47.4,7.2,11:25:24,11:32:36,54.6
FARM100242,Farmer_0242,PC002,Mandya North,2026-01-29,14:42:00,14,3,0,25,24,29,2,Tur Dal,261.3,B,9,131.6,128.3,9.5,16:50:18,16:59:48,137.8
FARM100014,Farmer_0014,PC003,Hassan Market,2026-02-13,15:00:00,15,4,0,46,41,47,4,Wheat,166.1,A,2,74.4,80.7,8.0,16:20:42,16:28:42,88.7
FARM100316,Farmer_0316,PC001,Mysuru Central,2026-03-20,09:26:00,9,4,0,7,2,5,3,Groundnut,141.8,A,4,4.7,5.0,12.9,09:31:00,09:43:54,17.9
FARM100601,Farmer_0601,PC005,Bengaluru Rural,2026-02-15,14:46:00,14,6,0,44,39,42,5,Tur Dal,195.3,C,9,68.2,68.5,10.0,15:54:30,16:04:30,78.5
FARM100388,Farmer_0388,PC004,Tumakuru Main,2026-04-18,10:38:00,10,5,1,40,38,44,3,Tur Dal,113.5,C,7,134.9,146.2,10.4,13:04:12,13:14:36,156.6
FARM101298,Farmer_1298,PC005,Bengaluru Rural,2026-02-06,15:26:00,15,4,0,3,1,3,5,Maize,433.5,A,10,7.9,8.0,12.2,15:34:00,15:46:12,20.2
FARM100167,Farmer_0167,PC003,Hassan Market,2026-02-06,16:28:00,16,4,0,37,35,37,4,Sugarcane,359.7,A,2,139.3,132.0,16.3,18:40:00,18:56:18,148.3
FARM100841,Farmer_0841,PC001,Mysuru Central,2026-03-29,15:59:00,15,6,0,6,1,6,3,Rice,196.9,B,10,3.0,3.1,11.9,16:02:06,16:14:00,15.0
FARM100021,Farmer_0021,PC004,Tumakuru Main,2026-01-17,14:25:00,14,5,0,5,0,3,4,Wheat,186.1,B,8,3.9,3.7,6.5,14:28:42,14:35:12,10.2
FARM100647,Farmer_0647,PC002,Mandya North,2026-02-16,12:31:00,12,0,1,6,1,4,2,Ragi,255.3,A,4,16.7,15.8,10.4,12:46:48,12:57:12,26.2
FARM101843,Farmer_1843,PC001,Mysuru Central,2026-04-16,09:53:00,9,3,0,46,44,47,3,Cotton,192.8,B,3,179.8,180.0,12.6,12:53:00,13:05:36,192.6
FARM101509,Farmer_1509,PC005,Bengaluru Rural,2026-04-25,11:13:00,11,5,1,38,36,38,5,Tur Dal,264.9,B,7,82.7,80.8,12.0,12:33:48,12:45:48,92.8
FARM101155,Farmer_1155,PC002,Mandya North,2026-01-26,10:05:00,10,0,1,21,20,27,2,Ragi,253.2,A,9,114.7,119.4,10.5,12:04:24,12:14:54,129.9
FARM101529,Farmer_1529,PC004,Tumakuru Main,2026-02-27,08:46:00,8,4,0,46,41,45,4,Maize,248.1,A,1,137.4,126.0,11.5,10:52:00,11:03:30,137.5
FARM100832,Farmer_0832,PC003,Hassan Market,2026-03-25,08:08:00,8,2,0,32,27,29,5,Sugarcane,221.2,C,8,64.9,66.8,14.4,09:14:48,09:29:12,81.2
FARM101268,Farmer_1268,PC001,Mysuru Central,2026-01-13,12:38:00,12,1,1,13,8,13,3,Cotton,225.3,B,10,45.8,42.7,13.9,13:20:42,13:34:36,56.6
FARM101591,Farmer_1591,PC001,Mysuru Central,2026-03-02,10:15:00,10,0,1,20,15,17,3,Maize,128.5,C,2,68.1,62.6,11.2,11:17:36,11:28:48,73.8
FARM101900,Farmer_1900,PC001,Mysuru Central,2026-01-11,14:23:00,14,6,0,1,0,3,3,Tur Dal,286.1,C,4,1.0,1.0,17.8,14:24:00,14:41:48,18.8
FARM100563,Farmer_0563,PC001,Mysuru Central,2026-01-05,16:56:00,16,0,0,15,11,12,2,Sugarcane,410.7,B,8,102.2,97.7,17.0,18:33:42,18:50:42,114.7
FARM101952,Farmer_1952,PC003,Hassan Market,2026-02-03,13:37:00,13,1,1,21,17,20,4,Wheat,298.2,A,10,37.2,36.3,7.8,14:13:18,14:21:06,44.1
FARM100687,Farmer_0687,PC001,Mysuru Central,2026-01-26,14:13:00,14,0,0,4,2,8,3,Rice,204.2,B,8,9.9,10.1,11.6,14:23:06,14:34:42,21.7
FARM100958,Farmer_0958,PC002,Mandya North,2026-02-20,10:51:00,10,4,1,4,3,6,3,Cotton,499.7,C,8,32.2,29.3,18.5,11:20:18,11:38:48,47.8
FARM100190,Farmer_0190,PC003,Hassan Market,2026-01-28,15:18:00,15,2,0,27,26,32,4,Maize,243.5,C,2,74.5,81.5,14.1,16:39:30,16:53:36,95.6
FARM101807,Farmer_1807,PC004,Tumakuru Main,2026-01-05,13:11:00,13,0,1,31,28,29,3,Cotton,273.6,B,10,136.1,137.1,13.3,15:28:06,15:41:24,150.4
FARM100976,Farmer_0976,PC001,Mysuru Central,2026-04-02,10:21:00,10,3,1,49,44,48,3,Tur Dal,221.1,A,3,192.6,180.0,13.2,13:21:00,13:34:12,193.2
FARM100700,Farmer_0700,PC001,Mysuru Central,2026-04-17,16:12:00,16,4,0,8,7,14,3,Ragi,199.1,A,4,21.6,23.6,10.8,16:35:36,16:46:24,34.4
FARM101500,Farmer_1500,PC003,Hassan Market,2026-04-20,15:30:00,15,0,0,48,43,48,3,Rice,434.1,C,2,171.9,180.0,15.5,18:30:00,18:45:30,195.5
FARM101706,Farmer_1706,PC002,Mandya North,2026-01-08,13:27:00,13,3,1,34,29,32,2,Maize,351.1,C,8,185.1,180.0,14.5,16:27:00,16:41:30,194.5
FARM100511,Farmer_0511,PC004,Tumakuru Main,2026-01-17,15:47:00,15,5,0,41,37,41,3,Maize,296.4,C,2,171.8,180.0,15.0,18:47:00,19:02:00,195.0
FARM101083,Farmer_1083,PC004,Tumakuru Main,2026-01-29,10:39:00,10,3,1,4,0,1,2,Rice,296.0,C,8,3.0,3.1,12.9,10:42:06,10:55:00,16.0
FARM100475,Farmer_0475,PC004,Tumakuru Main,2026-04-16,15:08:00,15,3,0,32,28,35,3,Sugarcane,244.4,C,10,173.0,180.0,18.9,18:08:00,18:26:54,198.9
FARM101585,Farmer_1585,PC004,Tumakuru Main,2026-02-02,15:39:00,15,0,0,17,14,17,3,Sugarcane,336.8,A,1,74.9,82.9,16.0,17:01:54,17:17:54,98.9
FARM100857,Farmer_0857,PC001,Mysuru Central,2026-03-07,16:47:00,16,5,0,27,23,26,3,Groundnut,430.7,C,6,119.6,121.7,16.0,18:48:42,19:04:42,137.7
FARM100748,Farmer_0748,PC001,Mysuru Central,2026-01-25,10:58:00,10,6,1,20,17,18,3,Sugarcane,427.0,B,5,108.9,112.4,18.4,12:50:24,13:08:48,130.8
FARM100253,Farmer_0253,PC001,Mysuru Central,2026-02-24,10:09:00,10,1,1,41,37,42,3,Maize,306.8,C,3,183.2,180.0,16.3,13:09:00,13:25:18,196.3
FARM100022,Farmer_0022,PC005,Bengaluru Rural,2026-02-25,10:20:00,10,2,1,27,24,26,5,Cotton,221.8,A,4,59.5,62.8,14.5,11:22:48,11:37:18,77.3
FARM101338,Farmer_1338,PC003,Hassan Market,2026-01-07,08:32:00,8,2,0,42,37,40,4,Rice,40.0,B,4,74.0,77.1,9.0,09:49:06,09:58:06,86.1
FARM100460,Farmer_0460,PC002,Mandya North,2026-02-04,13:41:00,13,2,1,20,15,22,1,Ragi,336.3,A,10,163.5,180.0,11.0,16:41:00,16:52:00,191.0
FARM101185,Farmer_1185,PC004,Tumakuru Main,2026-03-04,15:07:00,15,2,0,5,0,4,3,Maize,408.1,A,10,1.0,1.0,11.3,15:08:00,15:19:18,12.3
FARM100277,Farmer_0277,PC002,Mandya North,2026-03-08,12:41:00,12,6,1,10,9,15,2,Groundnut,355.6,B,6,80.6,78.3,14.3,13:59:18,14:13:36,92.6
FARM100956,Farmer_0956,PC001,Mysuru Central,2026-01-28,15:22:00,15,2,0,21,19,24,3,Maize,166.2,A,3,61.3,64.8,10.5,16:26:48,16:37:18,75.3
FARM101216,Farmer_1216,PC003,Hassan Market,2026-02-13,16:27:00,16,4,0,35,34,37,4,Sugarcane,142.6,B,8,118.3,124.0,15.6,18:31:00,18:46:36,139.6
FARM100386,Farmer_0386,PC004,Tumakuru Main,2026-02-09,12:14:00,12,0,1,17,15,22,3,Wheat,118.9,A,1,39.8,42.6,7.2,12:56:36,13:03:48,49.8
FARM100806,Farmer_0806,PC003,Hassan Market,2026-01-27,16:25:00,16,1,0,45,40,44,5,Maize,326.3,A,1,81.6,81.1,10.8,17:46:06,17:56:54,91.9
FARM101438,Farmer_1438,PC003,Hassan Market,2026-03-13,15:22:00,15,4,0,10,6,11,4,Ragi,402.0,C,4,19.8,20.7,17.6,15:42:42,16:00:18,38.3
FARM101516,Farmer_1516,PC002,Mandya North,2026-01-25,09:31:00,9,6,0,11,8,9,1,Groundnut,187.7,A,2,91.7,100.6,11.7,11:11:36,11:23:18,112.3
FARM100344,Farmer_0344,PC002,Mandya North,2026-02-20,12:39:00,12,4,1,11,7,9,1,Ragi,315.2,B,10,82.7,90.8,11.2,14:09:48,14:21:00,102.0
FARM100770,Farmer_0770,PC002,Mandya North,2026-01-11,09:25:00,9,6,0,45,41,43,1,Groundnut,369.3,B,10,175.3,180.0,15.1,12:25:00,12:40:06,195.1
FARM101333,Farmer_1333,PC001,Mysuru Central,2026-04-16,11:43:00,11,3,1,5,1,5,2,Rice,231.6,C,10,13.3,13.3,12.4,11:56:18,12:08:42,25.7
FARM101686,Farmer_1686,PC002,Mandya North,2026-02-11,15:47:00,15,2,0,12,10,11,2,Maize,294.7,B,2,68.6,68.8,12.4,16:55:48,17:08:12,81.2
FARM100131,Farmer_0131,PC003,Hassan Market,2026-02-25,12:12:00,12,2,1,31,27,28,4,Maize,403.8,A,4,70.6,75.8,10.0,13:27:48,13:37:48,85.8
FARM101688,Farmer_1688,PC005,Bengaluru Rural,2026-02-11,15:08:00,15,2,0,18,13,20,4,Rice,191.0,C,1,41.1,40.3,13.6,15:48:18,16:01:54,53.9
FARM100872,Farmer_0872,PC004,Tumakuru Main,2026-02-15,12:58:00,12,6,1,11,10,14,3,Wheat,318.4,A,7,37.1,35.9,8.8,13:33:54,13:42:42,44.7
FARM101124,Farmer_1124,PC002,Mandya North,2026-03-22,12:14:00,12,6,1,21,17,20,1,Sugarcane,243.7,A,5,178.3,180.0,14.5,15:14:00,15:28:30,194.5
FARM101397,Farmer_1397,PC004,Tumakuru Main,2026-01-11,12:04:00,12,6,1,22,17,19,3,Sugarcane,260.9,C,10,111.3,106.1,16.9,13:50:06,14:07:00,123.0
FARM100088,Farmer_0088,PC004,Tumakuru Main,2026-02-06,13:39:00,13,4,1,32,27,31,2,Ragi,331.0,B,4,194.1,180.0,12.4,16:39:00,16:51:24,192.4
FARM101483,Farmer_1483,PC003,Hassan Market,2026-04-27,09:35:00,9,0,0,32,31,32,4,Rice,330.9,B,1,80.5,86.6,11.1,11:01:36,11:12:42,97.7
FARM100331,Farmer_0331,PC002,Mandya North,2026-02-16,16:25:00,16,0,0,7,3,6,2,Wheat,593.0,C,7,27.8,29.1,15.0,16:54:06,17:09:06,44.1
FARM101239,Farmer_1239,PC003,Hassan Market,2026-02-21,12:49:00,12,5,1,47,45,50,4,Tur Dal,168.9,B,8,129.5,120.2,11.1,14:49:12,15:00:18,131.3
FARM100467,Farmer_0467,PC001,Mysuru Central,2026-02-25,09:26:00,9,2,0,32,28,34,3,Maize,401.9,A,4,131.5,130.1,13.9,11:36:06,11:50:00,144.0
FARM100122,Farmer_0122,PC005,Bengaluru Rural,2026-04-05,09:30:00,9,6,0,15,13,20,4,Tur Dal,426.1,C,9,42.9,46.4,15.8,10:16:24,10:32:12,62.2
FARM101639,Farmer_1639,PC001,Mysuru Central,2026-01-21,15:26:00,15,2,0,37,33,36,2,Ragi,67.6,A,3,115.8,114.0,6.8,17:20:00,17:26:48,120.8
FARM101045,Farmer_1045,PC001,Mysuru Central,2026-03-23,15:53:00,15,0,0,8,7,9,3,Wheat,303.1,B,2,27.8,27.8,12.0,16:20:48,16:32:48,39.8
FARM101725,Farmer_1725,PC004,Tumakuru Main,2026-04-25,16:13:00,16,5,0,27,23,25,3,Sugarcane,273.9,C,10,114.2,122.4,14.7,18:15:24,18:30:06,137.1
FARM101096,Farmer_1096,PC005,Bengaluru Rural,2026-02-05,13:59:00,13,3,1,19,14,15,4,Wheat,410.3,A,7,44.8,48.2,13.2,14:47:12,15:00:24,61.4
FARM101131,Farmer_1131,PC005,Bengaluru Rural,2026-02-22,11:25:00,11,6,1,47,43,47,5,Groundnut,354.4,B,2,126.6,122.0,15.9,13:27:00,13:42:54,137.9
FARM101295,Farmer_1295,PC002,Mandya North,2026-04-22,14:38:00,14,2,0,39,37,41,3,Sugarcane,514.6,C,2,174.5,180.0,18.6,17:38:00,17:56:36,198.6
FARM100861,Farmer_0861,PC002,Mandya North,2026-04-08,15:29:00,15,2,0,15,14,18,2,Cotton,86.6,B,3,113.1,103.3,14.0,17:12:18,17:26:18,117.3
FARM101460,Farmer_1460,PC004,Tumakuru Main,2026-04-21,10:17:00,10,1,1,17,16,17,3,Wheat,508.4,A,8,70.6,78.3,12.0,11:35:18,11:47:18,90.3
FARM101127,Farmer_1127,PC004,Tumakuru Main,2026-01-01,15:41:00,15,3,0,43,38,41,4,Groundnut,116.1,B,7,129.3,122.5,12.5,17:43:30,17:56:00,135.0
